역명,시간대,승차,하차
4.19민주묘지,0,4.5,21.0
4.19민주묘지,4,0.1,0.0
4.19민주묘지,5,60.8,24.3
4.19민주묘지,6,124.1,47.3
4.19민주묘지,7,295.0,70.6
4.19민주묘지,8,337.6,159.2
4.19민주묘지,9,244.5,143.4
4.19민주묘지,10,190.1,151.8
4.19민주묘지,11,185.4,164.0
4.19민주묘지,12,192.4,163.2
4.19민주묘지,13,201.0,156.3
4.19민주묘지,14,182.6,157.8
4.19민주묘지,15,204.1,173.6
4.19민주묘지,16,206.4,192.8
4.19민주묘지,17,171.4,207.8
4.19민주묘지,18,141.3,261.4
4.19민주묘지,19,102.3,245.6
4.19민주묘지,20,86.1,152.4
4.19민주묘지,21,64.3,139.3
4.19민주묘지,22,38.5,111.4
4.19민주묘지,23,19.4,85.7
가능,0,6.4,79.1
가능,4,28.2,0.3
가능,5,268.0,55.1
가능,6,382.5,114.3
가능,7,771.1,259.5
가능,8,652.0,443.5
가능,9,414.5,251.9
가능,10,390.9,213.3
가능,11,378.3,238.7
가능,12,367.1,256.4
가능,13,325.1,281.6
가능,14,285.4,251.4
가능,15,303.2,338.8
가능,16,336.7,360.1
가능,17,379.5,497.8
가능,18,299.4,598.6
가능,19,180.9,583.7
가능,20,154.2,391.4
가능,21,115.9,298.6
가능,22,76.8,270.1
가능,23,31.7,145.6
가락시장,0,50.5,119.9
가락시장,1,0.0,18.5
가락시장,4,8.8,0.3
가락시장,5,233.4,121.4
가락시장,6,512.8,426.5
가락시장,7,1174.3,903.8
가락시장,8,1243.5,2394.5
가락시장,9,915.5,1105.7
가락시장,10,865.1,766.3
가락시장,11,838.0,775.1
가락시장,12,842.2,751.3
가락시장,13,856.4,816.0
가락시장,14,888.5,785.2
가락시장,15,990.1,876.5
가락시장,16,1092.8,1013.8
가락시장,17,1417.4,1320.1
가락시장,18,1934.3,1641.5
가락시장,19,837.3,1129.6
가락시장,20,724.4,766.9
가락시장,21,673.9,653.7
가락시장,22,506.9,577.4
가락시장,23,215.8,333.8
가산디지털단지,0,56.1,129.3
가산디지털단지,1,0.1,0.0
가산디지털단지,4,64.7,0.8
가산디지털단지,5,410.1,263.6
가산디지털단지,6,654.1,1375.1
가산디지털단지,7,1434.8,6981.1
가산디지털단지,8,1570.4,18342.4
가산디지털단지,9,1102.3,9496.4
가산디지털단지,10,1003.0,2682.0
가산디지털단지,11,1200.5,1643.4
가산디지털단지,12,1531.3,1615.3
가산디지털단지,13,1688.4,1618.7
가산디지털단지,14,1848.2,1446.3
가산디지털단지,15,2377.5,1384.8
가산디지털단지,16,3548.7,1475.8
가산디지털단지,17,9841.1,1813.1
가산디지털단지,18,13993.2,2216.2
가산디지털단지,19,5334.5,1600.7
가산디지털단지,20,2992.4,1051.1
가산디지털단지,21,2301.7,925.8
가산디지털단지,22,1299.3,851.8
가산디지털단지,23,560.7,503.6
가양,0,22.7,177.5
가양,1,0.0,8.2
가양,4,4.3,0.0
가양,5,558.4,56.2
가양,6,1038.9,281.2
가양,7,2672.4,841.4
가양,8,2672.5,1902.3
가양,9,1444.6,1043.0
가양,10,1132.6,672.8
가양,11,1063.3,687.0
가양,12,1115.5,752.6
가양,13,986.5,799.6
가양,14,895.4,864.3
가양,15,946.5,1072.3
가양,16,1112.6,1258.6
가양,17,1338.2,1562.0
가양,18,1682.2,2482.4
가양,19,759.6,2014.9
가양,20,604.2,1239.8
가양,21,460.3,1073.1
가양,22,308.3,968.7
가양,23,129.7,579.4
가오리,0,5.5,30.5
가오리,4,0.7,0.0
가오리,5,95.3,17.7
가오리,6,211.8,60.3
가오리,7,555.1,112.6
가오리,8,567.9,221.8
가오리,9,387.0,178.9
가오리,10,276.5,173.9
가오리,11,266.1,181.0
가오리,12,256.2,202.5
가오리,13,243.3,226.4
가오리,14,190.9,211.9
가오리,15,217.3,276.4
가오리,16,228.8,328.7
가오리,17,213.0,358.6
가오리,18,173.6,462.3
가오리,19,139.5,423.6
가오리,20,94.4,253.0
가오리,21,65.4,224.1
가오리,22,42.5,180.7
가오리,23,19.3,98.5
가좌,0,0.8,18.3
가좌,4,0.9,0.0
가좌,5,112.2,7.4
가좌,6,301.6,88.9
가좌,7,818.0,151.8
가좌,8,871.0,344.0
가좌,9,419.0,228.6
가좌,10,308.5,186.9
가좌,11,282.4,181.5
가좌,12,294.7,235.9
가좌,13,262.6,256.1
가좌,14,253.8,252.7
가좌,15,255.5,264.5
가좌,16,286.6,389.5
가좌,17,313.1,532.5
가좌,18,296.0,767.7
가좌,19,179.5,486.6
가좌,20,144.0,344.0
가좌,21,111.3,271.7
가좌,22,91.5,206.5
가좌,23,34.6,164.5
가천대,0,3.0,32.4
가천대,4,0.8,0.0
가천대,5,154.0,30.6
가천대,6,289.4,115.0
가천대,7,665.9,190.3
가천대,8,872.0,565.8
가천대,9,607.6,366.1
가천대,10,386.3,278.2
가천대,11,338.1,267.4
가천대,12,381.5,317.2
가천대,13,398.5,367.6
가천대,14,353.3,313.4
가천대,15,458.5,344.5
가천대,16,637.5,392.8
가천대,17,607.0,519.9
가천대,18,487.2,738.5
가천대,19,246.4,596.5
가천대,20,172.1,505.2
가천대,21,145.3,548.2
가천대,22,122.8,571.2
가천대,23,65.7,426.2
가평,0,0.7,13.1
가평,4,0.0,0.0
가평,5,30.6,6.1
가평,6,59.7,39.2
가평,7,144.0,84.6
가평,8,149.7,224.6
가평,9,124.9,173.8
가평,10,169.8,188.3
가평,11,315.2,210.6
가평,12,197.5,196.5
가평,13,133.9,214.8
가평,14,135.4,156.8
가평,15,122.3,140.8
가평,16,168.0,101.4
가평,17,168.5,112.7
가평,18,170.1,146.6
가평,19,90.1,111.8
가평,20,65.2,83.9
가평,21,37.0,70.6
가평,22,20.9,69.2
가평,23,8.0,45.9
간석,0,4.5,61.5
간석,4,13.7,0.2
간석,5,214.2,36.1
간석,6,389.7,82.3
간석,7,710.4,156.9
간석,8,654.7,300.4
간석,9,377.2,163.0
간석,10,318.5,181.6
간석,11,308.5,189.7
간석,12,307.5,208.8
간석,13,284.8,250.2
간석,14,258.6,259.5
간석,15,267.7,286.5
간석,16,281.5,357.6
간석,17,299.1,479.7
간석,18,309.0,624.7
간석,19,170.3,557.7
간석,20,134.9,342.8
간석,21,106.7,278.7
간석,22,70.3,263.4
간석,23,36.8,163.5
갈매,0,0.3,15.5
갈매,4,1.0,0.0
갈매,5,66.5,22.6
갈매,6,146.5,48.4
갈매,7,437.8,108.1
갈매,8,356.2,161.9
갈매,9,193.8,73.3
갈매,10,130.9,96.3
갈매,11,96.5,63.1
갈매,12,114.0,64.4
갈매,13,103.3,95.2
갈매,14,96.1,76.7
갈매,15,96.8,127.1
갈매,16,117.8,110.5
갈매,17,137.3,222.3
갈매,18,161.5,339.4
갈매,19,72.2,285.0
갈매,20,54.6,119.3
갈매,21,72.9,95.3
갈매,22,52.9,101.4
갈매,23,19.9,47.1
강남,0,424.4,206.4
강남,1,0.1,2.3
강남,4,2.4,0.1
강남,5,256.4,390.4
강남,6,618.9,1814.3
강남,7,1402.6,5324.4
강남,8,2189.7,10866.0
강남,9,1804.6,11345.6
강남,10,1882.1,5255.6
강남,11,2525.3,3510.4
강남,12,3115.7,3439.1
강남,13,3663.6,3913.5
강남,14,4037.4,3516.2
강남,15,4903.6,3279.6
강남,16,5821.6,3600.3
강남,17,9010.6,4577.8
강남,18,11396.2,5857.0
강남,19,7602.5,3375.4
강남,20,5955.5,1981.8
강남,21,6258.2,1728.3
강남,22,5396.5,1422.7
강남,23,2395.4,738.5
강남구청,0,57.9,69.4
강남구청,4,1.5,0.0
강남구청,5,109.9,88.3
강남구청,6,222.0,809.3
강남구청,7,497.5,1892.8
강남구청,8,664.4,5398.3
강남구청,9,626.8,4834.5
강남구청,10,602.8,2172.4
강남구청,11,729.0,1328.0
강남구청,12,872.0,1235.6
강남구청,13,1008.9,1322.8
강남구청,14,1162.1,1126.0
강남구청,15,1415.2,1053.1
강남구청,16,1732.5,1047.8
강남구청,17,2895.4,1221.4
강남구청,18,4547.1,1406.3
강남구청,19,2628.6,879.3
강남구청,20,1585.7,552.3
강남구청,21,1413.8,431.1
강남구청,22,976.0,390.8
강남구청,23,390.0,222.9
강남대,0,24.7,24.1
강남대,1,31.8,22.4
강남대,2,0.0,1.5
강남대,4,26.5,23.7
강남대,5,313.4,216.4
강남대,6,959.8,362.7
강남대,7,1521.8,545.0
강남대,8,1158.5,349.3
강남대,9,698.1,186.5
강남대,10,469.7,189.4
강남대,11,453.3,249.6
강남대,12,399.7,288.6
강남대,13,327.6,320.5
강남대,14,283.3,408.5
강남대,15,365.7,551.3
강남대,16,455.7,702.0
강남대,17,578.9,1241.6
강남대,18,383.7,1245.8
강남대,19,164.8,658.0
강남대,20,146.4,557.1
강남대,21,127.4,519.0
강남대,22,42.7,246.8
강남대,23,3.9,27.9
강동,0,24.1,204.5
강동,4,5.5,0.0
강동,5,422.2,49.3
강동,6,724.3,388.7
강동,7,1930.0,987.6
강동,8,2363.2,1662.7
강동,9,1273.5,1023.3
강동,10,913.2,674.2
강동,11,844.9,631.4
강동,12,924.7,687.1
강동,13,852.8,838.5
강동,14,835.0,748.3
강동,15,905.4,849.1
강동,16,1099.7,963.5
강동,17,1434.3,1221.9
강동,18,1374.1,1944.5
강동,19,698.1,1402.9
강동,20,530.1,986.5
강동,21,447.2,907.6
강동,22,306.6,795.5
강동,23,126.7,488.3
강동구청,0,15.3,63.0
강동구청,4,1.6,0.0
강동구청,5,189.9,29.5
강동구청,6,422.6,215.3
강동구청,7,1003.1,577.0
강동구청,8,1254.2,1223.2
강동구청,9,791.1,578.4
강동구청,10,564.1,416.6
강동구청,11,505.2,361.9
강동구청,12,513.0,414.7
강동구청,13,490.5,484.5
강동구청,14,478.6,456.3
강동구청,15,519.2,557.1
강동구청,16,564.1,643.4
강동구청,17,738.9,826.6
강동구청,18,989.2,1156.8
강동구청,19,383.9,813.4
강동구청,20,292.8,546.2
강동구청,21,259.1,479.9
강동구청,22,173.8,403.7
강동구청,23,63.5,230.9
강매,0,0.2,33.1
강매,5,90.1,10.8
강매,6,254.8,35.9
강매,7,613.0,44.0
강매,8,545.5,120.5
강매,9,273.3,41.7
강매,10,177.3,46.0
강매,11,139.3,44.1
강매,12,130.9,60.3
강매,13,113.9,73.3
강매,14,89.3,82.2
강매,15,92.1,119.0
강매,16,103.6,162.6
강매,17,97.8,217.7
강매,18,113.5,395.3
강매,19,41.9,330.1
강매,20,32.3,211.4
강매,21,23.7,186.1
강매,22,15.1,155.8
강매,23,6.5,99.5
강변,0,31.1,132.2
강변,1,0.0,3.4
강변,4,1.1,0.1
강변,5,293.1,59.4
강변,6,758.5,619.0
강변,7,2216.3,714.5
강변,8,3265.3,1336.3
강변,9,2464.9,1149.2
강변,10,1991.2,1025.8
강변,11,1720.2,1009.5
강변,12,1471.6,1156.4
강변,13,1398.3,1277.7
강변,14,1326.7,1425.9
강변,15,1435.5,1661.7
강변,16,1545.5,1818.2
강변,17,1730.1,2282.4
강변,18,1788.1,3019.1
강변,19,1186.2,2054.6
강변,20,952.0,1466.8
강변,21,795.5,1212.8
강변,22,509.8,1013.5
강변,23,186.5,523.7
강일,0,5.4,59.4
강일,4,0.0,0.0
강일,5,96.6,44.0
강일,6,323.3,117.5
강일,7,966.8,216.7
강일,8,813.1,305.1
강일,9,492.2,167.3
강일,10,385.2,147.2
강일,11,312.5,153.1
강일,12,307.9,217.1
강일,13,283.5,197.1
강일,14,242.9,231.5
강일,15,272.9,301.5
강일,16,303.3,305.0
강일,17,324.9,487.9
강일,18,334.2,640.8
강일,19,150.1,627.9
강일,20,104.3,390.0
강일,21,69.5,354.1
강일,22,61.0,326.7
강일,23,19.0,193.8
개롱,0,3.3,54.6
개롱,4,0.1,0.0
개롱,5,133.1,23.1
개롱,6,330.6,100.8
개롱,7,718.6,269.4
개롱,8,703.1,532.7
개롱,9,438.9,314.8
개롱,10,358.9,237.0
개롱,11,326.3,236.9
개롱,12,370.3,239.1
개롱,13,329.2,298.8
개롱,14,294.4,312.3
개롱,15,319.1,332.5
개롱,16,416.3,431.6
개롱,17,424.6,536.8
개롱,18,429.1,708.1
개롱,19,222.5,620.9
개롱,20,159.9,348.2
개롱,21,140.3,300.7
개롱,22,80.8,332.5
개롱,23,28.4,165.7
개봉,0,1.4,49.7
개봉,4,47.7,0.3
개봉,5,647.9,169.6
개봉,6,1478.0,387.7
개봉,7,3388.7,528.0
개봉,8,3085.4,838.7
개봉,9,1776.2,704.8
개봉,10,1262.5,614.1
개봉,11,1105.0,712.8
개봉,12,1106.1,780.8
개봉,13,1008.0,898.5
개봉,14,896.0,916.6
개봉,15,929.5,1217.5
개봉,16,990.4,1575.7
개봉,17,1055.6,2122.2
개봉,18,1011.5,3274.7
개봉,19,644.4,2337.5
개봉,20,519.9,1389.8
개봉,21,424.6,1303.9
개봉,22,353.8,1097.4
개봉,23,123.8,614.1
개포동,0,1.4,3.5
개포동,4,0.6,0.0
개포동,5,32.0,16.5
개포동,6,119.1,133.7
개포동,7,311.8,217.1
개포동,8,353.3,317.2
개포동,9,247.8,222.4
개포동,10,195.3,172.2
개포동,11,188.6,138.0
개포동,12,206.5,166.2
개포동,13,201.8,183.2
개포동,14,205.3,181.0
개포동,15,227.1,213.3
개포동,16,283.4,241.5
개포동,17,272.7,303.0
개포동,18,282.1,386.9
개포동,19,158.9,297.5
개포동,20,135.8,189.4
개포동,21,128.1,173.3
개포동,22,112.6,151.6
개포동,23,38.7,84.2
개화,0,3.6,12.5
개화,1,0.0,0.9
개화,3,0.1,0.0
개화,4,0.7,0.2
개화,5,75.2,12.1
개화,6,229.6,80.2
개화,7,409.3,109.4
개화,8,294.6,156.7
개화,9,123.6,83.3
개화,10,94.1,67.6
개화,11,80.2,72.5
개화,12,73.9,64.2
개화,13,77.5,66.5
개화,14,82.5,83.8
개화,15,92.8,87.0
개화,16,138.9,81.0
개화,17,189.4,115.8
개화,18,183.6,184.6
개화,19,86.5,144.0
개화,20,57.1,78.3
개화,21,51.3,60.3
개화,22,21.2,62.2
개화,23,10.8,38.4
개화산,0,3.2,52.2
개화산,1,0.0,2.1
개화산,4,0.2,0.1
개화산,5,162.5,5.3
개화산,6,318.2,117.7
개화산,7,765.8,233.2
개화산,8,761.2,471.4
개화산,9,438.5,229.9
개화산,10,312.0,193.0
개화산,11,301.2,202.6
개화산,12,314.6,230.7
개화산,13,294.1,250.4
개화산,14,250.3,244.2
개화산,15,260.5,295.2
개화산,16,297.8,343.3
개화산,17,410.9,442.1
개화산,18,410.7,636.2
개화산,19,187.0,534.2
개화산,20,144.7,340.3
개화산,21,111.1,331.2
개화산,22,74.7,298.1
개화산,23,27.2,164.7
거여,0,5.6,98.6
거여,4,0.4,0.0
거여,5,248.5,20.5
거여,6,597.1,130.8
거여,7,1441.0,312.6
거여,8,1397.9,638.0
거여,9,758.8,371.9
거여,10,531.3,267.5
거여,11,472.5,280.3
거여,12,490.4,304.7
거여,13,451.0,413.5
거여,14,399.6,384.7
거여,15,433.7,496.2
거여,16,482.4,644.5
거여,17,540.5,790.9
거여,18,515.7,1307.1
거여,19,261.0,1085.2
거여,20,190.5,580.0
거여,21,170.7,521.6
거여,22,118.1,553.1
거여,23,39.5,289.2
건대입구,0,296.4,500.0
건대입구,1,0.4,40.9
건대입구,4,11.6,0.6
건대입구,5,596.5,109.5
건대입구,6,937.4,843.8
건대입구,7,2355.9,1515.0
건대입구,8,3722.8,3174.5
건대입구,9,2736.2,2851.0
건대입구,10,1902.7,2353.4
건대입구,11,1878.1,2398.6
건대입구,12,2217.0,2725.9
건대입구,13,2427.1,2984.3
건대입구,14,2539.0,2829.9
건대입구,15,2963.0,3037.4
건대입구,16,3371.7,3403.6
건대입구,17,4061.7,4444.8
건대입구,18,4183.4,6129.0
건대입구,19,3146.8,4243.4
건대입구,20,3263.3,2742.5
건대입구,21,3195.8,2550.8
건대입구,22,2970.4,2291.5
건대입구,23,1718.5,1322.2
걸포북변,0,0.0,0.9
걸포북변,5,7.2,6.6
걸포북변,6,106.0,10.4
걸포북변,7,177.3,15.7
걸포북변,8,98.2,26.7
걸포북변,9,36.4,20.8
걸포북변,10,24.5,15.2
걸포북변,11,19.1,16.1
걸포북변,12,17.7,20.1
걸포북변,13,17.2,17.7
걸포북변,14,15.5,27.0
걸포북변,15,17.5,34.3
걸포북변,16,18.5,53.2
걸포북변,17,23.9,120.0
걸포북변,18,17.1,142.0
걸포북변,19,8.5,41.6
걸포북변,20,8.1,29.5
걸포북변,21,7.8,21.0
걸포북변,22,4.9,6.7
검암,0,6.2,158.1
검암,4,52.9,0.1
검암,5,285.0,18.6
검암,6,476.3,71.8
검암,7,1073.7,235.2
검암,8,727.1,559.9
검암,9,385.8,150.3
검암,10,279.7,106.1
검암,11,281.5,100.7
검암,12,266.7,126.7
검암,13,216.3,144.5
검암,14,196.3,172.6
검암,15,208.7,214.0
검암,16,237.3,288.8
검암,17,290.9,441.3
검암,18,417.3,798.6
검암,19,137.0,696.5
검암,20,111.3,417.1
검암,21,82.8,389.5
검암,22,64.3,440.6
검암,23,37.8,260.9
경기광주,0,2.5,3.3
경기광주,5,142.2,8.1
경기광주,6,686.5,99.0
경기광주,7,1552.4,232.4
경기광주,8,1512.6,285.4
경기광주,9,718.6,165.4
경기광주,10,484.8,158.9
경기광주,11,412.7,182.7
경기광주,12,378.1,224.6
경기광주,13,330.0,243.5
경기광주,14,291.5,305.0
경기광주,15,281.2,365.4
경기광주,16,344.4,513.8
경기광주,17,340.6,748.8
경기광주,18,296.0,1274.6
경기광주,19,147.5,1112.7
경기광주,20,117.4,658.7
경기광주,21,84.3,533.1
경기광주,22,61.7,426.4
경기광주,23,19.9,208.9
경기도청북부청사,0,14.8,21.5
경기도청북부청사,1,0.6,0.7
경기도청북부청사,4,118.3,7.0
경기도청북부청사,5,406.7,70.6
경기도청북부청사,6,1159.5,122.6
경기도청북부청사,7,1640.7,245.8
경기도청북부청사,8,955.2,183.0
경기도청북부청사,9,543.9,145.5
경기도청북부청사,10,354.9,153.9
경기도청북부청사,11,331.5,184.0
경기도청북부청사,12,273.5,218.5
경기도청북부청사,13,216.7,247.9
경기도청북부청사,14,221.3,368.6
경기도청북부청사,15,225.9,458.2
경기도청북부청사,16,224.6,707.4
경기도청북부청사,17,270.3,1182.4
경기도청북부청사,18,181.2,1308.6
경기도청북부청사,19,69.4,661.2
경기도청북부청사,20,70.3,483.2
경기도청북부청사,21,23.7,407.4
경기도청북부청사,22,13.7,138.5
경기도청북부청사,23,0.6,1.0
경마공원,0,1.0,3.0
경마공원,1,0.0,0.0
경마공원,4,0.1,0.1
경마공원,5,11.3,21.4
경마공원,6,40.8,102.6
경마공원,7,63.4,147.7
경마공원,8,85.0,423.5
경마공원,9,73.6,1031.7
경마공원,10,76.5,986.6
경마공원,11,93.1,540.6
경마공원,12,101.6,512.8
경마공원,13,146.7,434.0
경마공원,14,213.3,286.3
경마공원,15,364.4,169.5
경마공원,16,568.1,108.1
경마공원,17,975.2,76.2
경마공원,18,1898.5,78.0
경마공원,19,233.4,51.3
경마공원,20,59.2,35.9
경마공원,21,28.6,32.3
경마공원,22,30.7,32.0
경마공원,23,7.8,16.4
경복궁,0,37.1,50.0
경복궁,1,0.1,1.2
경복궁,4,0.8,0.1
경복궁,5,75.2,60.0
경복궁,6,212.6,588.6
경복궁,7,474.4,1491.5
경복궁,8,733.2,4529.5
경복궁,9,695.4,2726.3
경복궁,10,694.3,1831.0
경복궁,11,932.6,1825.2
경복궁,12,1163.0,1639.4
경복궁,13,1393.5,1624.2
경복궁,14,1574.1,1353.9
경복궁,15,1909.5,1215.8
경복궁,16,2177.5,1149.2
경복궁,17,2996.6,1172.2
경복궁,18,3951.7,1199.4
경복궁,19,1635.7,748.5
경복궁,20,1423.5,445.2
경복궁,21,1257.5,383.5
경복궁,22,821.8,326.2
경복궁,23,302.2,180.6
경인교대입구,0,15.4,21.2
경인교대입구,1,0.8,0.0
경인교대입구,4,0.8,0.0
경인교대입구,5,127.7,69.7
경인교대입구,6,372.5,84.1
경인교대입구,7,717.5,179.9
경인교대입구,8,460.9,136.1
경인교대입구,9,204.9,104.0
경인교대입구,10,169.9,89.7
경인교대입구,11,150.7,105.7
경인교대입구,12,138.9,102.3
경인교대입구,13,117.7,114.8
경인교대입구,14,108.0,159.9
경인교대입구,15,119.0,210.2
경인교대입구,16,168.5,289.6
경인교대입구,17,191.2,478.7
경인교대입구,18,146.0,538.8
경인교대입구,19,63.8,245.2
경인교대입구,20,41.3,174.4
경인교대입구,21,35.4,168.9
경인교대입구,22,21.2,89.1
경인교대입구,23,0.0,9.8
경찰병원,0,4.6,45.2
경찰병원,4,0.1,0.0
경찰병원,5,115.7,9.8
경찰병원,6,296.8,122.7
경찰병원,7,812.7,358.2
경찰병원,8,856.7,994.6
경찰병원,9,529.1,584.4
경찰병원,10,407.0,324.7
경찰병원,11,379.3,251.3
경찰병원,12,380.7,302.8
경찰병원,13,350.4,342.6
경찰병원,14,372.8,309.7
경찰병원,15,375.9,322.4
경찰병원,16,372.5,349.5
경찰병원,17,600.2,537.7
경찰병원,18,674.6,762.4
경찰병원,19,249.6,565.5
경찰병원,20,199.1,363.2
경찰병원,21,176.7,306.8
경찰병원,22,108.3,284.3
경찰병원,23,32.0,165.6
계산,0,34.0,51.3
계산,1,1.4,0.0
계산,4,15.2,7.6
계산,5,280.5,126.9
계산,6,702.7,162.3
계산,7,1281.7,324.9
계산,8,839.6,249.0
계산,9,410.3,187.5
계산,10,333.5,179.5
계산,11,298.9,204.3
계산,12,273.6,201.3
계산,13,245.8,236.9
계산,14,219.2,313.8
계산,15,230.3,408.1
계산,16,315.0,561.1
계산,17,365.0,877.7
계산,18,273.3,990.8
계산,19,130.5,479.3
계산,20,92.3,351.9
계산,21,64.8,328.9
계산,22,45.9,184.2
계산,23,0.6,26.6
계양,0,8.4,105.9
계양,4,1.7,0.0
계양,5,357.8,20.4
계양,6,838.6,82.8
계양,7,1681.7,133.5
계양,8,1269.2,177.7
계양,9,829.9,152.7
계양,10,568.3,140.4
계양,11,504.5,155.2
계양,12,461.2,199.0
계양,13,392.1,250.0
계양,14,328.2,327.0
계양,15,318.3,412.5
계양,16,347.1,592.8
계양,17,320.6,891.0
계양,18,246.5,1390.9
계양,19,178.2,1180.3
계양,20,131.9,803.8
계양,21,106.9,722.8
계양,22,62.5,698.1
계양,23,32.3,424.7
고덕,0,11.8,78.6
고덕,1,0.0,4.3
고덕,4,0.3,0.0
고덕,5,151.8,62.8
고덕,6,379.3,221.7
고덕,7,937.6,610.5
고덕,8,806.1,754.8
고덕,9,584.0,556.9
고덕,10,543.9,514.4
고덕,11,597.0,405.2
고덕,12,595.1,457.7
고덕,13,518.2,609.2
고덕,14,571.4,526.5
고덕,15,666.8,555.9
고덕,16,732.0,621.4
고덕,17,849.0,617.4
고덕,18,657.3,952.5
고덕,19,374.9,790.2
고덕,20,312.2,422.2
고덕,21,301.5,406.0
고덕,22,292.6,382.8
고덕,23,71.4,198.5
고려대,0,15.0,88.0
고려대,1,0.0,1.5
고려대,4,1.8,0.0
고려대,5,126.6,35.5
고려대,6,266.6,165.3
고려대,7,717.9,396.8
고려대,8,873.9,834.1
고려대,9,478.7,558.6
고려대,10,373.0,287.6
고려대,11,356.6,253.3
고려대,12,395.7,277.9
고려대,13,440.6,351.7
고려대,14,364.6,304.7
고려대,15,429.3,331.3
고려대,16,670.3,381.4
고려대,17,705.4,479.4
고려대,18,628.3,754.2
고려대,19,307.0,563.2
고려대,20,243.0,395.6
고려대,21,230.5,389.8
고려대,22,176.0,394.8
고려대,23,87.5,288.9
고색,0,0.1,68.5
고색,4,25.7,0.1
고색,5,130.1,19.2
고색,6,344.7,134.0
고색,7,692.3,691.9
고색,8,521.7,748.1
고색,9,274.6,176.5
고색,10,183.2,106.7
고색,11,196.0,129.3
고색,12,206.1,143.9
고색,13,182.9,147.8
고색,14,162.7,155.1
고색,15,202.3,173.4
고색,16,249.7,252.2
고색,17,618.2,325.0
고색,18,721.3,469.2
고색,19,248.5,482.7
고색,20,211.0,326.4
고색,21,133.4,233.1
고색,22,78.2,211.0
고색,23,31.2,136.3
고속터미널,0,125.8,164.6
고속터미널,1,0.0,0.3
고속터미널,4,7.3,0.2
고속터미널,5,317.5,292.7
고속터미널,6,612.5,2398.8
고속터미널,7,1967.3,3743.2
고속터미널,8,3121.2,5428.9
고속터미널,9,3384.3,5816.0
고속터미널,10,3497.7,6223.5
고속터미널,11,4166.5,6464.1
고속터미널,12,4901.5,5998.6
고속터미널,13,5364.7,6027.1
고속터미널,14,6027.4,6138.6
고속터미널,15,7090.1,6072.3
고속터미널,16,7708.1,6086.9
고속터미널,17,8876.8,6586.1
고속터미널,18,7913.2,7025.8
고속터미널,19,6238.2,4428.0
고속터미널,20,6627.1,2975.9
고속터미널,21,4484.7,2435.9
고속터미널,22,3113.3,1894.6
고속터미널,23,1064.3,873.5
고잔,0,5.7,87.3
고잔,4,11.8,0.1
고잔,5,201.5,31.9
고잔,6,543.9,203.7
고잔,7,907.5,512.5
고잔,8,655.4,942.3
고잔,9,483.1,516.1
고잔,10,440.8,350.5
고잔,11,432.0,298.1
고잔,12,394.7,319.7
고잔,13,385.2,355.7
고잔,14,391.4,341.3
고잔,15,471.5,355.5
고잔,16,540.7,392.7
고잔,17,737.5,550.6
고잔,18,710.6,793.8
고잔,19,294.9,613.9
고잔,20,226.9,388.8
고잔,21,265.6,366.5
고잔,22,153.0,311.2
고잔,23,62.9,243.6
고진,0,0.0,0.8
고진,5,34.4,32.7
고진,6,98.1,47.8
고진,7,170.3,87.0
고진,8,81.5,46.9
고진,9,55.0,31.8
고진,10,43.3,24.0
고진,11,35.7,21.7
고진,12,39.7,36.1
고진,13,39.3,38.0
고진,14,32.8,55.8
고진,15,49.5,44.5
고진,16,42.2,58.5
고진,17,65.2,119.0
고진,18,48.7,111.6
고진,19,29.5,45.6
고진,20,12.9,40.3
고진,21,4.2,29.4
고진,22,1.8,12.4
곡산,0,0.2,1.5
곡산,4,1.6,0.0
곡산,5,15.5,5.6
곡산,6,30.4,29.2
곡산,7,45.6,63.2
곡산,8,40.5,79.7
곡산,9,36.8,33.7
곡산,10,26.5,23.2
곡산,11,25.3,24.5
곡산,12,22.5,21.7
곡산,13,25.5,25.7
곡산,14,31.5,23.9
곡산,15,35.0,25.9
곡산,16,41.8,27.9
곡산,17,54.2,44.5
곡산,18,62.7,46.8
곡산,19,22.0,33.8
곡산,20,17.4,23.4
곡산,21,14.2,22.6
곡산,22,8.9,14.4
곡산,23,2.2,14.7
곤지암,0,0.4,13.4
곤지암,1,0.0,0.0
곤지암,5,39.3,14.7
곤지암,6,107.6,104.8
곤지암,7,240.3,182.3
곤지암,8,191.0,175.7
곤지암,9,150.1,59.6
곤지암,10,109.3,53.7
곤지암,11,111.9,85.6
곤지암,12,112.9,62.3
곤지암,13,103.0,95.8
곤지암,14,98.1,91.3
곤지암,15,106.0,103.2
곤지암,16,137.2,127.2
곤지암,17,208.6,165.5
곤지암,18,169.8,203.7
곤지암,19,69.2,155.6
곤지암,20,57.1,117.5
곤지암,21,35.0,97.3
곤지암,22,13.7,99.4
곤지암,23,4.4,50.1
공덕,0,84.0,261.6
공덕,1,0.1,5.1
공덕,4,10.0,0.1
공덕,5,316.3,131.3
공덕,6,677.3,857.5
공덕,7,1934.8,3098.5
공덕,8,2673.9,6907.5
공덕,9,1725.1,3480.7
공덕,10,1565.2,1685.7
공덕,11,1659.7,1536.6
공덕,12,1739.6,1504.6
공덕,13,1828.8,1619.8
공덕,14,1777.9,1511.9
공덕,15,2074.3,1568.1
공덕,16,2516.3,1937.8
공덕,17,4253.0,2720.5
공덕,18,5957.1,3736.3
공덕,19,2564.4,2144.8
공덕,20,2092.2,1446.1
공덕,21,1951.9,1359.5
공덕,22,1446.3,1210.3
공덕,23,658.5,741.3
공릉,0,23.2,121.6
공릉,1,0.0,0.0
공릉,4,2.5,0.0
공릉,5,216.0,33.5
공릉,6,507.4,152.0
공릉,7,1255.0,400.2
공릉,8,1394.4,740.6
공릉,9,818.1,531.5
공릉,10,645.4,436.1
공릉,11,626.6,439.3
공릉,12,651.9,495.5
공릉,13,630.8,529.2
공릉,14,582.6,525.2
공릉,15,649.0,619.0
공릉,16,688.0,748.2
공릉,17,755.5,920.2
공릉,18,730.8,1388.5
공릉,19,431.8,1146.4
공릉,20,359.9,678.0
공릉,21,320.9,610.6
공릉,22,251.8,563.5
공릉,23,129.8,369.1
공항시장,0,4.7,39.6
공항시장,1,0.0,3.9
공항시장,4,0.5,0.0
공항시장,5,107.7,10.0
공항시장,6,137.5,46.8
공항시장,7,345.9,72.0
공항시장,8,391.1,169.8
공항시장,9,205.5,110.9
공항시장,10,160.9,88.6
공항시장,11,140.9,108.4
공항시장,12,154.1,130.3
공항시장,13,139.5,117.3
공항시장,14,135.1,130.4
공항시장,15,126.7,164.5
공항시장,16,134.0,195.1
공항시장,17,157.2,237.9
공항시장,18,140.2,379.5
공항시장,19,86.7,280.1
공항시장,20,70.2,206.6
공항시장,21,60.5,191.6
공항시장,22,44.2,165.2
공항시장,23,23.7,110.6
공항화물청사,0,0.2,1.6
공항화물청사,4,0.7,0.0
공항화물청사,5,27.1,26.4
공항화물청사,6,51.9,274.4
공항화물청사,7,71.7,376.3
공항화물청사,8,70.3,534.0
공항화물청사,9,53.7,88.4
공항화물청사,10,27.9,49.3
공항화물청사,11,28.1,102.2
공항화물청사,12,33.3,155.2
공항화물청사,13,40.1,99.0
공항화물청사,14,52.7,83.5
공항화물청사,15,98.2,65.3
공항화물청사,16,155.0,55.6
공항화물청사,17,327.1,56.0
공항화물청사,18,423.1,45.4
공항화물청사,19,113.8,59.5
공항화물청사,20,82.4,56.7
공항화물청사,21,94.6,29.1
공항화물청사,22,80.2,11.7
공항화물청사,23,20.9,7.4
과천,0,2.5,26.8
과천,4,1.3,0.0
과천,5,72.4,10.2
과천,6,284.0,98.1
과천,7,660.5,172.7
과천,8,636.9,276.4
과천,9,408.8,187.9
과천,10,328.0,149.2
과천,11,305.9,151.6
과천,12,306.4,189.9
과천,13,283.4,195.2
과천,14,265.0,232.5
과천,15,286.7,266.0
과천,16,322.1,312.2
과천,17,282.4,408.5
과천,18,270.0,560.3
과천,19,136.6,454.8
과천,20,96.5,298.5
과천,21,67.4,291.5
과천,22,56.5,276.5
과천,23,17.8,150.7
관악,0,2.3,18.8
관악,4,7.8,0.0
관악,5,256.3,52.2
관악,6,455.8,121.7
관악,7,1057.3,239.9
관악,8,917.6,421.9
관악,9,485.7,322.2
관악,10,337.2,296.8
관악,11,310.8,262.0
관악,12,366.4,238.9
관악,13,340.9,238.9
관악,14,301.3,251.8
관악,15,312.6,306.0
관악,16,342.1,383.6
관악,17,346.4,588.1
관악,18,348.5,949.4
관악,19,199.7,695.1
관악,20,157.0,403.7
관악,21,137.5,372.7
관악,22,78.5,313.0
관악,23,33.2,222.3
관악산,0,5.0,28.5
관악산,1,0.0,1.1
관악산,4,0.0,0.0
관악산,5,32.5,33.2
관악산,6,79.1,88.0
관악산,7,240.8,159.6
관악산,8,251.5,369.2
관악산,9,166.8,436.8
관악산,10,162.7,354.9
관악산,11,168.2,216.7
관악산,12,199.0,184.0
관악산,13,230.8,189.6
관악산,14,243.8,188.5
관악산,15,312.1,157.9
관악산,16,370.2,133.7
관악산,17,370.4,126.0
관악산,18,283.7,174.5
관악산,19,128.9,140.6
관악산,20,87.3,90.9
관악산,21,64.6,82.5
관악산,22,40.7,85.9
관악산,23,19.5,55.7
광교,4,0.6,0.8
광교,5,17.7,0.0
광교,6,138.6,12.7
광교,7,253.3,32.5
광교,8,112.9,34.8
광교,9,35.7,27.3
광교,10,21.3,18.2
광교,11,25.5,26.9
광교,12,38.1,27.2
광교,13,24.1,19.0
광교,14,16.2,32.0
광교,15,29.8,40.1
광교,16,58.5,75.0
광교,17,33.9,164.4
광교,18,30.4,200.8
광교,19,13.0,64.0
광교,20,13.6,42.6
광교,21,5.7,42.5
광교,22,1.1,9.2
광교중앙,0,141.2,90.8
광교중앙,1,6.5,1.3
광교중앙,2,0.7,0.0
광교중앙,3,6.4,2.8
광교중앙,4,91.0,128.2
광교중앙,5,729.1,449.3
광교중앙,6,2282.9,1049.7
광교중앙,7,3920.2,1837.1
광교중앙,8,2779.8,1335.0
광교중앙,9,1457.1,802.2
광교중앙,10,1044.0,606.2
광교중앙,11,923.0,734.8
광교중앙,12,946.4,937.6
광교중앙,13,761.0,835.3
광교중앙,14,918.0,878.1
광교중앙,15,929.0,1196.0
광교중앙,16,1171.2,1759.9
광교중앙,17,1773.1,2955.1
광교중앙,18,1682.3,3168.8
광교중앙,19,786.7,1719.1
광교중앙,20,667.6,1340.2
광교중앙,21,601.1,1328.8
광교중앙,22,297.9,709.0
광교중앙,23,35.8,86.7
광나루,0,15.6,68.9
광나루,4,0.4,0.0
광나루,5,150.0,63.1
광나루,6,458.6,241.0
광나루,7,993.6,455.9
광나루,8,1097.7,1017.0
광나루,9,661.3,623.2
광나루,10,543.5,461.5
광나루,11,517.7,429.9
광나루,12,562.3,462.8
광나루,13,561.9,468.9
광나루,14,551.1,439.9
광나루,15,613.0,481.0
광나루,16,692.7,601.1
광나루,17,746.6,780.3
광나루,18,903.1,1068.0
광나루,19,440.0,769.5
광나루,20,342.5,501.0
광나루,21,379.6,445.1
광나루,22,282.7,440.7
광나루,23,77.0,260.4
광명,0,0.0,0.0
광명,4,0.1,0.0
광명,5,0.5,54.8
광명,6,122.3,106.8
광명,7,377.6,248.8
광명,8,332.5,268.3
광명,9,224.7,209.3
광명,10,110.9,130.0
광명,11,246.9,88.5
광명,12,175.3,251.9
광명,13,157.0,13.9
광명,14,113.7,260.5
광명,15,208.9,121.6
광명,16,256.7,162.7
광명,17,310.5,229.5
광명,18,367.2,428.6
광명,19,266.1,199.5
광명,20,91.1,134.9
광명,21,235.4,90.1
광명,22,86.2,139.3
광명,23,37.1,1.7
광명사거리,0,24.4,147.7
광명사거리,1,0.0,0.3
광명사거리,4,7.2,0.0
광명사거리,5,676.3,254.8
광명사거리,6,1192.6,439.8
광명사거리,7,2986.4,558.8
광명사거리,8,3005.9,964.5
광명사거리,9,1608.9,814.3
광명사거리,10,1094.1,863.9
광명사거리,11,1030.5,998.7
광명사거리,12,1095.6,1065.4
광명사거리,13,1090.6,1088.9
광명사거리,14,1018.3,1051.6
광명사거리,15,1113.8,1270.8
광명사거리,16,1338.1,1472.4
광명사거리,17,1309.8,1930.1
광명사거리,18,1150.5,2930.6
광명사거리,19,783.2,2235.3
광명사거리,20,569.0,1214.1
광명사거리,21,423.4,1035.4
광명사거리,22,302.9,866.1
광명사거리,23,130.7,521.6
광운대,0,4.3,168.7
광운대,1,0.0,0.3
광운대,4,80.6,0.7
광운대,5,232.5,51.1
광운대,6,546.5,136.7
광운대,7,1116.4,212.8
광운대,8,966.5,347.3
광운대,9,533.5,348.4
광운대,10,422.2,248.5
광운대,11,387.8,268.6
광운대,12,408.0,306.1
광운대,13,387.2,343.1
광운대,14,353.1,330.7
광운대,15,367.2,384.9
광운대,16,473.0,480.8
광운대,17,408.2,593.3
광운대,18,365.6,880.7
광운대,19,217.1,700.9
광운대,20,168.2,462.1
광운대,21,159.3,404.2
광운대,22,127.5,386.7
광운대,23,62.0,303.4
광화문,0,51.6,26.2
광화문,1,0.0,0.0
광화문,4,0.2,0.0
광화문,5,40.6,34.3
광화문,6,118.0,1082.0
광화문,7,296.7,3252.2
광화문,8,419.4,9346.0
광화문,9,410.8,4350.4
광화문,10,535.9,2099.0
광화문,11,829.2,2149.9
광화문,12,1076.3,1792.4
광화문,13,1413.5,1848.3
광화문,14,1617.7,1443.3
광화문,15,2047.4,1225.1
광화문,16,2655.4,1177.3
광화문,17,4663.6,1431.2
광화문,18,7182.3,1561.5
광화문,19,2723.3,720.0
광화문,20,2261.5,360.3
광화문,21,2337.3,271.7
광화문,22,1600.7,180.1
광화문,23,506.4,96.4
광흥창,0,14.1,60.3
광흥창,4,0.2,0.1
광흥창,5,100.9,52.4
광흥창,6,267.8,198.2
광흥창,7,724.5,532.5
광흥창,8,944.1,1183.2
광흥창,9,593.5,631.0
광흥창,10,463.0,408.6
광흥창,11,473.8,359.3
광흥창,12,498.8,407.5
광흥창,13,488.9,403.6
광흥창,14,446.6,384.2
광흥창,15,498.0,437.8
광흥창,16,570.1,470.8
광흥창,17,865.7,628.2
광흥창,18,1077.1,869.5
광흥창,19,492.5,593.4
광흥창,20,322.6,389.4
광흥창,21,287.2,358.0
광흥창,22,214.7,343.6
광흥창,23,87.1,205.3
교대,0,137.0,145.1
교대,1,0.0,0.5
교대,4,2.8,0.5
교대,5,155.2,246.7
교대,6,540.6,1133.0
교대,7,1210.7,2574.1
교대,8,1724.9,7093.0
교대,9,1443.1,5545.0
교대,10,1396.0,2888.9
교대,11,1718.3,2400.4
교대,12,1851.8,2184.8
교대,13,2263.9,2293.1
교대,14,2623.1,2028.1
교대,15,2839.5,1882.0
교대,16,3150.6,1961.1
교대,17,5070.5,2611.2
교대,18,6965.1,2949.5
교대,19,3139.9,1679.5
교대,20,2653.6,1072.4
교대,21,2627.5,941.1
교대,22,1883.3,872.5
교대,23,758.1,450.2
구래,0,19.2,53.2
구래,2,0.6,0.0
구래,3,0.0,1.0
구래,4,24.0,12.6
구래,5,375.1,194.7
구래,6,1267.6,233.7
구래,7,1791.4,319.6
구래,8,1146.0,330.8
구래,9,680.5,257.1
구래,10,485.4,248.7
구래,11,431.3,270.6
구래,12,420.6,375.5
구래,13,349.1,372.9
구래,14,322.3,512.9
구래,15,353.9,626.4
구래,16,417.9,825.7
구래,17,464.5,1328.5
구래,18,326.4,1427.9
구래,19,177.8,681.7
구래,20,135.6,572.7
구래,21,99.3,479.5
구래,22,63.3,219.6
구래,23,12.0,18.8
구로,0,1.0,326.5
구로,1,0.0,0.1
구로,4,416.7,1.6
구로,5,637.7,121.5
구로,6,607.4,424.1
구로,7,1138.0,1084.5
구로,8,1125.7,2190.8
구로,9,792.4,1166.9
구로,10,638.4,841.5
구로,11,654.5,783.8
구로,12,726.6,738.9
구로,13,751.6,740.5
구로,14,783.1,704.5
구로,15,908.7,751.9
구로,16,1089.5,873.8
구로,17,1714.8,1192.6
구로,18,1716.6,1315.3
구로,19,763.0,892.6
구로,20,632.0,608.1
구로,21,523.5,603.9
구로,22,351.0,506.4
구로,23,131.3,386.6
구로디지털단지,0,123.5,475.1
구로디지털단지,1,0.0,10.5
구로디지털단지,4,18.4,0.3
구로디지털단지,5,1262.9,179.7
구로디지털단지,6,1825.8,722.2
구로디지털단지,7,4747.2,2953.2
구로디지털단지,8,6260.1,7488.3
구로디지털단지,9,3806.8,4555.1
구로디지털단지,10,2318.2,1984.2
구로디지털단지,11,2039.6,1523.8
구로디지털단지,12,2312.2,1712.9
구로디지털단지,13,2275.7,2058.5
구로디지털단지,14,2045.5,1979.5
구로디지털단지,15,2342.5,2217.6
구로디지털단지,16,2848.6,2603.4
구로디지털단지,17,4672.9,3643.3
구로디지털단지,18,6657.4,5471.8
구로디지털단지,19,3365.3,4192.2
구로디지털단지,20,2074.0,2855.8
구로디지털단지,21,1606.4,2814.8
구로디지털단지,22,1250.6,2728.9
구로디지털단지,23,576.8,1590.1
구룡,0,0.5,3.3
구룡,4,0.2,0.0
구룡,5,35.2,12.6
구룡,6,103.1,145.1
구룡,7,287.3,292.5
구룡,8,336.8,276.8
구룡,9,282.0,141.6
구룡,10,188.9,103.5
구룡,11,180.5,96.5
구룡,12,212.2,143.7
구룡,13,208.5,148.0
구룡,14,174.8,140.5
구룡,15,236.0,155.6
구룡,16,245.6,191.7
구룡,17,221.4,242.8
구룡,18,187.8,316.5
구룡,19,115.2,230.4
구룡,20,76.4,154.1
구룡,21,57.3,145.3
구룡,22,45.4,129.3
구룡,23,11.1,76.1
구리,0,1.7,38.3
구리,4,28.8,0.5
구리,5,172.6,42.5
구리,6,378.7,122.1
구리,7,869.7,216.0
구리,8,764.0,440.3
구리,9,430.2,394.6
구리,10,364.1,342.7
구리,11,359.6,339.6
구리,12,371.9,329.0
구리,13,372.6,394.6
구리,14,357.4,365.5
구리,15,399.2,437.1
구리,16,418.3,465.2
구리,17,434.8,595.1
구리,18,423.3,955.5
구리,19,297.6,726.8
구리,20,260.3,394.5
구리,21,153.3,354.5
구리,22,133.9,308.3
구리,23,39.0,224.2
구반포,0,1.9,7.2
구반포,1,0.0,0.0
구반포,4,0.3,0.0
구반포,5,10.0,111.4
구반포,6,34.6,1048.7
구반포,7,66.5,164.7
구반포,8,75.8,178.4
구반포,9,60.6,143.6
구반포,10,62.9,69.5
구반포,11,78.0,49.2
구반포,12,74.7,63.7
구반포,13,71.0,62.1
구반포,14,83.8,57.6
구반포,15,199.1,54.0
구반포,16,674.4,57.9
구반포,17,632.5,64.6
구반포,18,269.8,79.3
구반포,19,131.4,45.9
구반포,20,47.6,30.7
구반포,21,35.1,26.3
구반포,22,33.4,23.5
구반포,23,8.9,14.3
구산,0,8.8,52.2
구산,4,1.7,0.0
구산,5,211.9,9.1
구산,6,414.2,95.5
구산,7,1025.5,201.9
구산,8,1271.5,292.1
구산,9,696.5,215.8
구산,10,492.5,188.6
구산,11,437.3,241.4
구산,12,433.8,262.8
구산,13,385.2,282.8
구산,14,340.9,315.9
구산,15,381.5,390.8
구산,16,414.7,484.7
구산,17,367.1,552.7
구산,18,324.9,799.6
구산,19,197.1,688.4
구산,20,158.3,368.6
구산,21,127.9,337.8
구산,22,114.2,278.6
구산,23,38.9,171.4
구성,0,2.9,20.5
구성,1,0.0,0.0
구성,4,5.1,0.0
구성,5,97.3,28.8
구성,6,374.6,174.1
구성,7,891.9,374.8
구성,8,978.6,481.1
구성,9,549.5,263.5
구성,10,426.0,217.5
구성,11,353.2,226.9
구성,12,339.5,257.8
구성,13,322.4,273.9
구성,14,290.9,291.7
구성,15,316.1,381.5
구성,16,359.5,443.0
구성,17,517.5,706.2
구성,18,482.0,964.4
구성,19,271.9,668.5
구성,20,242.5,476.0
구성,21,185.7,386.1
구성,22,145.7,438.1
구성,23,67.7,220.9
구의,0,60.2,245.8
구의,1,0.4,5.8
구의,4,3.4,0.2
구의,5,477.4,43.5
구의,6,992.6,404.4
구의,7,2697.2,704.9
구의,8,4292.7,1965.2
구의,9,2599.9,1491.7
구의,10,1493.9,918.2
구의,11,1251.0,997.4
구의,12,1314.5,1088.0
구의,13,1350.3,1170.8
구의,14,1269.9,1182.0
구의,15,1310.2,1483.1
구의,16,1474.1,1696.4
구의,17,1675.8,2402.1
구의,18,2218.2,3809.0
구의,19,1310.3,2662.0
구의,20,941.7,1801.5
구의,21,855.1,1671.9
구의,22,673.2,1520.6
구의,23,318.6,838.6
구일,0,1.1,13.2
구일,1,0.0,0.0
구일,4,13.2,0.4
구일,5,170.8,62.8
구일,6,391.3,151.4
구일,7,988.1,306.8
구일,8,835.6,391.2
구일,9,451.7,229.3
구일,10,328.0,174.8
구일,11,289.8,198.1
구일,12,286.7,339.7
구일,13,265.0,461.2
구일,14,248.0,276.5
구일,15,288.6,381.6
구일,16,386.1,618.8
구일,17,713.8,1152.1
구일,18,383.7,1378.1
구일,19,188.8,711.0
구일,20,188.1,366.8
구일,21,807.1,360.0
구일,22,563.3,275.6
구일,23,50.5,180.7
구파발,0,25.8,259.4
구파발,1,0.0,10.2
구파발,4,3.8,0.1
구파발,5,456.7,64.0
구파발,6,1194.5,323.0
구파발,7,2849.1,771.9
구파발,8,2756.4,970.4
구파발,9,1541.5,886.3
구파발,10,1074.1,999.1
구파발,11,1062.7,981.2
구파발,12,1093.7,1012.2
구파발,13,1094.5,1123.0
구파발,14,1096.1,1098.7
구파발,15,1286.6,1132.6
구파발,16,1391.4,1355.3
구파발,17,1390.9,1742.9
구파발,18,1119.6,2634.8
구파발,19,768.7,2063.9
구파발,20,648.3,1227.1
구파발,21,553.2,1073.8
구파발,22,404.9,959.6
구파발,23,114.5,628.5
국수,0,0.2,3.8
국수,4,0.1,0.0
국수,5,21.2,3.4
국수,6,41.5,8.8
국수,7,71.9,18.6
국수,8,73.4,34.4
국수,9,59.7,33.5
국수,10,45.8,26.3
국수,11,39.5,33.5
국수,12,38.8,32.6
국수,13,45.7,34.1
국수,14,34.9,34.0
국수,15,47.6,42.2
국수,16,43.1,44.9
국수,17,28.8,53.5
국수,18,22.3,71.2
국수,19,15.6,37.8
국수,20,11.4,46.4
국수,21,11.8,36.6
국수,22,6.5,28.5
국수,23,1.6,21.3
국제업무지구,0,27.8,59.5
국제업무지구,3,0.7,0.0
국제업무지구,4,3.7,21.4
국제업무지구,5,188.8,220.6
국제업무지구,6,434.9,444.1
국제업무지구,7,720.8,862.8
국제업무지구,8,568.3,577.3
국제업무지구,9,322.6,288.5
국제업무지구,10,284.8,278.7
국제업무지구,11,267.6,279.3
국제업무지구,12,302.8,325.2
국제업무지구,13,326.4,314.2
국제업무지구,14,335.9,307.1
국제업무지구,15,398.7,365.0
국제업무지구,16,487.8,470.4
국제업무지구,17,788.1,695.7
국제업무지구,18,712.4,655.2
국제업무지구,19,295.0,309.6
국제업무지구,20,291.5,271.1
국제업무지구,21,217.5,226.2
국제업무지구,22,140.3,141.1
국제업무지구,23,25.7,28.8
국회의사당,0,23.5,27.6
국회의사당,4,0.3,0.0
국회의사당,5,27.1,61.8
국회의사당,6,90.4,478.8
국회의사당,7,204.5,1872.9
국회의사당,8,283.0,5647.9
국회의사당,9,273.4,2158.6
국회의사당,10,370.6,936.7
국회의사당,11,488.2,694.7
국회의사당,12,611.8,671.3
국회의사당,13,678.4,697.5
국회의사당,14,864.1,512.0
국회의사당,15,870.5,422.1
국회의사당,16,1293.9,404.7
국회의사당,17,2846.1,510.8
국회의사당,18,3774.5,508.9
국회의사당,19,1262.9,309.4
국회의사당,20,853.0,200.4
국회의사당,21,814.3,185.2
국회의사당,22,510.1,164.8
국회의사당,23,153.5,95.5
군자,0,94.9,298.5
군자,1,0.1,34.2
군자,2,0.0,0.0
군자,4,4.7,0.0
군자,5,532.0,56.1
군자,6,876.8,403.9
군자,7,2383.9,658.3
군자,8,3440.5,1741.4
군자,9,2072.2,1280.1
군자,10,1235.0,920.2
군자,11,1128.3,924.5
군자,12,1228.3,994.8
군자,13,1230.8,1096.1
군자,14,1179.9,1116.5
군자,15,1224.5,1324.8
군자,16,1399.1,1610.1
군자,17,1793.5,2226.3
군자,18,2083.8,3413.1
군자,19,1369.4,2355.6
군자,20,1161.4,1472.1
군자,21,1141.6,1300.4
군자,22,930.0,1172.3
군자,23,498.5,729.3
군포,0,2.1,19.1
군포,4,1.6,0.1
군포,5,168.9,61.6
군포,6,293.2,278.6
군포,7,638.7,1041.8
군포,8,507.5,1252.2
군포,9,284.4,248.3
군포,10,226.0,140.7
군포,11,215.1,128.5
군포,12,220.7,162.4
군포,13,198.5,167.5
군포,14,187.3,167.3
군포,15,217.3,223.0
군포,16,302.0,221.7
군포,17,781.9,324.1
군포,18,1032.4,446.5
군포,19,332.8,354.3
군포,20,269.9,238.9
군포,21,139.6,193.2
군포,22,77.4,161.2
군포,23,36.5,119.0
굴포천,0,58.9,60.2
굴포천,3,1.0,0.0
굴포천,4,69.6,8.0
굴포천,5,544.2,131.6
굴포천,6,1270.0,285.0
굴포천,7,2282.6,712.5
굴포천,8,1541.9,631.7
굴포천,9,741.9,400.7
굴포천,10,569.6,355.7
굴포천,11,557.0,409.4
굴포천,12,511.4,513.3
굴포천,13,400.5,509.0
굴포천,14,431.7,575.4
굴포천,15,513.3,712.9
굴포천,16,615.5,1005.0
굴포천,17,696.3,1698.8
굴포천,18,633.7,1821.3
굴포천,19,294.1,863.1
굴포천,20,248.8,736.4
굴포천,21,215.3,580.4
굴포천,22,101.0,281.2
굴포천,23,27.5,34.2
굽은다리,0,10.2,88.4
굽은다리,1,0.0,0.1
굽은다리,4,0.5,0.0
굽은다리,5,268.8,23.8
굽은다리,6,458.4,109.6
굽은다리,7,1143.8,213.3
굽은다리,8,1270.0,517.3
굽은다리,9,710.2,409.9
굽은다리,10,525.0,336.9
굽은다리,11,505.6,402.9
굽은다리,12,553.4,407.4
굽은다리,13,535.4,467.0
굽은다리,14,474.4,477.1
굽은다리,15,462.1,507.1
굽은다리,16,495.6,661.0
굽은다리,17,510.3,762.3
굽은다리,18,558.6,1148.3
굽은다리,19,316.2,854.8
굽은다리,20,283.9,543.5
굽은다리,21,275.9,448.5
굽은다리,22,163.0,450.2
굽은다리,23,53.3,231.4
귤현,0,46.7,70.3
귤현,1,1.8,0.0
귤현,2,0.0,0.8
귤현,4,24.8,11.1
귤현,5,384.9,169.3
귤현,6,911.5,219.8
귤현,7,1645.7,424.3
귤현,8,1086.2,328.2
귤현,9,540.9,249.8
귤현,10,443.6,239.3
귤현,11,395.8,273.2
귤현,12,368.7,278.9
귤현,13,330.3,320.5
귤현,14,291.3,416.1
귤현,15,305.0,538.2
귤현,16,422.9,734.8
귤현,17,482.0,1141.1
귤현,18,363.8,1274.1
귤현,19,175.6,623.7
귤현,20,128.1,465.0
귤현,21,90.6,433.5
귤현,22,60.0,251.1
귤현,23,3.9,40.8
금곡,0,0.8,8.1
금곡,4,3.0,0.0
금곡,5,68.5,11.5
금곡,6,90.4,44.6
금곡,7,156.7,113.5
금곡,8,170.9,167.9
금곡,9,131.7,71.5
금곡,10,89.3,62.1
금곡,11,95.8,55.4
금곡,12,89.0,71.4
금곡,13,78.9,56.9
금곡,14,67.4,68.6
금곡,15,94.1,66.9
금곡,16,81.8,79.8
금곡,17,103.4,132.1
금곡,18,126.2,158.6
금곡,19,40.5,127.0
금곡,20,31.0,60.4
금곡,21,21.3,76.9
금곡,22,12.6,50.0
금곡,23,7.9,30.1
금릉,0,1.8,49.4
금릉,4,1.3,0.0
금릉,5,112.4,11.1
금릉,6,336.5,86.5
금릉,7,573.9,187.3
금릉,8,457.7,350.8
금릉,9,307.6,187.3
금릉,10,270.2,152.7
금릉,11,255.4,152.1
금릉,12,242.5,163.0
금릉,13,247.1,203.0
금릉,14,215.2,226.3
금릉,15,237.6,247.3
금릉,16,262.9,314.0
금릉,17,339.6,378.7
금릉,18,375.0,436.9
금릉,19,158.6,467.0
금릉,20,143.2,279.4
금릉,21,107.8,248.4
금릉,22,90.0,243.6
금릉,23,18.6,169.7
금정,0,19.1,308.5
금정,4,31.0,0.3
금정,5,864.8,179.0
금정,6,1368.4,743.8
금정,7,3113.5,1812.5
금정,8,2905.8,3097.4
금정,9,1701.6,1188.9
금정,10,1232.8,769.4
금정,11,1149.4,834.4
금정,12,1183.0,871.2
금정,13,1140.6,962.6
금정,14,1056.7,980.7
금정,15,1168.7,1284.9
금정,16,1398.1,1502.8
금정,17,2323.7,2245.4
금정,18,2596.7,3199.9
금정,19,1175.5,2431.7
금정,20,959.7,1529.3
금정,21,773.6,1444.1
금정,22,531.7,1228.5
금정,23,248.5,785.5
금천구청,0,1.6,18.9
금천구청,4,24.6,0.1
금천구청,5,344.6,46.3
금천구청,6,601.2,195.8
금천구청,7,1354.8,540.5
금천구청,8,1245.1,925.9
금천구청,9,720.0,378.3
금천구청,10,508.3,312.6
금천구청,11,475.7,311.5
금천구청,12,467.6,326.0
금천구청,13,437.5,424.1
금천구청,14,401.8,394.5
금천구청,15,406.7,530.4
금천구청,16,471.4,656.3
금천구청,17,551.2,929.9
금천구청,18,846.1,1353.1
금천구청,19,338.5,955.5
금천구청,20,258.5,530.0
금천구청,21,204.1,522.0
금천구청,22,129.8,433.3
금천구청,23,40.4,258.1
금촌,0,3.0,54.2
금촌,4,2.6,0.0
금촌,5,138.1,9.7
금촌,6,334.1,147.6
금촌,7,625.7,306.0
금촌,8,595.6,505.5
금촌,9,402.2,255.5
금촌,10,362.7,254.9
금촌,11,354.8,254.3
금촌,12,370.1,276.1
금촌,13,359.9,295.3
금촌,14,336.5,280.7
금촌,15,366.5,332.2
금촌,16,399.8,437.6
금촌,17,471.4,499.8
금촌,18,531.8,511.7
금촌,19,243.5,602.1
금촌,20,187.9,366.0
금촌,21,145.5,295.0
금촌,22,88.1,280.7
금촌,23,18.6,184.8
금호,0,11.6,57.7
금호,4,2.1,0.5
금호,5,156.6,20.0
금호,6,363.7,92.0
금호,7,932.7,154.9
금호,8,1237.3,306.0
금호,9,758.5,232.2
금호,10,481.8,228.5
금호,11,419.2,232.7
금호,12,411.1,275.1
금호,13,381.0,322.2
금호,14,320.9,351.6
금호,15,329.7,440.1
금호,16,342.5,534.5
금호,17,381.7,719.6
금호,18,380.8,996.9
금호,19,278.9,711.0
금호,20,186.4,506.5
금호,21,157.2,425.0
금호,22,122.8,406.9
금호,23,57.7,207.5
기흥,0,1.2,21.4
기흥,4,13.0,0.5
기흥,5,195.8,26.4
기흥,6,566.2,168.5
기흥,7,1252.9,443.5
기흥,8,1229.5,669.1
기흥,9,667.7,343.3
기흥,10,475.0,259.9
기흥,11,441.2,314.7
기흥,12,440.5,308.1
기흥,13,439.8,384.5
기흥,14,415.4,361.5
기흥,15,461.3,432.9
기흥,16,518.8,522.5
기흥,17,707.6,748.4
기흥,18,750.2,1218.8
기흥,19,410.4,924.2
기흥,20,308.1,594.5
기흥,21,279.4,462.0
기흥,22,198.2,473.3
기흥,23,73.5,269.3
길동,0,16.3,95.8
길동,4,0.2,0.0
길동,5,196.3,20.7
길동,6,341.5,131.1
길동,7,879.6,327.6
길동,8,1040.8,709.3
길동,9,598.9,526.5
길동,10,513.6,399.2
길동,11,512.7,389.6
길동,12,538.1,433.8
길동,13,543.3,440.1
길동,14,456.6,486.9
길동,15,472.0,520.4
길동,16,516.1,634.3
길동,17,568.5,737.4
길동,18,634.0,1031.2
길동,19,344.9,780.0
길동,20,260.0,471.0
길동,21,226.3,393.5
길동,22,218.1,372.8
길동,23,73.4,196.4
길음,0,17.3,177.7
길음,4,0.2,0.0
길음,5,334.6,51.6
길음,6,1197.6,262.3
길음,7,2980.0,446.9
길음,8,3015.2,878.3
길음,9,1683.2,719.0
길음,10,1145.8,589.2
길음,11,1018.2,624.5
길음,12,1032.7,796.1
길음,13,1011.7,818.1
길음,14,879.8,868.6
길음,15,918.3,1039.6
길음,16,1028.8,1327.6
길음,17,1029.4,1805.2
길음,18,981.8,2700.2
길음,19,607.0,2083.7
길음,20,466.0,1339.5
길음,21,359.9,1222.9
길음,22,319.1,1132.6
길음,23,102.7,661.0
김량장,0,0.0,0.8
김량장,5,30.7,27.0
김량장,6,86.6,40.5
김량장,7,153.3,77.8
김량장,8,70.1,41.4
김량장,9,47.1,28.1
김량장,10,39.1,19.0
김량장,11,28.2,17.5
김량장,12,32.4,32.1
김량장,13,34.7,32.7
김량장,14,26.8,47.7
김량장,15,41.0,37.3
김량장,16,35.5,50.7
김량장,17,57.2,105.4
김량장,18,43.4,99.4
김량장,19,25.2,38.3
김량장,20,9.2,33.4
김량장,21,3.1,24.7
김량장,22,0.9,10.7
김포공항,0,27.4,95.8
김포공항,1,0.3,7.2
김포공항,4,2.1,0.4
김포공항,5,125.4,331.2
김포공항,6,408.1,1435.2
김포공항,7,1383.2,2312.5
김포공항,8,1824.4,2426.7
김포공항,9,1131.7,1772.8
김포공항,10,1326.5,1820.5
김포공항,11,1582.3,2100.8
김포공항,12,1748.5,2158.0
김포공항,13,2037.6,2159.0
김포공항,14,2077.1,1933.7
김포공항,15,2387.5,1838.5
김포공항,16,2312.1,2126.8
김포공항,17,3037.3,2240.6
김포공항,18,3338.9,1972.2
김포공항,19,1965.9,1102.2
김포공항,20,1678.7,588.4
김포공항,21,1683.0,383.8
김포공항,22,1517.5,272.9
김포공항,23,604.8,168.6
까치산,0,27.6,282.2
까치산,1,0.0,12.4
까치산,4,11.6,0.2
까치산,5,829.0,42.8
까치산,6,1523.9,254.9
까치산,7,3988.6,364.7
까치산,8,4885.2,685.1
까치산,9,2570.8,627.3
까치산,10,1575.9,612.5
까치산,11,1367.9,716.2
까치산,12,1399.7,858.8
까치산,13,1258.3,938.8
까치산,14,1047.1,1097.4
까치산,15,990.8,1447.2
까치산,16,1035.4,1851.0
까치산,17,1025.2,2397.9
까치산,18,987.4,4024.0
까치산,19,672.5,2996.7
까치산,20,530.7,1966.2
까치산,21,440.5,1918.1
까치산,22,345.8,1565.0
까치산,23,155.1,943.1
까치울,0,2.1,0.0
까치울,5,4.5,0.0
까치울,6,65.7,5.4
까치울,7,176.3,19.8
까치울,8,110.7,11.6
까치울,9,35.5,6.4
까치울,10,14.4,5.2
까치울,11,14.7,8.2
까치울,12,7.0,2.0
까치울,13,5.7,9.1
까치울,14,3.3,10.6
까치울,15,4.6,18.8
까치울,16,5.5,40.8
까치울,17,12.0,106.2
까치울,18,9.0,138.0
까치울,19,1.5,37.9
까치울,20,1.3,27.8
까치울,21,0.7,23.9
까치울,22,0.0,3.0
낙성대,0,51.8,300.2
낙성대,1,0.0,2.3
낙성대,4,2.4,0.3
낙성대,5,421.0,77.6
낙성대,6,967.0,325.3
낙성대,7,2855.4,666.3
낙성대,8,4262.5,1447.0
낙성대,9,2786.1,1201.7
낙성대,10,1534.6,895.0
낙성대,11,1297.3,851.5
낙성대,12,1467.0,947.5
낙성대,13,1369.5,1035.0
낙성대,14,1210.4,1048.5
낙성대,15,1250.4,1260.5
낙성대,16,1432.5,1513.2
낙성대,17,1598.7,2132.6
낙성대,18,1752.8,3495.4
낙성대,19,1021.5,2849.4
낙성대,20,819.1,1902.3
낙성대,21,713.2,1854.6
낙성대,22,514.4,1790.0
낙성대,23,265.7,1081.7
남구로,0,14.8,66.5
남구로,1,0.0,0.0
남구로,4,5.4,0.1
남구로,5,591.0,40.9
남구로,6,534.9,276.5
남구로,7,1034.2,1236.7
남구로,8,1177.6,3154.0
남구로,9,799.3,1511.6
남구로,10,566.6,648.7
남구로,11,509.0,509.6
남구로,12,565.5,519.9
남구로,13,538.8,529.9
남구로,14,514.3,495.7
남구로,15,600.6,599.4
남구로,16,737.6,737.5
남구로,17,1606.1,1008.3
남구로,18,2386.7,1062.2
남구로,19,1011.6,762.6
남구로,20,522.3,538.0
남구로,21,347.1,603.6
남구로,22,221.6,513.6
남구로,23,100.5,285.6
남동구청,0,58.3,69.3
남동구청,1,0.0,6.4
남동구청,4,43.0,29.3
남동구청,5,465.0,309.8
남동구청,6,986.7,778.5
남동구청,7,1793.3,1342.5
남동구청,8,1168.2,866.2
남동구청,9,715.4,459.1
남동구청,10,552.1,450.7
남동구청,11,595.0,450.8
남동구청,12,638.8,555.4
남동구청,13,543.6,554.2
남동구청,14,536.7,574.7
남동구청,15,660.8,692.6
남동구청,16,800.1,912.0
남동구청,17,1186.4,1426.9
남동구청,18,1009.9,1514.5
남동구청,19,395.7,622.9
남동구청,20,355.3,573.4
남동구청,21,260.7,473.4
남동구청,22,125.8,230.4
남동구청,23,42.1,39.9
남동인더스파크,0,0.0,1.3
남동인더스파크,5,25.8,32.6
남동인더스파크,6,27.2,160.3
남동인더스파크,7,51.4,654.7
남동인더스파크,8,63.3,798.7
남동인더스파크,9,35.9,107.0
남동인더스파크,10,41.2,46.4
남동인더스파크,11,51.5,44.6
남동인더스파크,12,59.9,52.7
남동인더스파크,13,66.6,43.1
남동인더스파크,14,74.4,39.8
남동인더스파크,15,86.6,32.6
남동인더스파크,16,123.7,38.5
남동인더스파크,17,551.3,59.0
남동인더스파크,18,445.0,60.1
남동인더스파크,19,138.7,69.5
남동인더스파크,20,142.4,37.5
남동인더스파크,21,77.5,27.2
남동인더스파크,22,19.3,19.1
남동인더스파크,23,7.5,12.4
남부터미널,0,28.9,80.1
남부터미널,1,0.0,0.1
남부터미널,4,1.0,0.6
남부터미널,5,106.3,46.2
남부터미널,6,318.5,940.7
남부터미널,7,1021.9,2313.3
남부터미널,8,1545.8,5306.1
남부터미널,9,1291.3,3022.1
남부터미널,10,1227.5,1630.4
남부터미널,11,1369.6,1334.6
남부터미널,12,1410.3,1370.1
남부터미널,13,1494.0,1634.7
남부터미널,14,1553.6,1630.6
남부터미널,15,1813.8,1584.3
남부터미널,16,2275.4,1685.7
남부터미널,17,3912.2,1859.2
남부터미널,18,4682.0,2070.0
남부터미널,19,2138.3,1327.4
남부터미널,20,1461.2,865.8
남부터미널,21,1207.6,673.3
남부터미널,22,989.5,554.1
남부터미널,23,241.0,323.7
남성,0,12.5,99.4
남성,1,0.0,0.1
남성,4,1.1,0.1
남성,5,208.6,32.7
남성,6,489.4,135.6
남성,7,1298.7,214.8
남성,8,1786.4,468.4
남성,9,1109.4,390.1
남성,10,680.8,366.6
남성,11,559.1,354.4
남성,12,564.5,402.0
남성,13,558.1,434.1
남성,14,493.5,464.5
남성,15,477.9,610.7
남성,16,487.3,692.8
남성,17,483.1,955.2
남성,18,453.6,1423.7
남성,19,299.8,1035.1
남성,20,269.3,677.4
남성,21,221.5,581.9
남성,22,144.6,522.9
남성,23,66.9,317.0
남영,0,10.6,34.4
남영,4,5.8,0.0
남영,5,80.8,40.8
남영,6,175.5,195.9
남영,7,458.4,656.1
남영,8,669.2,1451.5
남영,9,401.3,873.5
남영,10,324.5,410.6
남영,11,333.9,357.6
남영,12,397.4,363.1
남영,13,454.1,466.2
남영,14,398.2,381.0
남영,15,452.5,406.9
남영,16,578.1,469.4
남영,17,939.5,620.2
남영,18,1180.9,889.4
남영,19,549.3,557.7
남영,20,469.5,368.8
남영,21,472.7,328.3
남영,22,379.8,297.4
남영,23,170.1,171.9
남위례,0,24.9,46.6
남위례,4,0.3,0.0
남위례,5,77.9,53.5
남위례,6,307.5,162.3
남위례,7,859.1,334.4
남위례,8,981.0,848.9
남위례,9,525.8,404.4
남위례,10,362.9,249.5
남위례,11,326.9,229.2
남위례,12,338.5,250.4
남위례,13,357.1,322.4
남위례,14,346.2,308.5
남위례,15,423.9,347.6
남위례,16,446.8,455.5
남위례,17,609.2,634.9
남위례,18,669.2,972.1
남위례,19,309.1,680.6
남위례,20,267.0,432.8
남위례,21,240.6,356.8
남위례,22,179.7,346.4
남위례,23,73.9,202.7
남태령,0,0.7,5.1
남태령,4,0.5,0.0
남태령,5,19.8,2.5
남태령,6,37.3,68.0
남태령,7,82.9,201.5
남태령,8,122.3,191.7
남태령,9,87.5,60.2
남태령,10,71.5,42.7
남태령,11,73.7,34.4
남태령,12,81.6,39.9
남태령,13,64.3,39.5
남태령,14,63.7,45.9
남태령,15,88.4,46.7
남태령,16,127.2,53.9
남태령,17,176.5,54.8
남태령,18,129.9,57.9
남태령,19,49.2,49.5
남태령,20,33.7,51.7
남태령,21,26.2,37.5
남태령,22,16.8,33.7
남태령,23,6.5,17.3
남한산성입구,0,7.9,115.9
남한산성입구,4,2.1,0.1
남한산성입구,5,362.5,48.2
남한산성입구,6,680.8,139.0
남한산성입구,7,1560.8,358.7
남한산성입구,8,1893.5,631.9
남한산성입구,9,1006.4,383.3
남한산성입구,10,657.9,293.7
남한산성입구,11,585.6,299.8
남한산성입구,12,569.7,342.8
남한산성입구,13,508.2,370.3
남한산성입구,14,461.6,387.5
남한산성입구,15,449.9,559.8
남한산성입구,16,514.1,673.6
남한산성입구,17,599.5,887.1
남한산성입구,18,629.3,1357.2
남한산성입구,19,291.9,1005.7
남한산성입구,20,195.6,665.4
남한산성입구,21,141.3,666.4
남한산성입구,22,87.5,522.7
남한산성입구,23,37.2,325.9
내방,0,22.1,94.5
내방,1,0.0,6.1
내방,4,0.7,0.0
내방,5,89.8,59.7
내방,6,284.4,441.3
내방,7,690.4,932.8
내방,8,985.5,2568.4
내방,9,750.4,1537.0
내방,10,562.0,753.4
내방,11,554.0,596.1
내방,12,619.9,610.2
내방,13,678.3,659.6
내방,14,712.5,598.5
내방,15,801.5,593.9
내방,16,952.2,642.1
내방,17,1553.1,883.9
내방,18,2190.1,1152.9
내방,19,905.9,729.4
내방,20,655.7,475.5
내방,21,645.1,408.3
내방,22,465.4,347.2
내방,23,131.6,215.1
노들,0,8.7,42.9
노들,4,0.3,0.0
노들,5,150.0,13.0
노들,6,244.4,53.8
노들,7,655.6,93.2
노들,8,795.9,132.5
노들,9,445.5,120.2
노들,10,310.9,116.4
노들,11,240.6,119.8
노들,12,257.8,152.8
노들,13,245.8,163.4
노들,14,203.7,195.4
노들,15,197.3,227.6
노들,16,221.2,289.6
노들,17,236.2,388.5
노들,18,214.6,575.3
노들,19,124.1,415.5
노들,20,101.9,283.6
노들,21,87.8,252.7
노들,22,67.2,250.0
노들,23,32.4,131.8
노량진,0,56.5,296.7
노량진,1,0.0,0.1
노량진,4,33.6,1.0
노량진,5,809.2,166.4
노량진,6,1200.9,751.4
노량진,7,2983.5,1613.0
노량진,8,4032.7,2635.7
노량진,9,2260.6,1645.0
노량진,10,1521.0,1056.3
노량진,11,1445.0,1174.9
노량진,12,1704.4,1385.6
노량진,13,1855.9,1574.3
노량진,14,1546.7,1361.6
노량진,15,1576.1,1547.1
노량진,16,1999.3,1977.7
노량진,17,2447.6,3045.4
노량진,18,2403.5,4466.5
노량진,19,1517.8,2787.2
노량진,20,1538.2,1940.5
노량진,21,1769.6,1875.1
노량진,22,1716.7,1806.5
노량진,23,524.5,1049.5
노원,0,131.3,342.9
노원,1,0.2,24.3
노원,2,0.0,0.0
노원,4,11.9,0.5
노원,5,709.6,112.1
노원,6,1384.0,554.5
노원,7,3168.6,1077.6
노원,8,3172.9,2793.7
노원,9,2059.1,2779.4
노원,10,1888.6,2149.7
노원,11,2021.2,2137.2
노원,12,2320.2,2350.5
노원,13,2342.2,2575.6
노원,14,2393.2,2483.4
노원,15,2582.9,2658.5
노원,16,2789.7,3030.4
노원,17,2822.3,3637.2
노원,18,2894.9,5012.0
노원,19,2095.2,3853.8
노원,20,2034.0,2203.3
노원,21,1790.7,1806.1
노원,22,1542.0,1564.0
노원,23,646.5,1064.1
녹번,0,8.4,125.3
녹번,4,1.9,0.1
녹번,5,326.6,17.1
녹번,6,856.7,125.4
녹번,7,2292.2,263.5
녹번,8,2519.1,596.6
녹번,9,1387.1,352.6
녹번,10,863.0,304.6
녹번,11,725.0,337.0
녹번,12,731.5,417.6
녹번,13,648.6,479.2
녹번,14,552.0,535.6
녹번,15,541.8,675.2
녹번,16,599.9,894.7
녹번,17,598.7,1208.5
녹번,18,657.1,2063.4
녹번,19,331.4,1623.9
녹번,20,256.0,1004.6
녹번,21,186.7,894.9
녹번,22,129.1,800.8
녹번,23,50.6,451.6
녹사평,0,26.1,28.4
녹사평,4,1.1,0.0
녹사평,5,42.3,24.4
녹사평,6,70.8,195.7
녹사평,7,148.6,285.5
녹사평,8,231.3,627.5
녹사평,9,202.7,305.5
녹사평,10,158.7,244.4
녹사평,11,175.6,247.2
녹사평,12,185.9,291.6
녹사평,13,210.5,296.5
녹사평,14,231.3,294.9
녹사평,15,294.5,335.9
녹사평,16,420.2,343.0
녹사평,17,510.6,433.2
녹사평,18,645.0,508.0
녹사평,19,384.4,352.9
녹사평,20,373.8,229.1
녹사평,21,428.9,186.1
녹사평,22,372.5,164.0
녹사평,23,193.3,103.0
녹양,0,3.4,43.5
녹양,4,23.3,0.0
녹양,5,185.6,32.7
녹양,6,263.3,73.7
녹양,7,535.7,165.1
녹양,8,431.1,268.2
녹양,9,294.5,149.9
녹양,10,263.5,124.6
녹양,11,247.6,174.8
녹양,12,261.4,178.0
녹양,13,226.4,179.8
녹양,14,198.3,162.7
녹양,15,218.1,234.9
녹양,16,224.8,236.0
녹양,17,242.0,361.4
녹양,18,247.1,431.8
녹양,19,116.2,414.5
녹양,20,95.7,278.4
녹양,21,70.9,203.1
녹양,22,48.5,210.9
녹양,23,16.8,110.5
녹천,0,1.6,26.2
녹천,4,48.3,2.2
녹천,5,154.4,24.5
녹천,6,277.8,58.2
녹천,7,696.0,143.6
녹천,8,597.1,169.3
녹천,9,341.4,107.4
녹천,10,265.0,121.5
녹천,11,217.4,114.2
녹천,12,243.6,148.2
녹천,13,199.2,146.5
녹천,14,163.6,171.5
녹천,15,172.4,194.9
녹천,16,228.7,260.4
녹천,17,197.9,315.3
녹천,18,161.8,492.2
녹천,19,112.4,388.2
녹천,20,70.5,250.4
녹천,21,58.8,213.1
녹천,22,35.4,206.5
녹천,23,15.8,113.2
논현,0,102.6,74.9
논현,4,0.6,0.0
논현,5,92.3,38.7
논현,6,147.3,534.6
논현,7,298.1,1432.6
논현,8,464.4,3545.2
논현,9,413.4,3185.2
논현,10,398.9,1289.5
논현,11,484.3,823.0
논현,12,540.3,767.8
논현,13,598.8,856.0
논현,14,755.1,766.8
논현,15,924.5,697.2
논현,16,1160.9,775.3
논현,17,2161.4,954.9
논현,18,3316.6,1121.5
논현,19,1873.4,643.2
논현,20,1241.5,394.3
논현,21,1207.0,325.0
논현,22,1104.3,248.3
논현,23,571.0,172.5
능곡,0,0.9,66.0
능곡,1,0.0,0.1
능곡,4,4.1,0.1
능곡,5,143.7,21.1
능곡,6,291.1,75.2
능곡,7,641.7,111.0
능곡,8,568.2,233.9
능곡,9,319.8,149.7
능곡,10,238.9,134.7
능곡,11,209.5,142.3
능곡,12,205.7,141.4
능곡,13,192.2,167.4
능곡,14,182.4,173.7
능곡,15,189.1,209.7
능곡,16,201.4,254.6
능곡,17,228.0,336.7
능곡,18,217.5,478.4
능곡,19,124.6,427.4
능곡,20,98.3,232.7
능곡,21,71.8,248.9
능곡,22,46.3,222.7
능곡,23,19.2,129.4
능길,0,59.1,56.6
능길,1,1.6,0.0
능길,2,2.4,0.0
능길,3,9.4,11.8
능길,4,63.9,30.9
능길,5,213.8,207.8
능길,6,597.1,429.8
능길,7,739.8,510.2
능길,8,428.9,347.5
능길,9,279.0,187.4
능길,10,240.7,200.5
능길,11,250.5,177.2
능길,12,260.4,228.6
능길,13,218.5,223.4
능길,14,224.9,233.8
능길,15,269.6,328.1
능길,16,408.2,405.2
능길,17,514.1,597.6
능길,18,380.6,629.1
능길,19,214.1,301.8
능길,20,160.5,302.8
능길,21,97.8,210.9
능길,22,68.8,84.6
능길,23,8.8,6.9
다산,0,0.8,0.8
다산,5,27.2,5.0
다산,6,156.6,5.6
다산,7,396.2,34.6
다산,8,284.1,53.2
다산,9,115.0,31.8
다산,10,60.8,26.5
다산,11,43.3,26.8
다산,12,43.7,37.0
다산,13,36.1,41.3
다산,14,30.1,39.5
다산,15,36.8,71.8
다산,16,33.3,111.3
다산,17,52.4,279.1
다산,18,46.6,301.3
다산,19,12.5,122.2
다산,20,12.4,95.1
다산,21,11.8,98.3
다산,22,5.1,23.2
다산,23,0.8,0.8
단대오거리,0,12.7,107.4
단대오거리,4,1.0,0.1
단대오거리,5,353.6,54.3
단대오거리,6,675.3,186.9
단대오거리,7,1573.5,419.7
단대오거리,8,1781.9,587.0
단대오거리,9,915.5,340.6
단대오거리,10,592.7,300.4
단대오거리,11,538.1,326.8
단대오거리,12,554.5,380.3
단대오거리,13,506.9,406.1
단대오거리,14,456.0,461.1
단대오거리,15,444.2,606.2
단대오거리,16,528.6,753.3
단대오거리,17,629.0,987.7
단대오거리,18,682.4,1572.9
단대오거리,19,344.1,1146.0
단대오거리,20,232.1,726.4
단대오거리,21,190.1,640.6
단대오거리,22,107.4,559.6
단대오거리,23,49.5,342.4
달월,0,0.3,0.3
달월,5,0.8,2.8
달월,6,1.2,3.8
달월,7,4.5,5.6
달월,8,3.5,12.1
달월,9,2.1,3.8
달월,10,2.2,3.0
달월,11,3.5,2.8
달월,12,3.2,4.0
달월,13,4.0,3.1
달월,14,4.2,2.7
달월,15,3.8,3.0
달월,16,5.8,3.4
달월,17,13.6,4.8
달월,18,27.6,4.5
달월,19,5.1,3.4
달월,20,2.4,1.4
달월,21,1.2,1.5
달월,22,0.5,1.4
달월,23,0.4,1.1
답십리,0,18.8,138.8
답십리,1,0.0,0.7
답십리,4,0.5,0.1
답십리,5,300.2,41.0
답십리,6,735.7,310.9
답십리,7,2016.3,481.0
답십리,8,2650.1,1039.3
답십리,9,1249.2,612.4
답십리,10,770.6,421.5
답십리,11,654.6,444.9
답십리,12,714.6,508.6
답십리,13,690.6,561.5
답십리,14,638.8,531.4
답십리,15,667.6,685.2
답십리,16,801.3,830.3
답십리,17,948.8,1168.5
답십리,18,1055.7,2043.3
답십리,19,542.7,1273.9
답십리,20,386.5,856.3
답십리,21,306.4,763.6
답십리,22,215.4,700.5
답십리,23,96.7,413.6
당고개,0,31.1,48.5
당고개,1,2.0,2.2
당고개,2,0.8,0.0
당고개,4,10.2,4.8
당고개,5,296.7,35.1
당고개,6,616.6,49.3
당고개,7,1149.3,126.5
당고개,8,746.1,162.3
당고개,9,383.8,121.6
당고개,10,226.0,117.4
당고개,11,236.6,139.7
당고개,12,244.9,184.7
당고개,13,226.1,184.9
당고개,14,156.5,238.3
당고개,15,194.9,358.6
당고개,16,172.5,454.8
당고개,17,152.5,719.1
당고개,18,147.1,902.3
당고개,19,85.2,442.6
당고개,20,58.4,398.0
당고개,21,19.1,328.4
당고개,22,16.3,143.5
당고개,23,5.8,15.9
당곡,0,6.3,44.6
당곡,5,71.5,7.9
당곡,6,156.7,53.5
당곡,7,481.0,166.5
당곡,8,652.0,304.3
당곡,9,417.3,210.0
당곡,10,266.3,188.7
당곡,11,256.2,172.5
당곡,12,273.4,197.5
당곡,13,255.5,203.1
당곡,14,232.5,229.1
당곡,15,240.6,279.5
당곡,16,253.5,288.9
당곡,17,304.4,396.1
당곡,18,330.9,580.6
당곡,19,189.1,441.2
당곡,20,163.1,268.7
당곡,21,103.6,239.3
당곡,22,67.7,216.5
당곡,23,31.2,127.4
당산,0,103.5,331.6
당산,1,0.3,13.3
당산,4,3.7,0.3
당산,5,598.8,159.1
당산,6,1307.4,669.5
당산,7,3555.7,1593.3
당산,8,4225.0,4167.4
당산,9,2407.9,1924.9
당산,10,1741.0,1176.0
당산,11,1660.5,1179.3
당산,12,1781.1,1311.6
당산,13,1686.7,1473.9
당산,14,1581.6,1443.8
당산,15,1639.1,1676.4
당산,16,1933.0,2152.6
당산,17,2828.5,3282.6
당산,18,3561.0,4823.7
당산,19,1689.9,3361.4
당산,20,1406.2,2283.9
당산,21,1369.1,2217.8
당산,22,1130.6,1991.5
당산,23,554.8,1240.1
당정,0,2.4,35.8
당정,4,2.7,0.0
당정,5,166.9,30.0
당정,6,380.3,130.5
당정,7,794.5,301.8
당정,8,681.0,484.6
당정,9,364.9,186.2
당정,10,269.2,130.6
당정,11,266.1,156.6
당정,12,298.9,156.0
당정,13,244.7,170.2
당정,14,206.1,165.8
당정,15,246.6,224.4
당정,16,268.8,313.5
당정,17,337.9,426.9
당정,18,421.8,690.0
당정,19,175.9,517.5
당정,20,131.5,354.5
당정,21,100.8,303.6
당정,22,77.0,270.4
당정,23,33.1,188.1
대곡,0,46.9,75.4
대곡,1,0.0,0.0
대곡,4,11.6,0.2
대곡,5,115.2,109.5
대곡,6,358.8,427.7
대곡,7,961.9,1133.1
대곡,8,1024.9,1340.9
대곡,9,563.9,729.9
대곡,10,380.5,477.8
대곡,11,335.4,438.1
대곡,12,390.5,449.5
대곡,13,423.2,415.2
대곡,14,411.0,413.0
대곡,15,496.8,438.8
대곡,16,677.3,491.8
대곡,17,982.1,649.9
대곡,18,1464.1,943.7
대곡,19,1021.8,663.4
대곡,20,613.5,397.3
대곡,21,579.7,381.7
대곡,22,485.2,347.9
대곡,23,262.2,240.9
대공원,0,0.7,1.2
대공원,4,0.0,0.0
대공원,5,4.3,13.3
대공원,6,19.5,137.3
대공원,7,35.8,146.3
대공원,8,44.1,491.2
대공원,9,64.0,572.5
대공원,10,73.7,438.1
대공원,11,242.2,276.4
대공원,12,258.5,234.8
대공원,13,215.3,290.1
대공원,14,232.1,339.6
대공원,15,290.9,484.2
대공원,16,351.5,457.5
대공원,17,402.7,273.5
대공원,18,408.1,75.4
대공원,19,160.7,40.9
대공원,20,123.7,26.4
대공원,21,352.4,22.9
대공원,22,671.8,20.9
대공원,23,71.1,10.8
대림,0,48.4,245.4
대림,1,0.1,6.6
대림,4,33.7,0.9
대림,5,1482.8,135.8
대림,6,1284.8,528.8
대림,7,2900.8,1076.5
대림,8,4036.0,2375.3
대림,9,2701.2,1654.1
대림,10,1788.2,1689.1
대림,11,1561.9,1674.6
대림,12,1656.2,1617.5
대림,13,1682.0,1589.1
대림,14,1622.0,1578.0
대림,15,1740.5,1929.3
대림,16,1813.5,2205.7
대림,17,2118.5,2775.6
대림,18,2282.2,3085.0
대림,19,1303.9,2240.7
대림,20,996.3,1783.8
대림,21,739.5,2203.3
대림,22,585.0,1943.9
대림,23,307.6,951.6
대모산입구,0,0.4,8.1
대모산입구,4,0.2,0.0
대모산입구,5,89.3,19.8
대모산입구,6,252.2,112.0
대모산입구,7,724.7,231.4
대모산입구,8,762.5,389.4
대모산입구,9,466.6,217.7
대모산입구,10,308.8,160.0
대모산입구,11,282.5,175.7
대모산입구,12,290.0,229.8
대모산입구,13,278.9,249.4
대모산입구,14,244.8,239.6
대모산입구,15,253.8,294.4
대모산입구,16,311.9,335.0
대모산입구,17,347.0,444.9
대모산입구,18,346.1,611.5
대모산입구,19,173.0,486.4
대모산입구,20,133.4,313.6
대모산입구,21,97.4,306.8
대모산입구,22,66.5,309.6
대모산입구,23,21.5,146.9
대방,0,10.3,84.3
대방,1,0.0,1.8
대방,4,19.2,0.1
대방,5,236.2,98.0
대방,6,428.8,405.9
대방,7,1073.5,1244.8
대방,8,1383.1,1738.2
대방,9,786.4,805.4
대방,10,592.5,494.4
대방,11,596.0,466.4
대방,12,626.2,518.0
대방,13,625.7,547.4
대방,14,608.2,512.0
대방,15,693.4,555.7
대방,16,764.5,674.4
대방,17,1279.5,931.9
대방,18,1423.1,1353.8
대방,19,586.1,820.1
대방,20,435.0,607.5
대방,21,385.2,587.3
대방,22,256.2,516.4
대방,23,94.9,320.9
대성리,0,0.3,0.3
대성리,1,0.0,0.0
대성리,4,0.2,0.0
대성리,5,50.0,3.9
대성리,6,51.9,10.7
대성리,7,52.6,19.7
대성리,8,45.6,35.3
대성리,9,62.7,21.4
대성리,10,115.1,31.8
대성리,11,146.4,35.0
대성리,12,47.1,47.7
대성리,13,34.2,94.7
대성리,14,33.0,251.9
대성리,15,37.1,89.0
대성리,16,38.2,47.4
대성리,17,38.8,46.1
대성리,18,36.1,25.0
대성리,19,16.1,24.7
대성리,20,11.9,20.3
대성리,21,9.6,12.2
대성리,22,7.3,9.9
대성리,23,2.4,11.2
대야미,0,5.3,36.4
대야미,1,0.0,0.0
대야미,4,2.7,0.6
대야미,5,113.8,64.4
대야미,6,295.8,127.5
대야미,7,624.6,189.0
대야미,8,655.1,239.5
대야미,9,372.2,136.9
대야미,10,287.5,138.9
대야미,11,254.7,150.9
대야미,12,256.1,165.1
대야미,13,256.0,177.0
대야미,14,220.3,190.2
대야미,15,234.7,256.0
대야미,16,277.4,320.9
대야미,17,280.0,346.6
대야미,18,327.1,547.2
대야미,19,165.9,397.0
대야미,20,141.0,306.5
대야미,21,81.8,238.8
대야미,22,53.5,243.1
대야미,23,32.7,141.7
대청,0,11.3,85.7
대청,1,0.0,0.7
대청,4,1.6,0.0
대청,5,134.3,42.8
대청,6,424.9,258.9
대청,7,1012.1,595.2
대청,8,1238.6,933.0
대청,9,683.6,420.2
대청,10,515.7,301.4
대청,11,496.7,288.9
대청,12,491.5,372.7
대청,13,484.3,392.1
대청,14,496.0,392.8
대청,15,572.3,478.8
대청,16,650.9,519.0
대청,17,861.0,738.3
대청,18,883.0,1032.4
대청,19,395.3,783.5
대청,20,311.9,536.5
대청,21,233.9,498.5
대청,22,176.3,521.1
대청,23,58.4,260.2
대치,0,15.0,65.0
대치,1,0.0,0.2
대치,4,0.7,0.1
대치,5,105.0,26.7
대치,6,466.2,282.9
대치,7,960.2,811.0
대치,8,963.2,1014.0
대치,9,597.7,762.0
대치,10,496.2,501.2
대치,11,462.2,482.9
대치,12,585.3,659.8
대치,13,626.6,758.4
대치,14,566.9,689.8
대치,15,592.9,722.8
대치,16,736.9,855.9
대치,17,1146.6,1077.9
대치,18,980.2,1147.5
대치,19,636.5,786.6
대치,20,480.0,477.6
대치,21,625.1,456.1
대치,22,1457.8,358.6
대치,23,129.9,200.5
대화,0,4.9,84.0
대화,4,4.6,0.1
대화,5,248.3,47.0
대화,6,731.2,155.0
대화,7,1481.5,416.0
대화,8,1112.7,540.8
대화,9,767.5,390.1
대화,10,640.1,373.2
대화,11,559.9,345.9
대화,12,569.0,417.8
대화,13,507.3,433.2
대화,14,506.8,441.7
대화,15,509.6,536.3
대화,16,563.8,505.4
대화,17,614.5,716.6
대화,18,515.1,848.9
대화,19,274.0,760.2
대화,20,243.2,516.4
대화,21,245.2,457.3
대화,22,186.3,384.2
대화,23,48.9,257.9
대흥,0,20.7,63.8
대흥,1,0.0,0.0
대흥,4,0.4,0.0
대흥,5,81.8,37.4
대흥,6,197.3,180.9
대흥,7,554.7,606.8
대흥,8,773.8,1024.2
대흥,9,505.5,692.4
대흥,10,392.7,458.5
대흥,11,393.3,400.7
대흥,12,443.8,517.5
대흥,13,529.3,598.4
대흥,14,462.2,454.1
대흥,15,542.9,509.3
대흥,16,615.5,551.5
대흥,17,843.3,700.0
대흥,18,971.1,954.1
대흥,19,474.4,565.3
대흥,20,421.9,358.3
대흥,21,427.2,319.2
대흥,22,380.0,307.3
대흥,23,129.6,225.6
덕계,0,8.9,75.0
덕계,4,1.1,0.1
덕계,5,232.4,34.3
덕계,6,515.6,126.2
덕계,7,1057.2,176.9
덕계,8,1006.8,246.4
덕계,9,473.5,162.7
덕계,10,384.6,125.8
덕계,11,333.0,166.1
덕계,12,286.7,209.4
덕계,13,286.3,221.0
덕계,14,233.5,255.4
덕계,15,240.7,308.3
덕계,16,281.2,390.9
덕계,17,272.3,579.0
덕계,18,246.8,847.6
덕계,19,154.7,678.0
덕계,20,126.0,457.1
덕계,21,93.4,373.3
덕계,22,81.1,302.8
덕계,23,42.0,226.7
덕소,0,0.2,55.1
덕소,4,53.7,0.5
덕소,5,127.4,20.7
덕소,6,350.8,70.8
덕소,7,818.5,152.6
덕소,8,621.2,183.6
덕소,9,401.1,181.5
덕소,10,350.9,148.6
덕소,11,310.3,172.5
덕소,12,284.4,197.7
덕소,13,272.4,233.6
덕소,14,251.7,229.5
덕소,15,237.7,307.5
덕소,16,267.9,355.4
덕소,17,243.6,456.2
덕소,18,203.6,633.8
덕소,19,134.5,689.6
덕소,20,103.5,288.9
덕소,21,81.0,340.3
덕소,22,63.8,290.0
덕소,23,29.5,217.5
덕정,0,7.5,68.6
덕정,4,0.0,0.0
덕정,5,184.0,29.4
덕정,6,373.3,168.3
덕정,7,714.9,275.5
덕정,8,661.5,395.0
덕정,9,396.4,214.4
덕정,10,337.8,169.9
덕정,11,318.3,190.2
덕정,12,293.6,210.1
덕정,13,337.3,248.0
덕정,14,271.6,256.8
덕정,15,299.9,294.0
덕정,16,279.5,325.8
덕정,17,348.6,427.4
덕정,18,368.0,554.5
덕정,19,171.0,509.0
덕정,20,119.7,300.8
덕정,21,85.6,312.7
덕정,22,61.9,231.3
덕정,23,36.2,157.4
도곡,0,10.1,64.6
도곡,1,0.0,6.8
도곡,4,2.3,0.4
도곡,5,108.6,56.9
도곡,6,349.7,402.2
도곡,7,798.3,1012.6
도곡,8,1035.5,1586.5
도곡,9,752.9,1215.2
도곡,10,636.8,575.8
도곡,11,631.6,549.3
도곡,12,670.8,550.2
도곡,13,693.1,615.6
도곡,14,719.2,606.3
도곡,15,810.5,624.3
도곡,16,937.5,692.1
도곡,17,1334.1,866.5
도곡,18,1394.5,1075.9
도곡,19,672.8,810.3
도곡,20,496.9,538.5
도곡,21,430.0,487.6
도곡,22,336.7,420.5
도곡,23,79.5,225.0
도농,0,1.6,53.0
도농,1,0.0,0.0
도농,4,42.1,0.2
도농,5,274.4,38.5
도농,6,642.4,98.3
도농,7,1504.9,267.0
도농,8,1206.3,457.2
도농,9,655.3,259.7
도농,10,538.0,231.0
도농,11,484.6,262.9
도농,12,443.2,235.6
도농,13,398.8,334.4
도농,14,341.5,276.2
도농,15,378.9,535.9
도농,16,467.9,406.5
도농,17,437.1,659.7
도농,18,384.4,1177.1
도농,19,206.8,1087.3
도농,20,158.3,584.9
도농,21,133.3,501.1
도농,22,99.8,441.6
도농,23,40.5,325.4
도림천,0,1.3,10.5
도림천,1,0.0,0.1
도림천,4,0.0,0.0
도림천,5,15.7,9.6
도림천,6,51.0,28.1
도림천,7,125.0,124.7
도림천,8,128.3,163.6
도림천,9,82.9,77.7
도림천,10,70.5,46.3
도림천,11,56.7,41.3
도림천,12,65.8,51.7
도림천,13,65.5,64.6
도림천,14,69.8,57.5
도림천,15,78.2,62.7
도림천,16,83.4,65.4
도림천,17,100.1,83.3
도림천,18,126.4,127.5
도림천,19,47.0,93.8
도림천,20,35.3,66.3
도림천,21,30.4,55.5
도림천,22,15.7,45.8
도림천,23,7.2,32.6
도봉,0,5.4,44.2
도봉,4,15.1,0.5
도봉,5,236.7,40.5
도봉,6,346.4,107.0
도봉,7,657.4,157.5
도봉,8,582.6,367.4
도봉,9,444.4,261.7
도봉,10,373.3,244.5
도봉,11,349.8,239.9
도봉,12,332.0,293.0
도봉,13,323.6,282.9
도봉,14,302.3,297.1
도봉,15,307.0,351.4
도봉,16,301.3,391.1
도봉,17,327.2,470.0
도봉,18,352.4,548.5
도봉,19,155.2,481.6
도봉,20,114.7,295.4
도봉,21,81.1,251.9
도봉,22,57.8,221.0
도봉,23,26.1,134.3
도봉산,0,11.4,171.5
도봉산,1,0.0,1.6
도봉산,4,19.1,0.2
도봉산,5,422.2,84.3
도봉산,6,955.9,258.2
도봉산,7,2325.5,427.2
도봉산,8,1921.4,651.0
도봉산,9,1159.1,745.3
도봉산,10,855.0,788.5
도봉산,11,797.1,755.4
도봉산,12,839.9,786.0
도봉산,13,879.6,721.5
도봉산,14,873.6,710.8
도봉산,15,914.9,807.4
도봉산,16,935.5,927.0
도봉산,17,850.2,1094.8
도봉산,18,769.4,1529.1
도봉산,19,460.1,1432.7
도봉산,20,306.5,903.1
도봉산,21,208.5,755.3
도봉산,22,144.6,634.1
도봉산,23,65.1,433.1
도심,0,0.0,0.0
도심,4,0.3,0.0
도심,5,87.6,8.4
도심,6,239.6,29.5
도심,7,538.5,75.7
도심,8,364.5,158.0
도심,9,215.2,57.5
도심,10,174.8,63.5
도심,11,132.3,61.6
도심,12,145.0,82.6
도심,13,116.4,73.8
도심,14,111.7,63.5
도심,15,101.5,147.6
도심,16,120.3,101.5
도심,17,143.6,187.0
도심,18,85.0,244.9
도심,19,48.4,320.2
도심,20,39.6,111.7
도심,21,31.4,147.5
도심,22,26.0,149.5
도심,23,10.4,77.5
도원,0,1.2,42.5
도원,4,29.1,1.1
도원,5,74.4,47.4
도원,6,120.3,128.3
도원,7,245.5,184.3
도원,8,243.0,522.8
도원,9,159.7,123.4
도원,10,169.1,136.1
도원,11,155.4,109.9
도원,12,179.6,118.1
도원,13,167.1,122.8
도원,14,149.3,135.6
도원,15,219.3,149.7
도원,16,273.4,186.8
도원,17,245.5,244.6
도원,18,242.8,363.5
도원,19,91.1,259.8
도원,20,74.5,133.1
도원,21,293.8,111.9
도원,22,55.6,94.4
도원,23,14.2,69.6
도화,0,1.4,45.5
도화,4,18.5,0.0
도화,5,142.1,18.5
도화,6,239.5,68.4
도화,7,464.1,150.0
도화,8,409.8,224.2
도화,9,270.0,130.3
도화,10,233.2,130.9
도화,11,216.1,149.3
도화,12,207.0,160.9
도화,13,209.7,169.1
도화,14,188.7,174.7
도화,15,186.5,192.8
도화,16,205.8,267.1
도화,17,209.2,289.9
도화,18,206.6,360.5
도화,19,101.9,326.5
도화,20,87.7,191.8
도화,21,69.6,165.3
도화,22,41.3,135.9
도화,23,18.6,108.5
독립문,0,5.9,64.0
독립문,1,0.1,16.5
독립문,4,5.8,0.1
독립문,5,172.5,25.5
독립문,6,221.5,197.8
독립문,7,568.9,494.8
독립문,8,685.1,756.1
독립문,9,553.3,583.1
독립문,10,462.6,467.9
독립문,11,522.7,382.9
독립문,12,521.2,394.0
독립문,13,466.7,433.6
독립문,14,479.9,406.6
독립문,15,534.3,421.8
독립문,16,553.9,446.4
독립문,17,560.8,490.7
독립문,18,521.8,621.6
독립문,19,249.9,483.4
독립문,20,198.9,347.9
독립문,21,148.6,297.7
독립문,22,104.8,245.1
독립문,23,36.0,148.1
독바위,0,2.5,34.4
독바위,4,0.8,0.0
독바위,5,76.2,8.5
독바위,6,156.4,29.6
독바위,7,394.4,64.9
독바위,8,415.3,98.1
독바위,9,219.6,81.9
독바위,10,152.6,86.3
독바위,11,134.6,84.4
독바위,12,138.7,107.8
독바위,13,119.1,111.7
독바위,14,110.1,117.3
독바위,15,113.6,144.8
독바위,16,115.2,182.2
독바위,17,114.3,239.6
독바위,18,88.7,357.0
독바위,19,60.7,300.3
독바위,20,40.4,192.3
독바위,21,28.4,157.3
독바위,22,21.8,157.5
독바위,23,12.3,98.2
독산,0,4.8,24.2
독산,4,17.5,0.1
독산,5,267.8,66.1
독산,6,669.0,377.6
독산,7,1686.8,1508.0
독산,8,1547.2,2880.1
독산,9,785.2,1196.3
독산,10,581.9,432.8
독산,11,547.3,364.2
독산,12,594.3,350.4
독산,13,546.3,456.3
독산,14,520.9,404.9
독산,15,584.5,516.7
독산,16,893.4,622.0
독산,17,1736.4,922.2
독산,18,2070.8,1496.7
독산,19,823.1,1150.2
독산,20,523.7,719.0
독산,21,354.7,696.9
독산,22,207.2,676.4
독산,23,83.9,361.1
돌곶이,0,13.9,127.7
돌곶이,4,1.0,0.1
돌곶이,5,254.5,46.3
돌곶이,6,666.5,136.3
돌곶이,7,1835.2,250.9
돌곶이,8,1855.2,611.2
돌곶이,9,964.5,399.2
돌곶이,10,610.4,360.6
돌곶이,11,531.8,331.0
돌곶이,12,585.4,402.3
돌곶이,13,565.8,417.5
돌곶이,14,512.1,430.7
돌곶이,15,487.4,589.5
돌곶이,16,525.0,692.4
돌곶이,17,552.9,922.5
돌곶이,18,542.1,1524.2
돌곶이,19,360.4,1222.3
돌곶이,20,248.0,728.0
돌곶이,21,235.0,635.4
돌곶이,22,165.8,615.6
돌곶이,23,67.1,391.9
동대문,0,77.8,151.5
동대문,1,0.2,14.0
동대문,2,0.0,0.0
동대문,4,28.5,1.3
동대문,5,473.1,142.7
동대문,6,389.9,747.2
동대문,7,650.3,1582.8
동대문,8,1025.1,3019.3
동대문,9,1224.6,2960.5
동대문,10,1415.8,2968.1
동대문,11,1767.2,2932.9
동대문,12,2046.6,2590.3
동대문,13,2388.2,2641.2
동대문,14,2771.8,2580.2
동대문,15,3163.3,2326.8
동대문,16,3716.3,1946.5
동대문,17,4108.4,1621.3
동대문,18,3174.8,1454.1
동대문,19,1880.0,1354.2
동대문,20,1483.8,1027.6
동대문,21,1293.7,919.7
동대문,22,875.1,827.7
동대문,23,471.3,544.1
동대문역사문화공원,0,168.2,250.0
동대문역사문화공원,1,0.1,10.1
동대문역사문화공원,4,20.9,1.1
동대문역사문화공원,5,328.0,98.4
동대문역사문화공원,6,300.2,923.5
동대문역사문화공원,7,582.1,1995.1
동대문역사문화공원,8,1000.2,4848.9
동대문역사문화공원,9,1313.9,2930.5
동대문역사문화공원,10,1556.5,2467.0
동대문역사문화공원,11,1733.0,2345.2
동대문역사문화공원,12,1878.2,2378.3
동대문역사문화공원,13,2061.9,2571.5
동대문역사문화공원,14,2395.8,2442.6
동대문역사문화공원,15,2986.9,2264.2
동대문역사문화공원,16,3580.2,2151.7
동대문역사문화공원,17,4635.1,2254.3
동대문역사문화공원,18,5192.9,2488.9
동대문역사문화공원,19,3084.1,2181.0
동대문역사문화공원,20,2494.5,1700.4
동대문역사문화공원,21,2207.7,1566.8
동대문역사문화공원,22,1669.6,1392.3
동대문역사문화공원,23,922.3,841.7
동대입구,0,13.0,33.5
동대입구,1,0.0,2.0
동대입구,4,0.3,0.0
동대입구,5,49.4,41.3
동대입구,6,104.4,436.3
동대입구,7,183.3,633.1
동대입구,8,291.0,1802.5
동대입구,9,269.3,1042.8
동대입구,10,289.4,785.4
동대입구,11,342.5,646.9
동대입구,12,358.6,639.0
동대입구,13,557.4,636.0
동대입구,14,514.9,482.5
동대입구,15,574.8,422.9
동대입구,16,845.4,459.7
동대입구,17,1248.1,542.3
동대입구,18,1343.0,595.6
동대입구,19,663.8,352.1
동대입구,20,696.5,220.4
동대입구,21,537.5,204.0
동대입구,22,483.8,149.5
동대입구,23,109.7,90.2
동두천,0,0.2,17.4
동두천,4,1.5,0.0
동두천,5,37.6,17.7
동두천,6,71.8,60.7
동두천,7,141.9,143.7
동두천,8,152.0,120.4
동두천,9,114.5,67.2
동두천,10,97.7,57.8
동두천,11,99.2,70.2
동두천,12,101.8,91.6
동두천,13,104.5,83.0
동두천,14,96.8,82.2
동두천,15,107.8,85.0
동두천,16,113.2,79.5
동두천,17,96.6,106.4
동두천,18,108.0,117.8
동두천,19,52.2,92.3
동두천,20,31.7,81.0
동두천,21,18.4,71.3
동두천,22,13.9,43.4
동두천,23,4.6,51.0
동두천중앙,0,1.0,36.8
동두천중앙,1,0.1,0.0
동두천중앙,4,1.5,0.0
동두천중앙,5,94.8,18.7
동두천중앙,6,141.7,65.3
동두천중앙,7,280.2,145.6
동두천중앙,8,259.2,326.7
동두천중앙,9,189.9,135.1
동두천중앙,10,183.3,145.3
동두천중앙,11,171.9,146.3
동두천중앙,12,202.0,135.1
동두천중앙,13,167.5,137.2
동두천중앙,14,161.0,172.4
동두천중앙,15,170.5,157.4
동두천중앙,16,185.6,167.5
동두천중앙,17,199.1,188.5
동두천중앙,18,196.2,213.6
동두천중앙,19,92.7,172.7
동두천중앙,20,64.5,139.1
동두천중앙,21,47.9,107.0
동두천중앙,22,28.9,81.5
동두천중앙,23,12.9,63.3
동묘앞,0,24.7,158.2
동묘앞,1,0.0,12.3
동묘앞,4,8.8,0.3
동묘앞,5,265.6,66.1
동묘앞,6,309.9,323.6
동묘앞,7,655.4,650.3
동묘앞,8,1037.7,1596.7
동묘앞,9,871.1,1320.5
동묘앞,10,956.4,1495.7
동묘앞,11,1272.4,1769.8
동묘앞,12,1551.5,1845.5
동묘앞,13,1717.0,2128.5
동묘앞,14,1896.3,2034.3
동묘앞,15,2061.3,1897.9
동묘앞,16,2195.0,1633.1
동묘앞,17,2184.6,1325.1
동묘앞,18,1931.2,1240.8
동묘앞,19,1060.5,850.1
동묘앞,20,662.3,611.7
동묘앞,21,518.4,632.4
동묘앞,22,350.0,618.9
동묘앞,23,170.6,445.0
동수,0,67.1,72.3
동수,3,1.3,0.0
동수,4,87.8,10.5
동수,5,631.3,153.9
동수,6,1459.4,331.7
동수,7,2620.3,824.5
동수,8,1774.9,733.6
동수,9,857.7,463.3
동수,10,664.0,414.8
동수,11,646.8,479.7
동수,12,593.0,601.2
동수,13,469.5,595.6
동수,14,502.1,670.0
동수,15,596.7,831.4
동수,16,714.8,1158.4
동수,17,810.6,1950.1
동수,18,732.0,2089.6
동수,19,344.4,990.0
동수,20,289.1,849.8
동수,21,254.2,671.4
동수,22,116.1,329.6
동수,23,32.1,43.4
동암,0,9.9,142.3
동암,4,30.0,0.2
동암,5,724.9,103.3
동암,6,959.9,237.3
동암,7,1816.0,415.0
동암,8,1663.9,577.9
동암,9,1070.0,504.8
동암,10,853.5,441.6
동암,11,792.2,552.6
동암,12,813.5,567.0
동암,13,737.9,601.5
동암,14,646.1,624.0
동암,15,641.8,782.8
동암,16,701.3,992.6
동암,17,736.3,1417.4
동암,18,694.7,1780.0
동암,19,443.8,1634.3
동암,20,377.8,1009.6
동암,21,315.5,873.1
동암,22,242.0,759.1
동암,23,121.0,444.4
동오,0,16.0,23.1
동오,1,0.8,0.8
동오,2,0.0,0.7
동오,3,0.6,0.0
동오,4,134.4,8.1
동오,5,444.9,80.6
동오,6,1257.5,138.9
동오,7,1779.1,274.9
동오,8,1037.7,202.9
동오,9,595.3,159.3
동오,10,394.1,174.2
동오,11,362.9,207.5
동오,12,301.4,242.5
동오,13,239.5,275.7
동오,14,247.8,403.2
동오,15,251.4,503.4
동오,16,248.1,771.2
동오,17,298.2,1279.2
동오,18,200.5,1418.2
동오,19,79.6,719.3
동오,20,79.9,529.2
동오,21,30.8,445.7
동오,22,14.8,156.9
동오,23,1.4,1.0
동인천,0,0.7,98.4
동인천,4,54.0,0.3
동인천,5,235.6,77.2
동인천,6,592.2,401.1
동인천,7,1325.5,699.9
동인천,8,994.0,964.7
동인천,9,686.3,552.2
동인천,10,625.3,510.7
동인천,11,647.4,644.5
동인천,12,728.4,617.0
동인천,13,722.6,615.5
동인천,14,691.0,623.0
동인천,15,826.2,646.0
동인천,16,927.3,715.6
동인천,17,1144.7,886.9
동인천,18,1148.8,1083.6
동인천,19,535.9,1020.3
동인천,20,405.2,597.4
동인천,21,322.3,512.9
동인천,22,196.1,449.9
동인천,23,70.8,271.7
동작,0,8.6,43.0
동작,1,0.0,9.1
동작,4,1.3,0.2
동작,5,37.7,50.4
동작,6,91.1,326.8
동작,7,235.5,193.2
동작,8,269.4,290.3
동작,9,192.5,191.0
동작,10,150.9,170.6
동작,11,175.9,127.0
동작,12,177.2,133.5
동작,13,171.8,152.3
동작,14,160.3,140.5
동작,15,197.0,156.8
동작,16,309.5,154.7
동작,17,389.4,209.1
동작,18,321.5,280.3
동작,19,174.0,221.0
동작,20,163.2,187.7
동작,21,158.2,124.8
동작,22,113.6,101.0
동작,23,50.9,63.1
동천,0,2.9,52.7
동천,1,0.8,0.0
동천,4,19.0,3.1
동천,5,285.8,72.9
동천,6,1024.4,177.0
동천,7,1944.2,326.0
동천,8,1535.7,295.8
동천,9,886.5,245.6
동천,10,579.4,239.8
동천,11,503.5,248.4
동천,12,413.9,326.2
동천,13,341.7,395.2
동천,14,323.1,444.3
동천,15,347.1,591.0
동천,16,388.6,800.8
동천,17,424.8,1442.1
동천,18,379.5,1511.6
동천,19,199.2,908.7
동천,20,163.3,704.7
동천,21,82.3,722.7
동천,22,43.1,337.7
동천,23,3.7,46.0
둔촌동,0,12.8,87.2
둔촌동,4,0.3,0.0
둔촌동,5,220.9,19.7
둔촌동,6,582.7,200.8
둔촌동,7,1557.9,411.3
둔촌동,8,1618.6,869.4
둔촌동,9,919.5,621.8
둔촌동,10,679.3,530.8
둔촌동,11,671.3,493.1
둔촌동,12,698.4,577.2
둔촌동,13,688.7,686.8
둔촌동,14,654.1,620.7
둔촌동,15,679.8,774.1
둔촌동,16,728.5,898.7
둔촌동,17,866.8,1193.7
둔촌동,18,881.6,1774.2
둔촌동,19,532.2,1238.9
둔촌동,20,424.5,639.8
둔촌동,21,371.3,654.4
둔촌동,22,276.4,512.8
둔촌동,23,107.9,288.5
둔촌오륜,0,4.5,58.6
둔촌오륜,1,0.0,4.4
둔촌오륜,4,0.1,0.0
둔촌오륜,5,90.8,10.4
둔촌오륜,6,304.4,53.0
둔촌오륜,7,772.5,107.1
둔촌오륜,8,799.6,150.2
둔촌오륜,9,413.2,86.5
둔촌오륜,10,279.1,93.0
둔촌오륜,11,221.0,101.6
둔촌오륜,12,214.2,145.5
둔촌오륜,13,196.5,155.7
둔촌오륜,14,168.3,179.4
둔촌오륜,15,165.9,233.1
둔촌오륜,16,225.1,273.7
둔촌오륜,17,197.9,412.4
둔촌오륜,18,163.4,715.4
둔촌오륜,19,91.3,560.2
둔촌오륜,20,75.5,343.9
둔촌오륜,21,60.9,283.8
둔촌오륜,22,40.8,326.1
둔촌오륜,23,18.9,150.7
등촌,0,15.0,97.3
등촌,1,0.0,0.0
등촌,4,0.7,0.0
등촌,5,236.8,42.3
등촌,6,580.2,194.8
등촌,7,1774.2,299.9
등촌,8,2065.2,681.9
등촌,9,920.3,479.9
등촌,10,662.6,414.3
등촌,11,668.4,432.5
등촌,12,641.5,468.5
등촌,13,594.3,487.1
등촌,14,534.7,550.9
등촌,15,557.9,663.1
등촌,16,618.9,725.9
등촌,17,670.9,1142.4
등촌,18,667.4,1703.6
등촌,19,360.4,1272.4
등촌,20,290.4,751.8
등촌,21,226.1,638.5
등촌,22,164.8,540.6
등촌,23,69.8,305.7
디지털미디어시티,0,51.7,260.3
디지털미디어시티,1,0.0,0.3
디지털미디어시티,4,13.4,3.1
디지털미디어시티,5,405.5,141.9
디지털미디어시티,6,1023.5,792.8
디지털미디어시티,7,2783.8,2366.1
디지털미디어시티,8,2900.1,5142.3
디지털미디어시티,9,1601.2,2381.6
디지털미디어시티,10,1129.2,1014.7
디지털미디어시티,11,1049.6,857.6
디지털미디어시티,12,1131.4,964.6
디지털미디어시티,13,1059.0,987.1
디지털미디어시티,14,1059.7,941.4
디지털미디어시티,15,1197.9,1025.4
디지털미디어시티,16,1616.1,1371.6
디지털미디어시티,17,3199.5,2012.6
디지털미디어시티,18,4450.0,3014.7
디지털미디어시티,19,1795.5,2028.4
디지털미디어시티,20,1090.9,1287.0
디지털미디어시티,21,966.0,1193.8
디지털미디어시티,22,688.5,1107.9
디지털미디어시티,23,326.4,669.1
뚝섬,0,51.5,87.6
뚝섬,1,0.1,1.5
뚝섬,4,1.2,0.1
뚝섬,5,129.2,75.2
뚝섬,6,327.1,511.9
뚝섬,7,687.2,1532.7
뚝섬,8,925.2,4849.1
뚝섬,9,632.5,3365.2
뚝섬,10,547.6,1610.2
뚝섬,11,658.9,1305.9
뚝섬,12,825.2,1268.3
뚝섬,13,959.5,1282.8
뚝섬,14,1145.6,1165.1
뚝섬,15,1363.8,1180.5
뚝섬,16,1677.9,1237.2
뚝섬,17,2852.7,1389.3
뚝섬,18,4491.1,1649.0
뚝섬,19,2376.0,1020.1
뚝섬,20,1720.9,595.6
뚝섬,21,1435.9,517.2
뚝섬,22,857.3,433.7
뚝섬,23,335.9,265.1
뚝섬유원지,0,102.5,82.6
뚝섬유원지,1,9.7,8.1
뚝섬유원지,2,6.0,4.5
뚝섬유원지,3,3.2,5.5
뚝섬유원지,4,34.6,45.3
뚝섬유원지,5,323.2,299.1
뚝섬유원지,6,591.9,748.9
뚝섬유원지,7,1620.5,1635.6
뚝섬유원지,8,1692.8,1599.3
뚝섬유원지,9,1050.3,1043.4
뚝섬유원지,10,684.6,927.5
뚝섬유원지,11,619.0,930.0
뚝섬유원지,12,752.0,994.3
뚝섬유원지,13,786.1,989.1
뚝섬유원지,14,832.8,1069.9
뚝섬유원지,15,1065.4,1070.6
뚝섬유원지,16,1287.1,1357.8
뚝섬유원지,17,1823.9,1808.3
뚝섬유원지,18,1851.4,1927.6
뚝섬유원지,19,1249.2,988.2
뚝섬유원지,20,1187.2,826.0
뚝섬유원지,21,1166.2,763.5
뚝섬유원지,22,667.2,374.4
뚝섬유원지,23,149.8,56.9
마곡,0,19.4,65.7
마곡,4,0.0,0.0
마곡,5,104.0,109.1
마곡,6,320.6,406.4
마곡,7,878.3,1261.2
마곡,8,845.2,2987.0
마곡,9,519.1,1529.0
마곡,10,457.7,824.4
마곡,11,527.4,756.5
마곡,12,629.6,778.5
마곡,13,709.5,764.2
마곡,14,798.8,693.8
마곡,15,1038.8,719.5
마곡,16,1218.1,800.3
마곡,17,2057.2,939.3
마곡,18,2445.7,1276.2
마곡,19,1190.1,844.9
마곡,20,921.8,477.8
마곡,21,832.8,398.1
마곡,22,528.7,364.3
마곡,23,169.7,173.8
마곡나루,0,56.0,223.4
마곡나루,1,0.1,14.7
마곡나루,3,0.0,0.0
마곡나루,4,2.6,0.0
마곡나루,5,265.9,109.4
마곡나루,6,609.5,904.8
마곡나루,7,1591.6,3527.8
마곡나루,8,1717.6,5806.2
마곡나루,9,914.3,2525.6
마곡나루,10,737.4,1200.7
마곡나루,11,879.2,1034.6
마곡나루,12,1063.3,1134.6
마곡나루,13,1065.1,1162.1
마곡나루,14,1141.2,945.9
마곡나루,15,1519.2,974.5
마곡나루,16,2126.2,1185.4
마곡나루,17,5050.5,1690.6
마곡나루,18,4672.7,2366.2
마곡나루,19,2086.2,1579.7
마곡나루,20,1642.4,945.0
마곡나루,21,1499.9,909.6
마곡나루,22,1282.8,789.9
마곡나루,23,375.0,526.5
마두,0,4.5,40.9
마두,4,2.1,0.1
마두,5,125.2,71.5
마두,6,359.3,176.5
마두,7,630.3,291.0
마두,8,625.7,758.0
마두,9,451.5,510.2
마두,10,470.7,392.3
마두,11,463.8,370.6
마두,12,459.6,336.7
마두,13,439.0,448.6
마두,14,464.1,435.0
마두,15,497.6,439.3
마두,16,538.3,463.2
마두,17,582.4,528.4
마두,18,584.1,646.4
마두,19,238.5,556.7
마두,20,190.0,355.5
마두,21,154.4,301.5
마두,22,125.7,278.1
마두,23,35.1,177.5
마들,0,7.8,123.2
마들,4,0.7,0.0
마들,5,397.5,43.4
마들,6,926.5,100.1
마들,7,2186.5,264.9
마들,8,2056.2,416.1
마들,9,1080.4,355.0
마들,10,757.0,353.5
마들,11,707.5,385.4
마들,12,725.8,484.6
마들,13,606.5,510.5
마들,14,540.9,544.8
마들,15,551.3,673.6
마들,16,543.5,835.5
마들,17,485.4,1070.4
마들,18,430.9,1635.4
마들,19,286.4,1575.4
마들,20,199.0,901.9
마들,21,150.0,733.6
마들,22,108.0,660.0
마들,23,40.5,408.2
마산,0,13.9,37.5
마산,3,0.0,0.8
마산,4,12.6,6.5
마산,5,282.5,144.3
마산,6,1001.4,170.3
마산,7,1422.2,233.0
마산,8,899.4,245.8
마산,9,525.4,184.6
마산,10,366.7,185.8
마산,11,332.8,194.0
마산,12,319.6,278.7
마산,13,262.9,278.9
마산,14,236.7,393.3
마산,15,269.6,480.4
마산,16,316.7,643.5
마산,17,344.5,1058.2
마산,18,244.7,1138.1
마산,19,132.5,530.5
마산,20,100.4,450.2
마산,21,73.4,379.1
마산,22,47.0,167.5
마산,23,9.7,13.3
마석,0,1.2,24.5
마석,4,2.0,0.1
마석,5,47.7,20.3
마석,6,322.9,114.8
마석,7,529.0,220.2
마석,8,397.3,229.3
마석,9,285.4,183.4
마석,10,268.6,144.3
마석,11,206.0,166.5
마석,12,224.0,157.4
마석,13,209.0,195.4
마석,14,195.2,191.0
마석,15,198.5,232.9
마석,16,223.6,222.6
마석,17,239.9,292.5
마석,18,231.5,411.7
마석,19,107.7,348.9
마석,20,89.8,240.1
마석,21,69.8,168.1
마석,22,53.7,171.8
마석,23,19.6,77.3
마장,0,6.0,46.5
마장,1,0.0,0.2
마장,4,0.0,0.0
마장,5,85.6,16.8
마장,6,236.2,130.4
마장,7,560.2,222.5
마장,8,698.7,487.8
마장,9,412.0,310.0
마장,10,296.7,254.3
마장,11,281.4,237.3
마장,12,348.3,255.5
마장,13,306.9,243.8
마장,14,301.2,227.2
마장,15,304.7,252.5
마장,16,364.6,299.0
마장,17,371.8,413.4
마장,18,382.1,631.5
마장,19,236.2,405.6
마장,20,180.9,281.3
마장,21,175.1,254.5
마장,22,122.5,252.1
마장,23,39.2,146.8
마천,0,3.2,75.8
마천,4,4.7,0.0
마천,5,244.7,14.7
마천,6,499.5,96.0
마천,7,1387.1,152.4
마천,8,1017.5,357.1
마천,9,564.1,201.3
마천,10,358.4,209.5
마천,11,312.4,165.5
마천,12,335.2,232.6
마천,13,292.9,262.8
마천,14,259.7,242.4
마천,15,257.0,364.5
마천,16,293.0,398.9
마천,17,264.4,528.9
마천,18,317.1,842.5
마천,19,137.6,699.5
마천,20,126.1,355.1
마천,21,83.8,378.9
마천,22,48.3,343.8
마천,23,22.7,212.1
마포,0,28.8,69.5
마포,1,0.0,0.0
마포,4,0.4,0.0
마포,5,95.5,38.0
마포,6,313.5,254.7
마포,7,989.7,760.9
마포,8,1323.5,2596.9
마포,9,728.5,1155.6
마포,10,609.3,594.8
마포,11,601.8,608.8
마포,12,633.4,543.8
마포,13,661.5,582.1
마포,14,628.3,517.1
마포,15,674.5,577.2
마포,16,788.6,725.1
마포,17,1361.0,1112.4
마포,18,1988.7,1552.6
마포,19,736.8,875.8
마포,20,654.7,602.7
마포,21,700.5,532.0
마포,22,484.1,474.2
마포,23,199.2,260.5
마포구청,0,24.3,104.6
마포구청,4,1.3,0.3
마포구청,5,220.5,61.3
마포구청,6,508.8,260.8
마포구청,7,1396.5,531.2
마포구청,8,1870.1,1223.8
마포구청,9,1125.7,638.4
마포구청,10,734.7,456.6
마포구청,11,708.2,448.2
마포구청,12,717.4,575.7
마포구청,13,685.1,623.7
마포구청,14,630.2,561.7
마포구청,15,688.3,687.8
마포구청,16,798.1,740.5
마포구청,17,923.0,1006.0
마포구청,18,1227.8,1558.9
마포구청,19,601.0,1093.5
마포구청,20,451.0,732.1
마포구청,21,404.5,674.4
마포구청,22,307.4,643.0
마포구청,23,145.6,411.9
만수,0,34.2,39.3
만수,1,0.0,3.1
만수,4,17.4,10.3
만수,5,266.1,181.4
만수,6,605.5,481.0
만수,7,1130.3,844.0
만수,8,724.8,540.1
만수,9,424.8,277.2
만수,10,331.8,270.1
만수,11,355.9,265.9
만수,12,384.5,336.9
만수,13,323.0,332.9
만수,14,318.2,348.8
만수,15,395.5,420.9
만수,16,484.0,560.6
만수,17,732.2,883.3
만수,18,626.7,940.3
만수,19,243.7,374.6
만수,20,218.9,342.5
만수,21,160.3,270.5
만수,22,77.3,132.1
만수,23,21.5,20.9
망우,0,0.9,13.6
망우,4,17.7,0.2
망우,5,288.4,35.8
망우,6,403.5,97.5
망우,7,1103.7,183.3
망우,8,822.3,397.3
망우,9,514.7,298.6
망우,10,411.0,294.5
망우,11,376.6,312.7
망우,12,430.5,351.0
망우,13,396.0,318.6
망우,14,358.1,365.2
망우,15,367.8,448.2
망우,16,409.3,518.6
망우,17,408.2,655.1
망우,18,407.2,892.5
망우,19,260.2,726.9
망우,20,176.6,401.6
망우,21,142.4,342.8
망우,22,89.0,310.5
망우,23,36.7,200.9
망원,0,46.4,81.0
망원,4,0.4,0.1
망원,5,206.6,32.9
망원,6,375.1,191.2
망원,7,886.0,363.1
망원,8,1200.4,1142.3
망원,9,813.3,1105.7
망원,10,647.9,919.7
망원,11,679.6,1031.6
망원,12,890.0,1073.5
망원,13,884.5,1193.5
망원,14,900.2,1069.9
망원,15,956.5,1191.8
망원,16,1056.5,1271.1
망원,17,1196.9,1448.6
망원,18,1445.2,1729.8
망원,19,1035.0,1226.2
망원,20,936.9,677.7
망원,21,845.2,597.5
망원,22,658.4,502.7
망원,23,289.8,340.6
망월사,0,8.5,102.3
망월사,4,23.0,0.4
망월사,5,269.6,42.9
망월사,6,436.7,105.5
망월사,7,944.0,180.5
망월사,8,814.0,451.4
망월사,9,564.5,324.2
망월사,10,469.2,289.8
망월사,11,429.9,329.5
망월사,12,479.1,320.5
망월사,13,458.7,336.4
망월사,14,359.8,330.5
망월사,15,350.4,422.5
망월사,16,396.8,513.5
망월사,17,378.1,640.8
망월사,18,310.2,852.8
망월사,19,179.3,751.5
망월사,20,159.4,444.1
망월사,21,118.6,402.5
망월사,22,93.7,334.3
망월사,23,39.3,221.7
망포,0,4.2,30.3
망포,4,3.6,0.0
망포,5,241.3,90.7
망포,6,796.5,311.2
망포,7,1949.0,948.8
망포,8,1678.7,1443.6
망포,9,812.6,583.1
망포,10,548.3,352.7
망포,11,525.4,390.5
망포,12,541.5,417.8
망포,13,577.9,451.1
망포,14,510.9,422.9
망포,15,549.1,595.2
망포,16,700.6,751.5
망포,17,1189.7,1070.8
망포,18,1444.1,1706.3
망포,19,703.4,1482.6
망포,20,563.3,955.8
망포,21,448.9,717.4
망포,22,346.1,636.1
망포,23,121.4,399.6
매교,0,0.9,20.9
매교,4,17.0,0.1
매교,5,176.8,21.5
매교,6,381.2,86.0
매교,7,706.7,211.0
매교,8,679.4,408.7
매교,9,330.9,190.4
매교,10,215.4,149.3
매교,11,224.3,169.8
매교,12,225.5,180.3
매교,13,203.3,187.8
매교,14,176.0,198.2
매교,15,243.4,219.4
매교,16,340.4,285.7
매교,17,256.7,477.3
매교,18,262.0,673.1
매교,19,152.8,480.8
매교,20,117.4,330.3
매교,21,102.2,267.3
매교,22,80.0,231.2
매교,23,24.9,130.0
매봉,0,13.3,39.9
매봉,1,0.0,1.8
매봉,4,0.6,0.0
매봉,5,67.0,30.0
매봉,6,243.6,313.5
매봉,7,593.7,944.6
매봉,8,699.2,2770.1
매봉,9,492.5,1175.2
매봉,10,496.5,569.6
매봉,11,503.9,554.0
매봉,12,516.3,489.9
매봉,13,564.4,471.1
매봉,14,614.6,426.5
매봉,15,706.6,471.7
매봉,16,785.0,501.1
매봉,17,1423.2,659.0
매봉,18,2155.2,838.2
매봉,19,708.8,513.2
매봉,20,541.4,327.6
매봉,21,607.7,277.3
매봉,22,333.8,263.9
매봉,23,103.3,129.4
매탄권선,0,0.9,15.5
매탄권선,4,2.4,0.0
매탄권선,5,159.9,22.6
매탄권선,6,378.6,104.9
매탄권선,7,771.1,194.3
매탄권선,8,660.9,441.9
매탄권선,9,354.4,206.0
매탄권선,10,276.3,125.9
매탄권선,11,256.8,118.6
매탄권선,12,249.5,169.5
매탄권선,13,205.5,166.1
매탄권선,14,192.0,166.3
매탄권선,15,218.6,228.3
매탄권선,16,302.6,290.2
매탄권선,17,321.9,447.0
매탄권선,18,285.6,720.5
매탄권선,19,171.8,496.0
매탄권선,20,133.6,335.6
매탄권선,21,109.0,292.1
매탄권선,22,78.2,285.4
매탄권선,23,25.2,174.4
먹골,0,15.2,85.8
먹골,1,0.0,3.4
먹골,4,2.9,0.1
먹골,5,244.8,23.2
먹골,6,477.7,102.7
먹골,7,1128.6,201.1
먹골,8,1427.8,527.4
먹골,9,836.6,365.1
먹골,10,590.4,339.0
먹골,11,565.9,375.0
먹골,12,567.8,411.5
먹골,13,542.6,447.7
먹골,14,482.1,467.9
먹골,15,467.6,584.4
먹골,16,497.2,735.6
먹골,17,512.0,867.0
먹골,18,575.5,1291.9
먹골,19,368.8,1057.6
먹골,20,274.3,678.5
먹골,21,230.6,554.2
먹골,22,148.4,506.8
먹골,23,71.8,321.2
면목,0,15.2,143.4
면목,1,0.0,0.6
면목,4,1.6,0.1
면목,5,444.2,27.3
면목,6,807.5,168.3
면목,7,1796.7,283.3
면목,8,2244.7,686.8
면목,9,1267.9,476.7
면목,10,825.6,416.9
면목,11,673.0,461.8
면목,12,702.3,507.5
면목,13,660.9,560.2
면목,14,570.9,607.9
면목,15,558.9,812.4
면목,16,661.4,972.5
면목,17,644.5,1178.4
면목,18,668.6,1729.9
면목,19,475.9,1521.8
면목,20,309.7,922.0
면목,21,229.1,827.6
면목,22,152.6,777.5
면목,23,78.6,427.5
명동,0,93.5,95.6
명동,1,0.0,3.1
명동,4,0.7,0.1
명동,5,50.0,43.5
명동,6,132.7,863.3
명동,7,291.9,1946.9
명동,8,573.1,4578.2
명동,9,1087.6,3212.7
명동,10,1309.8,2336.8
명동,11,1574.9,2516.6
명동,12,1584.7,2662.3
명동,13,1784.4,2778.1
명동,14,2101.5,2558.0
명동,15,2518.1,2501.6
명동,16,3071.9,2652.2
명동,17,3863.1,2708.3
명동,18,4826.6,2557.8
명동,19,3058.1,1999.3
명동,20,2856.6,1617.1
명동,21,2880.6,1195.1
명동,22,2921.5,700.5
명동,23,1248.3,357.7
명일,0,11.2,76.9
명일,1,0.0,1.3
명일,4,0.6,0.0
명일,5,182.7,54.0
명일,6,423.8,127.1
명일,7,1029.2,223.0
명일,8,969.0,443.1
명일,9,563.5,307.9
명일,10,498.2,328.0
명일,11,438.6,309.4
명일,12,461.2,294.3
명일,13,410.5,373.3
명일,14,390.0,351.3
명일,15,386.5,467.0
명일,16,427.7,590.5
명일,17,397.3,599.5
명일,18,404.4,1065.2
명일,19,260.5,800.1
명일,20,219.4,455.0
명일,21,210.5,386.5
명일,22,126.4,385.0
명일,23,51.1,211.0
명지대,5,19.4,18.4
명지대,6,70.0,31.0
명지대,7,127.1,63.1
명지대,8,54.5,30.0
명지대,9,35.3,24.2
명지대,10,30.9,14.0
명지대,11,20.2,11.4
명지대,12,23.2,23.3
명지대,13,26.7,25.1
명지대,14,17.3,33.9
명지대,15,32.0,29.5
명지대,16,26.2,37.5
명지대,17,41.5,80.2
명지대,18,32.1,79.5
명지대,19,16.6,28.7
명지대,20,6.1,23.8
명지대,21,2.2,19.9
명지대,22,0.8,8.7
명학,0,2.5,41.2
명학,4,7.5,0.0
명학,5,210.7,63.4
명학,6,378.6,262.1
명학,7,830.2,881.1
명학,8,708.7,1525.9
명학,9,347.3,429.3
명학,10,269.7,211.3
명학,11,255.0,171.8
명학,12,273.4,201.5
명학,13,274.7,214.4
명학,14,267.7,208.6
명학,15,299.2,228.3
명학,16,399.7,290.2
명학,17,835.4,395.3
명학,18,1119.7,688.5
명학,19,340.7,542.8
명학,20,300.6,319.0
명학,21,176.6,262.1
명학,22,103.9,253.7
명학,23,43.0,166.2
모란,0,32.4,89.5
모란,1,0.0,13.7
모란,4,16.7,0.5
모란,5,596.9,102.4
모란,6,864.7,495.3
모란,7,2019.4,1007.3
모란,8,2463.2,1614.5
모란,9,1711.8,1237.6
모란,10,1296.1,1168.0
모란,11,1345.9,1228.1
모란,12,1461.8,1246.7
모란,13,1407.1,1226.1
모란,14,1341.7,1311.4
모란,15,1384.1,1566.0
모란,16,1606.5,1651.6
모란,17,1709.7,1801.8
모란,18,1685.2,2433.2
모란,19,961.8,1705.5
모란,20,729.6,1197.7
모란,21,621.8,1120.7
모란,22,495.3,910.6
모란,23,250.6,565.4
모래내시장,0,28.7,32.0
모래내시장,1,0.0,1.5
모래내시장,4,12.6,8.5
모래내시장,5,227.4,159.6
모래내시장,6,533.6,428.2
모래내시장,7,1002.3,748.6
모래내시장,8,638.3,479.8
모래내시장,9,371.4,246.7
모래내시장,10,289.3,234.1
모래내시장,11,313.4,234.1
모래내시장,12,338.4,293.6
모래내시장,13,280.3,290.1
모래내시장,14,277.4,298.0
모래내시장,15,345.0,366.1
모래내시장,16,424.2,490.1
모래내시장,17,646.9,782.0
모래내시장,18,553.2,833.2
모래내시장,19,215.3,324.9
모래내시장,20,193.3,300.0
모래내시장,21,142.1,236.8
모래내시장,22,68.5,114.4
모래내시장,23,17.9,17.4
목동,0,23.1,146.5
목동,4,1.0,0.0
목동,5,284.2,41.8
목동,6,746.7,191.4
목동,7,1939.8,568.2
목동,8,2259.2,989.5
목동,9,1142.2,729.7
목동,10,837.9,524.6
목동,11,763.5,494.1
목동,12,778.3,589.2
목동,13,727.9,737.7
목동,14,676.7,723.9
목동,15,712.5,852.1
목동,16,766.8,1085.1
목동,17,899.5,1611.7
목동,18,974.8,2635.4
목동,19,511.3,1699.9
목동,20,440.3,1040.9
목동,21,472.5,941.8
목동,22,504.5,873.1
목동,23,155.1,465.9
몽촌토성,0,29.8,53.0
몽촌토성,4,0.4,0.1
몽촌토성,5,77.9,51.0
몽촌토성,6,215.0,215.8
몽촌토성,7,600.8,444.6
몽촌토성,8,789.5,1111.9
몽촌토성,9,534.2,569.0
몽촌토성,10,374.2,339.2
몽촌토성,11,387.1,327.3
몽촌토성,12,379.9,344.9
몽촌토성,13,379.7,373.2
몽촌토성,14,368.5,361.9
몽촌토성,15,441.7,407.7
몽촌토성,16,495.4,507.6
몽촌토성,17,710.5,634.4
몽촌토성,18,918.8,799.9
몽촌토성,19,438.0,610.5
몽촌토성,20,371.8,401.8
몽촌토성,21,358.1,339.2
몽촌토성,22,296.6,309.5
몽촌토성,23,136.6,183.3
무악재,0,2.5,32.6
무악재,4,0.9,0.0
무악재,5,65.3,5.0
무악재,6,202.5,55.6
무악재,7,518.9,110.5
무악재,8,630.9,201.7
무악재,9,393.9,123.9
무악재,10,262.7,106.4
무악재,11,278.8,121.0
무악재,12,223.5,161.0
무악재,13,190.7,169.0
무악재,14,171.0,171.0
무악재,15,199.4,219.4
무악재,16,196.5,260.3
무악재,17,207.5,354.5
무악재,18,201.0,534.7
무악재,19,101.7,433.7
무악재,20,75.2,281.0
무악재,21,66.3,248.7
무악재,22,42.1,205.4
무악재,23,18.0,123.6
문래,0,92.6,113.2
문래,1,0.0,4.1
문래,4,0.5,0.1
문래,5,145.1,94.7
문래,6,504.9,425.8
문래,7,1458.9,1445.6
문래,8,1674.7,4571.2
문래,9,924.8,2105.1
문래,10,698.0,865.1
문래,11,673.2,774.1
문래,12,867.4,854.7
문래,13,833.3,887.9
문래,14,853.5,860.2
문래,15,960.5,924.9
문래,16,1206.7,1080.3
문래,17,2245.4,1473.3
문래,18,3655.2,2205.4
문래,19,1382.6,1428.6
문래,20,1033.0,802.0
문래,21,1054.1,686.1
문래,22,955.1,599.9
문래,23,480.1,357.2
문산,0,0.0,87.5
문산,4,25.1,0.1
문산,5,113.3,1.1
문산,6,283.9,106.6
문산,7,551.9,272.7
문산,8,543.4,454.0
문산,9,389.0,192.1
문산,10,292.3,232.4
문산,11,342.0,254.4
문산,12,361.9,262.7
문산,13,353.3,282.6
문산,14,341.3,223.6
문산,15,334.6,358.5
문산,16,346.2,358.0
문산,17,438.7,402.0
문산,18,394.9,496.0
문산,19,178.1,445.2
문산,20,140.4,339.6
문산,21,92.2,268.2
문산,22,62.7,253.9
문산,23,4.3,170.0
문정,0,49.5,63.5
문정,4,0.4,0.0
문정,5,91.3,123.2
문정,6,298.6,452.5
문정,7,902.7,2241.2
문정,8,1162.4,6277.8
문정,9,742.7,2686.5
문정,10,593.1,1057.5
문정,11,661.9,684.9
문정,12,761.6,718.4
문정,13,843.5,715.3
문정,14,969.1,658.8
문정,15,1026.4,670.6
문정,16,1290.0,808.4
문정,17,3236.3,957.6
문정,18,4484.2,1364.0
문정,19,1459.3,981.8
문정,20,1027.3,608.8
문정,21,843.4,517.3
문정,22,609.6,474.7
문정,23,233.8,221.4
문학경기장,0,42.0,48.9
문학경기장,1,0.0,3.5
문학경기장,4,24.2,15.9
문학경기장,5,318.3,213.4
문학경기장,6,709.8,562.5
문학경기장,7,1308.5,975.5
문학경기장,8,842.5,626.2
문학경기장,9,503.0,322.8
문학경기장,10,392.8,317.5
문학경기장,11,418.4,313.5
문학경기장,12,448.3,393.4
문학경기장,13,379.2,389.6
문학경기장,14,376.4,409.9
문학경기장,15,464.4,492.0
문학경기장,16,568.7,657.6
문학경기장,17,852.3,1025.3
문학경기장,18,730.4,1095.3
문학경기장,19,283.1,439.7
문학경기장,20,255.0,405.0
문학경기장,21,186.9,327.2
문학경기장,22,90.8,159.7
문학경기장,23,27.2,27.6
미금,0,4.4,58.5
미금,4,21.8,0.5
미금,5,129.4,30.6
미금,6,415.5,403.3
미금,7,870.5,817.5
미금,8,966.3,1568.7
미금,9,735.7,1193.9
미금,10,759.6,786.0
미금,11,866.5,759.2
미금,12,855.8,768.6
미금,13,830.1,834.8
미금,14,898.7,810.2
미금,15,1069.2,811.0
미금,16,1033.1,895.2
미금,17,1282.5,1044.9
미금,18,1305.2,1282.3
미금,19,713.5,907.6
미금,20,616.2,619.6
미금,21,578.7,534.8
미금,22,415.1,486.5
미금,23,130.1,253.7
미사,0,70.1,164.8
미사,4,0.3,0.0
미사,5,285.1,29.1
미사,6,818.6,278.9
미사,7,2313.0,478.6
미사,8,2210.6,1005.5
미사,9,1106.4,839.5
미사,10,822.1,669.2
미사,11,781.6,696.6
미사,12,845.3,739.1
미사,13,846.5,741.2
미사,14,797.9,867.3
미사,15,900.2,863.8
미사,16,954.2,1121.5
미사,17,1077.7,1510.1
미사,18,1108.0,2311.2
미사,19,705.5,2131.5
미사,20,655.5,1153.6
미사,21,636.1,972.7
미사,22,571.5,803.6
미사,23,265.3,540.1
미아,0,16.4,122.6
미아,4,1.2,0.1
미아,5,370.3,49.3
미아,6,733.4,211.0
미아,7,1563.2,548.3
미아,8,1706.9,1144.1
미아,9,1195.3,703.5
미아,10,931.4,603.6
미아,11,843.3,574.6
미아,12,896.4,601.9
미아,13,834.3,655.7
미아,14,781.5,697.7
미아,15,808.6,854.5
미아,16,921.5,1004.9
미아,17,914.7,1158.6
미아,18,950.6,1578.7
미아,19,553.7,1273.2
미아,20,407.1,834.5
미아,21,371.5,770.7
미아,22,238.0,666.6
미아,23,95.6,446.3
미아사거리,0,39.7,170.8
미아사거리,4,2.2,0.2
미아사거리,5,492.0,88.8
미아사거리,6,1189.8,322.1
미아사거리,7,2873.4,671.8
미아사거리,8,3146.2,1155.2
미아사거리,9,1916.8,1132.8
미아사거리,10,1413.4,941.0
미아사거리,11,1344.8,990.9
미아사거리,12,1399.5,1097.7
미아사거리,13,1384.5,1170.3
미아사거리,14,1332.8,1280.2
미아사거리,15,1407.2,1604.9
미아사거리,16,1549.2,1845.7
미아사거리,17,1450.9,2242.6
미아사거리,18,1381.4,3195.6
미아사거리,19,1014.1,2445.8
미아사거리,20,940.5,1502.1
미아사거리,21,569.5,1394.1
미아사거리,22,405.0,1199.6
미아사거리,23,204.8,694.4
박촌,0,54.2,77.6
박촌,1,1.9,0.0
박촌,2,0.0,1.6
박촌,4,29.5,13.7
박촌,5,436.2,188.9
박촌,6,1012.5,248.3
박촌,7,1824.6,473.1
박촌,8,1203.2,365.6
박촌,9,603.5,278.5
박촌,10,501.7,268.9
박촌,11,440.0,308.6
박촌,12,415.7,313.4
박촌,13,369.9,364.8
박촌,14,326.9,469.7
박촌,15,347.2,604.9
박촌,16,476.7,817.8
박촌,17,541.2,1267.9
박촌,18,408.9,1410.6
박촌,19,195.0,695.6
박촌,20,145.6,521.6
박촌,21,101.4,483.2
박촌,22,68.9,284.9
박촌,23,5.7,51.4
반월,0,3.4,31.3
반월,4,1.1,0.0
반월,5,148.9,31.6
반월,6,310.6,88.1
반월,7,622.0,123.8
반월,8,535.8,207.2
반월,9,319.6,115.2
반월,10,246.5,115.0
반월,11,215.4,147.7
반월,12,228.1,150.2
반월,13,211.5,154.8
반월,14,172.8,169.2
반월,15,197.8,225.1
반월,16,189.8,304.9
반월,17,211.7,359.9
반월,18,203.9,521.6
반월,19,122.7,399.4
반월,20,95.8,298.3
반월,21,57.1,239.4
반월,22,44.4,230.9
반월,23,18.3,119.2
반포,0,8.3,26.0
반포,4,0.4,0.0
반포,5,44.3,26.8
반포,6,123.4,322.1
반포,7,325.0,414.3
반포,8,483.8,686.9
반포,9,346.9,579.3
반포,10,250.2,389.1
반포,11,268.3,403.6
반포,12,327.7,380.4
반포,13,357.2,365.1
반포,14,381.7,331.5
반포,15,484.5,333.6
반포,16,592.9,344.4
반포,17,644.5,387.8
반포,18,654.2,463.0
반포,19,416.2,302.0
반포,20,357.4,207.8
반포,21,325.1,181.5
반포,22,239.6,179.1
반포,23,78.9,103.6
발곡,0,13.9,20.4
발곡,1,0.0,0.7
발곡,4,114.3,6.7
발곡,5,396.7,68.7
발곡,6,1137.2,117.7
발곡,7,1609.3,239.9
발곡,8,936.6,179.8
발곡,9,533.1,141.5
발곡,10,348.3,149.7
발곡,11,324.6,177.8
발곡,12,265.9,214.5
발곡,13,210.7,242.0
발곡,14,215.3,360.6
발곡,15,219.8,446.2
발곡,16,220.4,693.6
발곡,17,263.5,1159.5
발곡,18,176.7,1282.6
발곡,19,68.2,647.1
발곡,20,69.0,474.4
발곡,21,22.7,399.3
발곡,22,13.4,136.1
발곡,23,0.0,0.8
발산,0,51.7,99.7
발산,5,120.0,95.8
발산,6,427.4,565.5
발산,7,1063.7,1689.2
발산,8,1151.9,4332.5
발산,9,746.6,2271.8
발산,10,792.4,1199.9
발산,11,944.3,1116.9
발산,12,1093.1,1111.3
발산,13,1126.3,1161.3
발산,14,1233.6,1030.9
발산,15,1495.2,1038.4
발산,16,1761.6,1131.5
발산,17,2752.6,1398.0
발산,18,3202.9,1928.0
발산,19,1402.1,1289.4
발산,20,1229.5,777.2
발산,21,1144.8,645.4
발산,22,907.5,572.3
발산,23,377.1,320.6
방배,0,39.0,79.8
방배,1,0.0,0.1
방배,4,0.1,0.0
방배,5,93.7,136.4
방배,6,326.8,491.9
방배,7,774.6,915.6
방배,8,1034.1,2098.8
방배,9,808.2,1563.1
방배,10,613.1,737.6
방배,11,617.8,629.4
방배,12,730.5,665.0
방배,13,747.8,713.8
방배,14,790.2,678.2
방배,15,922.5,695.9
방배,16,1049.9,760.6
방배,17,1464.2,987.8
방배,18,1836.2,1192.5
방배,19,864.2,812.4
방배,20,659.2,575.3
방배,21,657.4,537.1
방배,22,490.0,536.3
방배,23,183.3,273.5
방이,0,8.6,40.3
방이,4,0.1,0.0
방이,5,89.5,30.2
방이,6,268.4,134.0
방이,7,626.4,319.0
방이,8,601.9,870.4
방이,9,398.9,470.4
방이,10,352.0,323.2
방이,11,329.0,313.1
방이,12,399.6,414.5
방이,13,382.9,368.5
방이,14,354.7,405.4
방이,15,387.9,426.7
방이,16,437.5,479.7
방이,17,564.6,672.4
방이,18,674.3,739.4
방이,19,346.5,575.5
방이,20,318.8,339.8
방이,21,397.7,277.6
방이,22,421.8,241.2
방이,23,80.0,153.3
방학,0,11.5,70.3
방학,4,24.3,0.2
방학,5,381.5,67.5
방학,6,552.7,187.0
방학,7,1114.7,334.4
방학,8,940.5,719.2
방학,9,688.4,423.5
방학,10,570.8,418.9
방학,11,547.5,382.3
방학,12,599.8,426.8
방학,13,510.5,449.4
방학,14,483.7,505.6
방학,15,485.2,575.2
방학,16,497.9,681.6
방학,17,552.4,793.2
방학,18,602.5,966.7
방학,19,351.8,872.0
방학,20,252.6,512.5
방학,21,213.6,425.4
방학,22,146.4,397.5
방학,23,66.9,225.5
방화,0,5.8,71.6
방화,1,0.0,7.7
방화,4,1.0,0.0
방화,5,191.6,0.6
방화,6,396.6,131.4
방화,7,914.2,230.6
방화,8,884.0,470.4
방화,9,507.8,292.5
방화,10,427.4,225.7
방화,11,406.5,238.5
방화,12,414.4,267.3
방화,13,371.8,293.5
방화,14,329.0,331.0
방화,15,364.5,386.1
방화,16,374.5,446.7
방화,17,404.9,535.2
방화,18,382.5,766.6
방화,19,195.7,664.6
방화,20,136.0,418.4
방화,21,100.2,387.5
방화,22,79.2,372.0
방화,23,31.2,200.7
백마,0,2.3,33.5
백마,4,10.2,0.1
백마,5,188.4,22.4
백마,6,603.5,154.1
백마,7,1240.0,241.0
백마,8,871.2,370.9
백마,9,470.3,208.3
백마,10,375.7,158.0
백마,11,363.7,166.0
백마,12,359.2,182.0
백마,13,318.5,239.7
백마,14,279.6,251.1
백마,15,311.5,307.1
백마,16,354.7,380.3
백마,17,401.3,619.7
백마,18,361.8,985.5
백마,19,164.4,799.6
백마,20,128.7,484.5
백마,21,112.7,498.0
백마,22,99.9,399.2
백마,23,23.5,344.5
백석,0,13.9,57.2
백석,4,2.5,0.0
백석,5,172.3,79.7
백석,6,356.9,217.5
백석,7,747.6,441.0
백석,8,827.9,892.9
백석,9,614.3,527.5
백석,10,559.5,453.3
백석,11,560.6,461.2
백석,12,562.3,498.2
백석,13,551.7,538.0
백석,14,561.5,535.4
백석,15,629.6,554.1
백석,16,627.6,621.0
백석,17,776.7,780.9
백석,18,773.4,933.6
백석,19,406.3,801.0
백석,20,355.8,479.4
백석,21,336.7,424.9
백석,22,234.9,365.5
백석,23,96.9,233.8
백운,0,4.6,68.4
백운,4,4.6,0.9
백운,5,295.9,50.6
백운,6,488.2,81.2
백운,7,923.7,153.3
백운,8,855.3,321.0
백운,9,489.9,213.5
백운,10,404.6,189.9
백운,11,382.0,237.2
백운,12,380.3,256.0
백운,13,338.5,274.2
백운,14,302.6,278.2
백운,15,290.8,348.3
백운,16,309.4,462.7
백운,17,359.1,588.2
백운,18,293.7,805.9
백운,19,152.9,711.2
백운,20,119.3,420.4
백운,21,125.7,396.3
백운,22,70.1,336.0
백운,23,37.6,188.4
버티고개,0,4.6,14.7
버티고개,1,0.0,0.9
버티고개,5,27.0,10.8
버티고개,6,63.8,51.2
버티고개,7,166.4,89.4
버티고개,8,240.7,205.5
버티고개,9,153.4,132.1
버티고개,10,118.3,92.0
버티고개,11,102.4,74.3
버티고개,12,100.8,92.0
버티고개,13,101.9,102.7
버티고개,14,102.4,108.1
버티고개,15,117.0,114.8
버티고개,16,132.7,129.5
버티고개,17,162.9,165.9
버티고개,18,220.2,226.1
버티고개,19,115.8,162.6
버티고개,20,73.1,118.7
버티고개,21,62.5,107.5
버티고개,22,51.6,88.0
버티고개,23,26.8,59.1
범계,0,39.3,182.9
범계,1,0.0,0.0
범계,4,5.3,0.1
범계,5,348.9,107.7
범계,6,1493.5,386.4
범계,7,3468.6,896.9
범계,8,2749.7,1977.2
범계,9,1515.5,1457.8
범계,10,1178.1,1110.0
범계,11,1194.3,1071.9
범계,12,1300.6,1095.5
범계,13,1285.9,1319.1
범계,14,1273.0,1267.2
범계,15,1406.5,1434.7
범계,16,1578.5,1705.7
범계,17,1766.5,2428.1
범계,18,2015.3,3657.6
범계,19,1248.9,2832.3
범계,20,1320.6,1445.5
범계,21,990.8,1273.5
범계,22,796.4,1113.6
범계,23,341.2,632.3
별내,0,1.7,9.1
별내,4,0.9,0.0
별내,5,36.9,11.1
별내,6,81.7,52.6
별내,7,240.9,127.1
별내,8,244.4,225.7
별내,9,155.3,115.5
별내,10,117.1,125.5
별내,11,106.6,90.4
별내,12,133.0,91.1
별내,13,133.7,99.9
별내,14,121.5,85.3
별내,15,129.5,126.8
별내,16,151.3,115.6
별내,17,192.1,196.7
별내,18,205.6,260.2
별내,19,101.7,190.4
별내,20,81.9,95.4
별내,21,73.7,67.9
별내,22,58.7,66.6
별내,23,32.2,39.9
병점,0,1.5,220.1
병점,4,119.4,0.7
병점,5,311.2,126.0
병점,6,1104.1,427.4
병점,7,1772.8,719.7
병점,8,1310.3,869.3
병점,9,911.7,529.2
병점,10,824.5,386.1
병점,11,779.0,462.4
병점,12,764.2,478.7
병점,13,697.6,533.2
병점,14,670.5,597.7
병점,15,749.5,726.0
병점,16,869.0,942.8
병점,17,1057.3,1203.5
병점,18,977.7,1773.8
병점,19,546.9,1442.3
병점,20,453.1,1048.6
병점,21,373.0,818.7
병점,22,278.7,795.5
병점,23,95.1,516.3
보라매,0,24.2,98.4
보라매,1,0.0,0.9
보라매,4,0.6,0.0
보라매,5,191.8,42.0
보라매,6,339.7,165.1
보라매,7,938.6,577.0
보라매,8,1331.8,1230.0
보라매,9,793.2,568.9
보라매,10,557.0,412.5
보라매,11,511.9,435.5
보라매,12,539.8,493.0
보라매,13,547.8,465.9
보라매,14,550.3,451.9
보라매,15,613.0,524.9
보라매,16,663.7,575.3
보라매,17,787.8,845.8
보라매,18,1011.2,1252.6
보라매,19,448.1,877.6
보라매,20,394.0,568.1
보라매,21,359.8,496.2
보라매,22,291.1,430.8
보라매,23,125.4,281.3
보라매공원,0,2.9,17.3
보라매공원,5,26.3,20.7
보라매공원,6,72.0,61.3
보라매공원,7,214.8,175.5
보라매공원,8,238.9,337.1
보라매공원,9,163.6,133.5
보라매공원,10,124.2,102.2
보라매공원,11,125.8,99.8
보라매공원,12,131.5,112.7
보라매공원,13,124.8,137.0
보라매공원,14,137.2,130.3
보라매공원,15,149.8,145.4
보라매공원,16,167.1,140.0
보라매공원,17,188.9,187.8
보라매공원,18,233.8,267.1
보라매공원,19,97.8,184.9
보라매공원,20,81.3,112.8
보라매공원,21,57.0,95.4
보라매공원,22,43.4,84.5
보라매공원,23,15.5,44.7
보라매병원,0,6.5,18.8
보라매병원,4,0.1,0.0
보라매병원,5,40.5,30.0
보라매병원,6,85.2,225.6
보라매병원,7,301.6,993.9
보라매병원,8,336.1,1796.5
보라매병원,9,387.2,821.0
보라매병원,10,404.9,509.2
보라매병원,11,452.7,395.6
보라매병원,12,454.9,389.4
보라매병원,13,400.2,473.6
보라매병원,14,475.3,422.3
보라매병원,15,587.7,341.8
보라매병원,16,633.8,291.6
보라매병원,17,1087.7,340.4
보라매병원,18,1164.2,408.3
보라매병원,19,396.5,300.5
보라매병원,20,317.7,169.9
보라매병원,21,232.1,159.4
보라매병원,22,149.9,114.4
보라매병원,23,55.9,57.4
보문,0,25.9,104.4
보문,1,0.0,0.0
보문,4,1.9,0.0
보문,5,171.7,36.0
보문,6,322.0,198.9
보문,7,852.1,450.9
보문,8,1271.4,848.8
보문,9,730.3,510.9
보문,10,506.9,317.8
보문,11,438.0,331.3
보문,12,466.0,370.3
보문,13,494.9,408.3
보문,14,453.0,375.9
보문,15,492.2,442.2
보문,16,599.2,519.5
보문,17,663.1,685.1
보문,18,744.6,1012.3
보문,19,382.0,743.1
보문,20,325.9,487.8
보문,21,293.9,477.3
보문,22,230.6,459.6
보문,23,124.5,326.4
보산,0,0.4,21.2
보산,4,1.7,0.0
보산,5,46.6,15.2
보산,6,78.9,51.1
보산,7,122.1,73.5
보산,8,110.9,114.7
보산,9,101.4,56.1
보산,10,100.5,58.8
보산,11,95.8,60.7
보산,12,98.0,48.6
보산,13,78.4,64.4
보산,14,84.1,73.1
보산,15,101.0,82.6
보산,16,129.1,96.4
보산,17,141.6,108.0
보산,18,95.8,129.4
보산,19,57.7,124.5
보산,20,47.8,97.4
보산,21,32.9,73.6
보산,22,16.7,44.4
보산,23,7.2,42.6
보정,0,0.1,4.2
보정,4,1.7,0.0
보정,5,37.9,5.3
보정,6,135.1,44.4
보정,7,287.1,82.6
보정,8,325.0,192.8
보정,9,198.5,77.9
보정,10,163.3,55.9
보정,11,145.0,64.9
보정,12,119.4,69.0
보정,13,118.3,77.5
보정,14,99.4,96.1
보정,15,126.5,119.3
보정,16,134.5,148.9
보정,17,138.4,182.2
보정,18,129.0,233.4
보정,19,59.5,186.7
보정,20,42.2,129.0
보정,21,36.0,125.1
보정,22,32.0,127.8
보정,23,10.1,73.4
보평,5,17.5,15.7
보평,6,65.8,28.5
보평,7,120.2,58.1
보평,8,50.8,27.6
보평,9,34.1,22.6
보평,10,29.2,13.4
보평,11,18.4,11.0
보평,12,20.4,21.6
보평,13,25.0,23.3
보평,14,16.1,31.3
보평,15,29.6,28.3
보평,16,25.3,34.1
보평,17,39.5,77.1
보평,18,29.1,75.1
보평,19,14.1,26.9
보평,20,4.5,22.3
보평,21,2.0,17.3
보평,22,0.8,8.2
복정,0,17.5,38.3
복정,4,2.2,0.0
복정,5,112.2,82.1
복정,6,374.8,366.0
복정,7,951.5,393.9
복정,8,1172.7,583.0
복정,9,685.4,354.0
복정,10,429.0,245.5
복정,11,339.0,199.3
복정,12,371.9,271.2
복정,13,350.7,275.2
복정,14,355.2,275.4
복정,15,363.4,345.2
복정,16,510.3,426.5
복정,17,711.2,663.2
복정,18,803.0,956.5
복정,19,506.3,681.2
복정,20,288.1,432.4
복정,21,243.8,394.1
복정,22,167.0,365.2
복정,23,73.4,143.0
봉은사,0,33.9,30.1
봉은사,4,0.2,0.0
봉은사,5,68.0,129.0
봉은사,6,207.7,804.6
봉은사,7,349.4,1701.7
봉은사,8,369.8,4419.2
봉은사,9,348.7,3358.0
봉은사,10,387.7,2016.9
봉은사,11,621.8,1679.9
봉은사,12,886.2,1528.4
봉은사,13,1039.6,1578.3
봉은사,14,1268.5,1275.8
봉은사,15,1596.6,1166.0
봉은사,16,2247.8,1083.8
봉은사,17,3426.4,1032.3
봉은사,18,4180.7,1015.5
봉은사,19,2110.5,614.4
봉은사,20,1493.7,376.8
봉은사,21,1275.7,342.0
봉은사,22,847.2,219.7
봉은사,23,234.6,132.3
봉천,0,28.9,248.5
봉천,1,0.2,11.7
봉천,4,3.6,0.2
봉천,5,500.6,46.4
봉천,6,1019.0,225.8
봉천,7,2906.0,422.2
봉천,8,4041.2,877.8
봉천,9,2542.6,734.9
봉천,10,1416.0,696.3
봉천,11,1141.2,788.1
봉천,12,1239.3,842.0
봉천,13,1180.1,883.5
봉천,14,1066.2,989.2
봉천,15,995.7,1291.5
봉천,16,1078.6,1485.6
봉천,17,1116.9,1958.5
봉천,18,1112.9,3148.9
봉천,19,710.9,2485.2
봉천,20,588.9,1575.7
봉천,21,503.2,1471.5
봉천,22,362.0,1336.3
봉천,23,164.3,788.6
봉화산,0,4.6,89.8
봉화산,1,0.0,6.1
봉화산,4,0.9,0.0
봉화산,5,203.4,30.3
봉화산,6,577.5,88.0
봉화산,7,1451.4,201.4
봉화산,8,1237.5,412.2
봉화산,9,590.6,234.4
봉화산,10,443.4,218.3
봉화산,11,389.7,223.0
봉화산,12,396.0,264.5
봉화산,13,360.2,321.9
봉화산,14,321.7,308.4
봉화산,15,320.4,422.7
봉화산,16,370.0,487.5
봉화산,17,412.5,663.9
봉화산,18,365.8,971.1
봉화산,19,170.7,870.3
봉화산,20,122.2,523.4
봉화산,21,95.4,442.4
봉화산,22,78.9,429.6
봉화산,23,34.4,256.3
부개,0,5.3,58.5
부개,4,74.5,0.2
부개,5,360.7,49.0
부개,6,578.9,110.5
부개,7,1257.4,188.9
부개,8,1027.5,350.6
부개,9,632.2,225.0
부개,10,475.8,225.9
부개,11,429.7,258.7
부개,12,413.1,309.7
부개,13,394.3,317.5
부개,14,333.6,358.7
부개,15,331.1,410.6
부개,16,393.1,565.7
부개,17,369.8,716.7
부개,18,336.8,956.9
부개,19,195.0,795.5
부개,20,155.5,525.3
부개,21,125.2,450.0
부개,22,81.2,363.7
부개,23,38.9,245.1
부발,0,0.3,36.3
부발,4,0.3,0.0
부발,5,52.0,2.4
부발,6,132.0,85.4
부발,7,237.5,248.6
부발,8,193.2,184.7
부발,9,165.7,79.2
부발,10,130.4,63.9
부발,11,133.8,69.2
부발,12,126.2,87.1
부발,13,116.2,86.5
부발,14,107.0,85.5
부발,15,133.6,98.4
부발,16,154.0,132.9
부발,17,245.7,163.5
부발,18,178.6,213.1
부발,19,107.4,153.9
부발,20,81.0,154.1
부발,21,49.1,145.2
부발,22,23.3,113.7
부발,23,16.0,106.1
부천,0,21.7,180.3
부천,4,151.5,1.1
부천,5,1326.3,148.7
부천,6,1439.1,418.6
부천,7,3140.9,635.6
부천,8,3134.8,1436.5
부천,9,2054.4,1427.8
부천,10,1581.3,1416.1
부천,11,1542.5,1347.2
부천,12,1625.5,1672.0
부천,13,1609.5,1710.5
부천,14,1583.7,1561.0
부천,15,1715.3,1915.3
부천,16,1845.9,2019.3
부천,17,1847.0,2894.5
부천,18,1851.3,3472.6
부천,19,1287.9,2761.6
부천,20,1074.1,1774.0
부천,21,864.0,1603.8
부천,22,669.4,1346.5
부천,23,297.3,902.0
부천시청,0,27.2,54.7
부천시청,3,1.6,0.7
부천시청,4,47.6,11.7
부천시청,5,435.5,125.8
부천시청,6,1030.6,346.7
부천시청,7,2030.0,912.4
부천시청,8,1485.0,841.3
부천시청,9,717.6,499.6
부천시청,10,520.0,435.0
부천시청,11,535.9,455.1
부천시청,12,521.4,472.2
부천시청,13,496.5,508.9
부천시청,14,474.7,543.9
부천시청,15,518.7,694.4
부천시청,16,641.3,929.9
부천시청,17,838.7,1606.7
부천시청,18,861.1,1689.9
부천시청,19,416.6,827.9
부천시청,20,364.4,640.5
부천시청,21,297.3,543.0
부천시청,22,121.8,256.7
부천시청,23,29.3,16.2
부천종합운동장,0,0.8,12.3
부천종합운동장,4,1.1,0.0
부천종합운동장,5,86.8,14.3
부천종합운동장,6,187.4,58.0
부천종합운동장,7,489.2,119.6
부천종합운동장,8,481.5,161.8
부천종합운동장,9,220.0,79.8
부천종합운동장,10,137.1,56.7
부천종합운동장,11,119.8,56.1
부천종합운동장,12,121.3,67.7
부천종합운동장,13,108.8,75.6
부천종합운동장,14,100.1,80.1
부천종합운동장,15,96.8,97.3
부천종합운동장,16,123.7,140.1
부천종합운동장,17,158.0,203.5
부천종합운동장,18,190.7,419.6
부천종합운동장,19,83.1,302.2
부천종합운동장,20,62.2,177.5
부천종합운동장,21,50.7,147.0
부천종합운동장,22,37.5,141.9
부천종합운동장,23,14.7,79.7
부평,0,75.7,238.3
부평,4,385.0,2.6
부평,5,762.8,136.9
부평,6,1248.6,347.5
부평,7,2849.5,660.1
부평,8,2542.0,1162.6
부평,9,1494.5,1332.9
부평,10,1290.0,1249.2
부평,11,1354.7,1444.4
부평,12,1448.7,1597.9
부평,13,1472.7,1847.0
부평,14,1503.1,1857.9
부평,15,1732.1,1878.7
부평,16,1903.6,2273.0
부평,17,2045.3,2803.0
부평,18,1910.4,3757.5
부평,19,1391.4,2894.4
부평,20,1313.1,1769.7
부평,21,1196.9,1446.7
부평,22,955.1,1204.5
부평,23,499.4,753.4
부평구청,0,67.4,72.5
부평구청,3,1.3,0.0
부평구청,4,88.1,11.2
부평구청,5,632.7,154.1
부평구청,6,1462.7,333.2
부평구청,7,2626.4,826.3
부평구청,8,1779.0,735.9
부평구청,9,859.9,464.5
부평구청,10,665.4,415.9
부평구청,11,648.4,481.4
부평구청,12,594.5,602.5
부평구청,13,471.2,596.9
부평구청,14,503.1,672.1
부평구청,15,598.3,833.3
부평구청,16,716.5,1161.0
부평구청,17,813.1,1954.3
부평구청,18,734.3,2094.8
부평구청,19,345.2,992.3
부평구청,20,289.8,852.2
부평구청,21,255.4,673.0
부평구청,22,116.5,330.5
부평구청,23,32.2,43.4
부평시장,0,111.3,121.9
부평시장,1,1.7,0.9
부평시장,2,4.5,2.3
부평시장,3,5.8,0.0
부평시장,4,182.2,33.8
부평시장,5,1019.9,259.1
부평시장,6,2275.6,548.0
부평시장,7,4056.8,1309.2
부평시장,8,2763.3,1161.7
부평시장,9,1359.5,761.8
부평시장,10,1057.8,685.5
부평시장,11,1034.6,796.3
부평시장,12,957.1,971.8
부평시장,13,777.8,972.3
부평시장,14,811.2,1077.9
부평시장,15,959.6,1314.6
부평시장,16,1147.6,1825.2
부평시장,17,1300.8,3044.2
부평시장,18,1179.1,3248.8
부평시장,19,570.2,1557.7
부평시장,20,475.4,1341.3
부평시장,21,414.7,1061.3
부평시장,22,193.2,540.6
부평시장,23,53.9,77.3
북한산보국문,0,17.7,46.0
북한산보국문,4,0.3,0.0
북한산보국문,5,75.3,20.8
북한산보국문,6,254.6,73.2
북한산보국문,7,601.7,188.9
북한산보국문,8,734.6,306.4
북한산보국문,9,523.9,228.9
북한산보국문,10,390.4,172.5
북한산보국문,11,335.9,175.8
북한산보국문,12,335.1,220.7
북한산보국문,13,331.6,226.4
북한산보국문,14,292.8,238.7
북한산보국문,15,302.0,303.7
북한산보국문,16,350.8,359.2
북한산보국문,17,332.2,442.1
북한산보국문,18,316.0,610.3
북한산보국문,19,195.0,517.3
북한산보국문,20,134.5,361.1
북한산보국문,21,120.9,334.5
북한산보국문,22,80.5,306.7
북한산보국문,23,44.3,191.7
북한산우이,0,5.0,14.7
북한산우이,1,0.0,0.9
북한산우이,4,0.7,0.0
북한산우이,5,51.9,21.2
북한산우이,6,117.3,79.9
북한산우이,7,307.3,120.4
북한산우이,8,328.7,215.5
북한산우이,9,188.2,260.8
북한산우이,10,145.6,275.4
북한산우이,11,165.5,256.0
북한산우이,12,217.2,210.2
북한산우이,13,234.7,154.0
북한산우이,14,238.7,154.5
북한산우이,15,224.1,155.0
북한산우이,16,225.2,161.3
북한산우이,17,179.5,171.6
북한산우이,18,160.9,208.2
북한산우이,19,107.8,176.5
북한산우이,20,87.7,112.7
북한산우이,21,57.3,93.1
북한산우이,22,34.5,84.2
북한산우이,23,15.4,44.3
불광,0,24.9,172.2
불광,4,1.1,0.0
불광,5,351.5,63.4
불광,6,756.5,323.4
불광,7,1993.3,493.2
불광,8,2456.0,1326.8
불광,9,1463.0,1095.0
불광,10,1093.2,983.1
불광,11,1081.3,1035.1
불광,12,1161.8,1123.7
불광,13,1163.0,1220.7
불광,14,1168.0,1169.3
불광,15,1280.4,1291.6
불광,16,1388.4,1455.9
불광,17,1358.1,1707.7
불광,18,1382.6,2471.4
불광,19,815.7,1817.2
불광,20,677.4,1126.7
불광,21,519.6,986.2
불광,22,316.8,882.9
불광,23,132.0,525.9
불암산,0,10.6,107.5
불암산,1,0.0,12.0
불암산,4,2.6,0.0
불암산,5,283.0,1.3
불암산,6,612.0,156.7
불암산,7,1539.2,260.5
불암산,8,1214.5,359.9
불암산,9,749.7,363.2
불암산,10,574.5,338.8
불암산,11,510.8,325.7
불암산,12,513.9,354.3
불암산,13,495.1,369.6
불암산,14,446.6,388.6
불암산,15,433.9,461.9
불암산,16,473.1,568.9
불암산,17,448.3,673.5
불암산,18,423.9,891.5
불암산,19,263.8,817.3
불암산,20,189.9,559.4
불암산,21,145.4,501.7
불암산,22,97.1,475.2
불암산,23,42.3,309.3
사가정,0,21.3,134.0
사가정,4,1.9,0.0
사가정,5,407.7,47.5
사가정,6,799.2,242.4
사가정,7,1770.3,383.8
사가정,8,2304.4,838.2
사가정,9,1374.3,569.8
사가정,10,898.6,510.2
사가정,11,748.6,546.0
사가정,12,806.8,584.5
사가정,13,739.3,628.4
사가정,14,673.5,700.8
사가정,15,691.0,882.9
사가정,16,736.2,1096.9
사가정,17,798.2,1355.6
사가정,18,806.9,2064.3
사가정,19,560.5,1674.3
사가정,20,410.2,973.4
사가정,21,339.0,885.4
사가정,22,241.9,776.5
사가정,23,131.9,415.5
사당,0,269.9,556.2
사당,1,0.1,41.6
사당,2,0.0,0.0
사당,4,8.3,1.3
사당,5,796.2,186.5
사당,6,2062.4,1624.4
사당,7,5133.9,2317.0
사당,8,6246.6,3541.5
사당,9,4637.7,2590.2
사당,10,3099.8,2298.4
사당,11,2740.3,2916.2
사당,12,3007.5,2884.5
사당,13,3167.9,2708.0
사당,14,3311.5,2796.7
사당,15,3341.7,3316.6
사당,16,3572.7,4452.7
사당,17,4345.2,6604.9
사당,18,5038.4,9363.9
사당,19,3399.3,5895.7
사당,20,3198.3,3661.0
사당,21,3593.6,3475.1
사당,22,3265.5,3255.1
사당,23,1741.6,1954.7
사릉,0,0.9,11.0
사릉,4,1.3,0.1
사릉,5,57.4,29.0
사릉,6,124.8,64.5
사릉,7,312.1,148.5
사릉,8,220.8,115.4
사릉,9,142.2,59.2
사릉,10,99.8,62.9
사릉,11,97.6,57.6
사릉,12,95.2,72.6
사릉,13,89.6,53.2
사릉,14,73.9,77.6
사릉,15,78.7,81.5
사릉,16,90.5,83.6
사릉,17,117.5,155.9
사릉,18,146.7,248.5
사릉,19,57.2,219.6
사릉,20,37.7,80.5
사릉,21,29.1,104.3
사릉,22,15.7,77.7
사릉,23,7.1,47.2
사리,0,0.7,17.0
사리,4,0.1,0.0
사리,5,180.3,12.4
사리,6,411.1,63.5
사리,7,802.8,132.0
사리,8,662.0,173.7
사리,9,372.5,97.2
사리,10,265.2,101.8
사리,11,227.8,95.7
사리,12,228.4,122.0
사리,13,239.7,147.1
사리,14,186.5,150.2
사리,15,186.3,208.0
사리,16,222.9,299.2
사리,17,226.2,350.8
사리,18,224.3,679.4
사리,19,136.9,440.6
사리,20,86.2,299.6
사리,21,66.5,317.1
사리,22,61.2,244.4
사리,23,21.6,187.0
사평,0,6.0,26.1
사평,1,0.0,0.0
사평,4,0.1,0.0
사평,5,37.0,7.6
사평,6,128.6,82.5
사평,7,413.3,177.1
사평,8,481.8,278.1
사평,9,319.5,173.8
사평,10,251.7,134.4
사평,11,220.3,136.1
사평,12,241.7,179.2
사평,13,235.6,234.6
사평,14,209.5,199.0
사평,15,228.6,253.5
사평,16,293.3,270.1
사평,17,315.8,351.2
사평,18,301.2,435.7
사평,19,180.6,303.4
사평,20,122.5,235.3
사평,21,92.7,210.8
사평,22,71.5,221.2
사평,23,21.5,101.9
산본,0,19.1,142.0
산본,4,27.6,0.1
산본,5,380.5,76.2
산본,6,829.4,227.4
산본,7,1849.0,522.1
산본,8,1690.6,976.6
산본,9,893.3,748.6
산본,10,774.5,715.1
산본,11,769.5,721.6
산본,12,825.8,815.4
산본,13,810.5,875.0
산본,14,797.3,845.2
산본,15,908.3,926.4
산본,16,946.5,1118.4
산본,17,945.7,1413.5
산본,18,986.6,2200.3
산본,19,706.9,1695.6
산본,20,610.8,1026.2
산본,21,553.3,791.6
산본,22,403.2,650.1
산본,23,162.1,408.1
산성,0,5.5,76.7
산성,4,0.1,0.0
산성,5,181.4,58.2
산성,6,386.4,153.1
산성,7,957.9,132.4
산성,8,1012.5,256.5
산성,9,514.2,152.1
산성,10,362.0,162.0
산성,11,294.9,141.7
산성,12,294.5,177.3
산성,13,256.4,206.5
산성,14,231.1,224.1
산성,15,255.8,337.5
산성,16,311.7,384.8
산성,17,303.1,560.8
산성,18,211.4,922.3
산성,19,108.8,721.8
산성,20,83.1,452.7
산성,21,62.3,417.3
산성,22,44.0,337.0
산성,23,25.3,213.5
삼각지,0,75.7,95.5
삼각지,1,0.0,0.3
삼각지,4,0.3,0.1
삼각지,5,77.7,35.0
삼각지,6,188.0,337.5
삼각지,7,508.7,848.3
삼각지,8,809.4,1576.0
삼각지,9,539.7,895.6
삼각지,10,402.3,695.7
삼각지,11,490.6,756.5
삼각지,12,611.4,826.4
삼각지,13,689.0,832.1
삼각지,14,743.6,711.5
삼각지,15,858.3,776.1
삼각지,16,1068.3,908.2
삼각지,17,1374.7,1215.3
삼각지,18,1699.1,1598.8
삼각지,19,863.3,965.5
삼각지,20,851.5,552.7
삼각지,21,960.7,448.5
삼각지,22,872.7,422.7
삼각지,23,501.8,289.1
삼동,0,0.5,1.2
삼동,4,0.0,0.0
삼동,5,55.7,1.6
삼동,6,191.5,43.8
삼동,7,410.2,71.8
삼동,8,379.1,79.5
삼동,9,222.1,38.7
삼동,10,135.5,39.5
삼동,11,104.8,43.3
삼동,12,93.3,60.5
삼동,13,85.1,59.4
삼동,14,72.9,83.4
삼동,15,72.4,118.5
삼동,16,86.5,152.5
삼동,17,101.1,268.5
삼동,18,80.6,290.3
삼동,19,43.5,262.1
삼동,20,33.4,172.0
삼동,21,22.5,146.8
삼동,22,12.1,107.3
삼동,23,3.3,56.1
삼성,0,85.3,113.4
삼성,1,0.0,33.1
삼성,4,3.7,0.0
삼성,5,156.3,220.8
삼성,6,237.8,1636.1
삼성,7,464.1,4829.8
삼성,8,635.9,10373.7
삼성,9,664.9,8101.8
삼성,10,828.7,3797.6
삼성,11,1290.6,2733.3
삼성,12,1705.1,2546.8
삼성,13,2182.9,2589.8
삼성,14,2749.5,2226.8
삼성,15,3596.2,1899.8
삼성,16,4837.2,1754.7
삼성,17,8235.9,1834.4
삼성,18,10210.8,1750.5
삼성,19,5262.0,987.4
삼성,20,4137.0,602.4
삼성,21,3322.1,510.9
삼성,22,2063.6,386.7
삼성,23,572.3,204.5
삼성중앙,0,23.8,38.0
삼성중앙,4,0.1,0.0
삼성중앙,5,35.1,17.8
삼성중앙,6,118.9,173.3
삼성중앙,7,217.2,701.5
삼성중앙,8,276.3,1755.9
삼성중앙,9,238.9,1216.2
삼성중앙,10,213.3,428.7
삼성중앙,11,242.8,301.5
삼성중앙,12,291.9,315.0
삼성중앙,13,331.2,315.8
삼성중앙,14,338.1,280.5
삼성중앙,15,408.5,271.8
삼성중앙,16,516.3,282.0
삼성중앙,17,1040.9,415.5
삼성중앙,18,1552.2,477.3
삼성중앙,19,658.2,320.9
삼성중앙,20,426.9,207.8
삼성중앙,21,377.3,166.3
삼성중앙,22,258.7,160.4
삼성중앙,23,101.5,87.2
삼송,0,21.5,97.8
삼송,4,29.8,0.2
삼송,5,288.6,50.7
삼송,6,1110.6,233.7
삼송,7,2675.7,554.0
삼송,8,2614.4,925.4
삼송,9,1420.0,584.4
삼송,10,1034.5,562.5
삼송,11,875.3,627.3
삼송,12,890.2,778.5
삼송,13,868.5,829.0
삼송,14,752.8,845.5
삼송,15,788.7,1052.7
삼송,16,925.9,1181.3
삼송,17,1064.1,1661.7
삼송,18,1052.7,2429.2
삼송,19,639.6,1989.5
삼송,20,544.2,1189.4
삼송,21,459.4,1148.7
삼송,22,457.9,911.9
삼송,23,124.7,473.7
삼양,0,3.3,20.6
삼양,4,0.5,0.0
삼양,5,52.9,14.3
삼양,6,117.8,34.4
삼양,7,276.0,58.7
삼양,8,319.0,154.1
삼양,9,213.3,116.5
삼양,10,168.2,120.4
삼양,11,158.5,119.7
삼양,12,160.4,128.8
삼양,13,144.7,139.2
삼양,14,133.5,133.7
삼양,15,128.1,177.5
삼양,16,130.8,199.8
삼양,17,122.8,201.8
삼양,18,114.5,282.4
삼양,19,84.6,226.3
삼양,20,54.8,150.4
삼양,21,37.0,140.9
삼양,22,25.0,108.4
삼양,23,10.9,62.9
삼양사거리,0,4.5,18.3
삼양사거리,4,0.1,0.0
삼양사거리,5,71.5,16.6
삼양사거리,6,124.5,38.3
삼양사거리,7,297.2,84.3
삼양사거리,8,351.1,170.7
삼양사거리,9,231.6,123.2
삼양사거리,10,192.8,119.6
삼양사거리,11,173.1,121.9
삼양사거리,12,184.6,137.9
삼양사거리,13,171.1,146.9
삼양사거리,14,142.4,145.2
삼양사거리,15,147.6,194.7
삼양사거리,16,150.6,214.4
삼양사거리,17,141.4,215.7
삼양사거리,18,144.4,285.6
삼양사거리,19,95.5,254.3
삼양사거리,20,69.1,149.8
삼양사거리,21,50.2,117.6
삼양사거리,22,35.8,96.8
삼양사거리,23,16.9,60.3
삼전,0,12.4,79.5
삼전,1,0.0,16.8
삼전,4,0.1,0.0
삼전,5,180.2,21.8
삼전,6,300.4,132.8
삼전,7,813.2,227.9
삼전,8,1286.9,652.3
삼전,9,820.7,351.0
삼전,10,471.3,239.1
삼전,11,380.2,248.5
삼전,12,399.2,276.7
삼전,13,375.4,317.4
삼전,14,342.5,336.7
삼전,15,364.3,373.8
삼전,16,398.6,492.9
삼전,17,508.9,626.1
삼전,18,640.0,1017.9
삼전,19,305.2,801.6
삼전,20,235.0,498.1
삼전,21,208.9,487.8
삼전,22,163.2,388.3
삼전,23,60.1,264.0
상갈,0,0.1,19.4
상갈,4,2.7,0.1
상갈,5,123.9,21.9
상갈,6,314.6,103.7
상갈,7,639.3,211.5
상갈,8,641.6,280.7
상갈,9,428.2,162.3
상갈,10,293.0,128.4
상갈,11,263.9,137.9
상갈,12,234.8,139.7
상갈,13,229.9,204.2
상갈,14,196.2,196.8
상갈,15,207.8,229.1
상갈,16,246.7,322.7
상갈,17,305.9,411.9
상갈,18,332.1,575.0
상갈,19,169.6,455.1
상갈,20,119.9,345.5
상갈,21,101.6,314.2
상갈,22,55.9,294.8
상갈,23,25.1,156.2
상계,0,20.6,183.4
상계,1,0.0,18.2
상계,4,3.5,0.0
상계,5,533.2,9.4
상계,6,1402.8,250.6
상계,7,2749.5,555.4
상계,8,2330.7,761.0
상계,9,1405.7,596.9
상계,10,1074.8,541.0
상계,11,975.3,593.7
상계,12,1088.3,761.9
상계,13,947.5,760.0
상계,14,840.6,796.3
상계,15,855.7,969.7
상계,16,923.5,1229.9
상계,17,911.1,1578.3
상계,18,840.1,2207.8
상계,19,549.1,1933.5
상계,20,441.4,1211.5
상계,21,387.0,1083.5
상계,22,372.5,956.7
상계,23,120.8,620.8
상도,0,26.3,103.6
상도,4,0.2,0.0
상도,5,187.5,45.3
상도,6,451.0,195.1
상도,7,1155.3,262.0
상도,8,1496.0,667.3
상도,9,974.3,545.5
상도,10,618.6,412.0
상도,11,547.7,380.6
상도,12,597.1,470.6
상도,13,604.0,470.7
상도,14,523.0,479.5
상도,15,566.4,574.3
상도,16,644.2,654.3
상도,17,721.6,894.3
상도,18,646.9,1399.7
상도,19,380.8,978.8
상도,20,322.0,670.6
상도,21,279.1,579.2
상도,22,221.2,559.0
상도,23,121.8,354.3
상록수,0,15.2,143.4
상록수,4,21.1,0.5
상록수,5,480.1,62.9
상록수,6,1078.1,274.1
상록수,7,2124.2,375.9
상록수,8,1873.8,580.4
상록수,9,1052.5,393.6
상록수,10,795.9,350.1
상록수,11,694.4,383.0
상록수,12,678.6,431.7
상록수,13,612.9,493.4
상록수,14,550.8,546.3
상록수,15,535.8,679.1
상록수,16,636.3,868.7
상록수,17,662.2,1307.6
상록수,18,633.3,1975.7
상록수,19,425.2,1511.2
상록수,20,344.0,1139.2
상록수,21,265.4,980.7
상록수,22,185.0,795.0
상록수,23,74.9,544.4
상봉,0,54.9,264.5
상봉,1,0.0,3.1
상봉,4,48.7,0.8
상봉,5,583.7,98.8
상봉,6,965.3,321.6
상봉,7,2662.7,593.4
상봉,8,3312.1,1251.0
상봉,9,1785.3,915.2
상봉,10,1139.0,838.1
상봉,11,1083.2,839.6
상봉,12,1227.7,998.9
상봉,13,1154.4,993.3
상봉,14,1068.3,987.5
상봉,15,1105.9,1135.2
상봉,16,1268.2,1458.2
상봉,17,1376.3,1911.9
상봉,18,1390.6,3038.8
상봉,19,973.5,2623.4
상봉,20,801.4,1516.8
상봉,21,743.1,1233.4
상봉,22,562.9,1218.1
상봉,23,303.8,725.9
상수,0,101.9,124.9
상수,4,1.0,0.1
상수,5,183.7,46.6
상수,6,249.0,147.1
상수,7,367.1,221.4
상수,8,497.9,734.5
상수,9,372.8,774.0
상수,10,308.4,569.3
상수,11,323.5,556.5
상수,12,431.5,638.5
상수,13,461.7,688.4
상수,14,475.6,640.8
상수,15,518.9,638.6
상수,16,694.9,735.3
상수,17,782.3,902.8
상수,18,962.9,1160.4
상수,19,709.2,804.7
상수,20,696.5,553.2
상수,21,799.2,457.7
상수,22,820.2,455.5
상수,23,519.3,382.0
상왕십리,0,14.7,144.4
상왕십리,1,0.0,0.5
상왕십리,4,0.3,0.0
상왕십리,5,195.7,32.2
상왕십리,6,505.7,213.7
상왕십리,7,1472.7,388.1
상왕십리,8,2189.9,966.1
상왕십리,9,1258.5,640.7
상왕십리,10,773.1,465.4
상왕십리,11,693.6,465.0
상왕십리,12,728.6,499.6
상왕십리,13,682.4,562.6
상왕십리,14,616.8,606.0
상왕십리,15,666.1,711.5
상왕십리,16,744.8,871.8
상왕십리,17,844.0,1264.2
상왕십리,18,888.3,1896.5
상왕십리,19,614.9,1282.4
상왕십리,20,417.6,843.6
상왕십리,21,358.6,791.4
상왕십리,22,241.0,740.2
상왕십리,23,94.9,443.9
상월곡,0,6.5,71.0
상월곡,2,0.0,0.0
상월곡,4,0.6,0.0
상월곡,5,181.7,16.3
상월곡,6,308.6,66.6
상월곡,7,794.0,130.4
상월곡,8,942.8,450.5
상월곡,9,531.5,255.5
상월곡,10,340.9,186.6
상월곡,11,317.9,181.7
상월곡,12,335.2,215.8
상월곡,13,298.8,239.0
상월곡,14,265.4,228.4
상월곡,15,279.9,297.9
상월곡,16,304.3,346.9
상월곡,17,287.1,478.3
상월곡,18,382.9,676.1
상월곡,19,208.9,556.0
상월곡,20,129.7,333.7
상월곡,21,147.5,328.6
상월곡,22,85.1,308.5
상월곡,23,38.1,203.2
상일동,0,17.2,177.4
상일동,1,0.1,35.1
상일동,4,2.2,0.1
상일동,5,369.5,50.4
상일동,6,1071.1,225.7
상일동,7,2427.5,409.2
상일동,8,1908.4,686.0
상일동,9,1052.1,370.5
상일동,10,796.3,337.5
상일동,11,674.0,325.5
상일동,12,678.3,522.3
상일동,13,594.3,561.4
상일동,14,556.3,561.1
상일동,15,626.7,718.3
상일동,16,625.7,776.7
상일동,17,687.3,1228.9
상일동,18,728.3,1857.0
상일동,19,378.6,1585.3
상일동,20,280.2,894.1
상일동,21,194.7,828.6
상일동,22,130.9,717.6
상일동,23,60.0,427.4
상천,0,0.1,1.3
상천,1,0.0,0.1
상천,5,5.5,1.7
상천,6,6.0,6.9
상천,7,20.2,15.2
상천,8,25.6,27.0
상천,9,17.2,22.4
상천,10,17.4,19.7
상천,11,23.4,18.9
상천,12,21.9,18.3
상천,13,16.9,15.9
상천,14,21.3,17.9
상천,15,23.7,16.5
상천,16,25.2,14.0
상천,17,19.9,14.2
상천,18,13.0,20.6
상천,19,8.6,10.3
상천,20,5.1,7.9
상천,21,2.5,7.4
상천,22,1.2,4.1
상천,23,0.5,2.8
상현,0,13.8,4.1
상현,4,1.3,9.5
상현,5,51.9,23.1
상현,6,260.9,78.9
상현,7,500.1,189.5
상현,8,343.3,140.5
상현,9,163.1,77.8
상현,10,102.9,52.5
상현,11,89.0,60.9
상현,12,96.4,90.9
상현,13,67.5,74.0
상현,14,78.5,81.7
상현,15,77.2,122.0
상현,16,106.4,185.4
상현,17,184.3,361.8
상현,18,176.0,395.5
상현,19,72.1,201.9
상현,20,56.2,142.0
상현,21,56.8,149.5
상현,22,26.6,76.7
상현,23,0.0,6.3
새말,0,15.7,22.7
새말,1,0.6,0.7
새말,2,0.0,0.7
새말,4,131.3,8.0
새말,5,434.5,77.0
새말,6,1233.1,135.1
새말,7,1745.7,267.9
새말,8,1017.6,197.2
새말,9,583.5,156.6
새말,10,384.2,169.7
새말,11,354.9,203.2
새말,12,294.5,236.1
새말,13,233.2,268.8
새말,14,243.1,394.1
새말,15,246.1,492.4
새말,16,243.6,754.9
새말,17,291.2,1256.1
새말,18,194.8,1392.8
새말,19,76.9,704.5
새말,20,77.8,519.2
새말,21,28.3,436.6
새말,22,14.5,151.3
새말,23,1.4,1.0
새절,0,9.8,138.5
새절,1,0.0,0.2
새절,4,3.5,0.0
새절,5,400.5,24.9
새절,6,748.9,139.5
새절,7,1831.1,265.5
새절,8,2077.1,477.2
새절,9,1091.2,348.1
새절,10,687.8,306.5
새절,11,619.4,344.9
새절,12,632.0,431.0
새절,13,566.8,489.6
새절,14,487.4,476.6
새절,15,514.6,648.5
새절,16,585.5,749.5
새절,17,540.1,1076.0
새절,18,499.5,1621.8
새절,19,316.6,1297.9
새절,20,222.7,777.5
새절,21,181.4,689.7
새절,22,132.8,631.9
새절,23,57.5,416.8
샛강,0,47.4,35.7
샛강,1,0.1,2.0
샛강,2,0.0,0.0
샛강,4,0.5,0.0
샛강,5,86.5,71.1
샛강,6,111.7,279.7
샛강,7,256.3,1152.6
샛강,8,340.6,2310.1
샛강,9,259.1,882.6
샛강,10,243.1,477.9
샛강,11,307.8,421.1
샛강,12,344.6,392.1
샛강,13,373.6,423.2
샛강,14,449.5,349.8
샛강,15,490.9,348.8
샛강,16,601.9,410.5
샛강,17,1314.8,506.2
샛강,18,1756.0,644.3
샛강,19,706.7,372.8
샛강,20,565.2,215.1
샛강,21,509.0,177.5
샛강,22,360.3,155.5
샛강,23,176.9,94.9
서강대,0,0.4,7.7
서강대,4,1.1,0.0
서강대,5,18.8,5.5
서강대,6,61.5,50.6
서강대,7,97.8,82.9
서강대,8,128.8,296.5
서강대,9,102.9,188.6
서강대,10,94.3,119.4
서강대,11,100.2,89.8
서강대,12,117.0,118.0
서강대,13,118.9,110.0
서강대,14,122.0,114.1
서강대,15,134.9,117.4
서강대,16,152.9,128.9
서강대,17,219.6,163.1
서강대,18,199.8,136.7
서강대,19,131.5,110.9
서강대,20,124.1,91.1
서강대,21,127.2,83.3
서강대,22,110.0,67.3
서강대,23,43.0,47.2
서대문,0,18.0,43.3
서대문,1,0.0,1.2
서대문,4,0.3,0.0
서대문,5,85.9,31.1
서대문,6,215.5,612.7
서대문,7,689.5,2109.3
서대문,8,797.5,5227.4
서대문,9,615.5,1624.3
서대문,10,642.8,782.0
서대문,11,761.1,633.1
서대문,12,745.9,650.1
서대문,13,684.0,792.0
서대문,14,799.2,580.0
서대문,15,1030.5,518.8
서대문,16,1277.0,565.9
서대문,17,2322.6,687.4
서대문,18,3576.1,891.8
서대문,19,925.6,497.7
서대문,20,743.3,339.7
서대문,21,630.6,373.0
서대문,22,434.8,279.7
서대문,23,159.5,167.6
서동탄,0,0.1,32.9
서동탄,1,0.0,0.4
서동탄,4,0.1,0.0
서동탄,5,46.0,0.5
서동탄,6,214.4,18.3
서동탄,7,332.6,45.8
서동탄,8,130.1,34.5
서동탄,9,79.7,25.3
서동탄,10,60.1,19.5
서동탄,11,66.2,32.1
서동탄,12,51.0,33.3
서동탄,13,45.3,27.5
서동탄,14,44.5,39.7
서동탄,15,53.5,57.1
서동탄,16,54.3,71.4
서동탄,17,56.2,92.6
서동탄,18,52.8,167.7
서동탄,19,28.3,185.4
서동탄,20,21.8,74.7
서동탄,21,13.5,53.3
서동탄,22,12.7,84.0
서동탄,23,4.3,48.9
서빙고,0,0.8,8.3
서빙고,4,5.8,0.1
서빙고,5,42.0,31.4
서빙고,6,73.5,150.9
서빙고,7,105.7,143.6
서빙고,8,129.2,288.8
서빙고,9,117.5,122.9
서빙고,10,113.9,97.3
서빙고,11,89.5,83.4
서빙고,12,119.5,85.9
서빙고,13,114.4,113.7
서빙고,14,110.2,82.8
서빙고,15,139.7,107.2
서빙고,16,197.9,107.2
서빙고,17,265.5,129.6
서빙고,18,230.8,134.7
서빙고,19,91.9,110.0
서빙고,20,72.9,68.9
서빙고,21,83.0,71.5
서빙고,22,50.5,50.0
서빙고,23,13.3,36.8
서울,0,239.6,464.0
서울,1,0.7,16.5
서울,4,43.2,2.3
서울,5,695.5,510.8
서울,6,1705.8,3577.6
서울,7,5230.8,7581.0
서울,8,8122.6,14426.6
서울,9,6215.0,9686.0
서울,10,5364.2,5900.7
서울,11,5956.4,5856.6
서울,12,6832.6,6464.9
서울,13,6398.0,5988.7
서울,14,5226.1,5491.9
서울,15,7203.4,6396.3
서울,16,7957.4,6822.9
서울,17,11943.0,8532.5
서울,18,14053.1,9793.4
서울,19,7969.1,6618.9
서울,20,5643.8,4754.6
서울,21,6280.7,4608.0
서울,22,4158.8,3420.8
서울,23,2309.8,1729.4
서울대벤처타운,0,13.9,171.7
서울대벤처타운,1,0.0,1.0
서울대벤처타운,4,0.3,0.0
서울대벤처타운,5,222.8,15.1
서울대벤처타운,6,388.7,98.1
서울대벤처타운,7,1150.7,211.4
서울대벤처타운,8,1540.3,359.7
서울대벤처타운,9,932.5,328.6
서울대벤처타운,10,597.6,251.2
서울대벤처타운,11,527.4,313.2
서울대벤처타운,12,554.3,335.2
서울대벤처타운,13,509.1,361.2
서울대벤처타운,14,460.0,375.6
서울대벤처타운,15,436.5,490.4
서울대벤처타운,16,487.1,623.4
서울대벤처타운,17,497.2,763.7
서울대벤처타운,18,478.1,1179.2
서울대벤처타운,19,293.5,948.4
서울대벤처타운,20,227.1,606.6
서울대벤처타운,21,174.7,592.0
서울대벤처타운,22,164.3,580.2
서울대벤처타운,23,56.7,431.0
서울대입구,0,122.2,582.9
서울대입구,1,0.1,108.8
서울대입구,4,158.2,0.6
서울대입구,5,947.1,81.3
서울대입구,6,1550.6,441.1
서울대입구,7,4355.6,896.4
서울대입구,8,5984.1,2419.8
서울대입구,9,4104.0,2145.5
서울대입구,10,2359.2,1605.8
서울대입구,11,2009.1,1496.8
서울대입구,12,2325.3,1617.3
서울대입구,13,2246.5,1815.6
서울대입구,14,2040.8,1863.2
서울대입구,15,2147.4,2133.8
서울대입구,16,2394.0,2541.5
서울대입구,17,2801.1,3526.6
서울대입구,18,3074.9,5794.3
서울대입구,19,1818.7,4478.2
서울대입구,20,1534.4,2917.5
서울대입구,21,1497.0,2812.5
서울대입구,22,1256.9,2761.5
서울대입구,23,642.2,1622.8
서울숲,0,3.0,25.5
서울숲,4,5.1,0.0
서울숲,5,95.6,26.2
서울숲,6,191.5,280.1
서울숲,7,461.7,860.6
서울숲,8,738.2,1629.8
서울숲,9,507.6,1176.0
서울숲,10,331.4,793.9
서울숲,11,363.6,647.6
서울숲,12,446.9,636.6
서울숲,13,485.3,645.5
서울숲,14,550.6,648.6
서울숲,15,692.2,639.3
서울숲,16,875.0,679.5
서울숲,17,1513.5,760.8
서울숲,18,1691.2,974.3
서울숲,19,1025.6,646.0
서울숲,20,755.2,349.3
서울숲,21,579.2,281.6
서울숲,22,328.9,255.2
서울숲,23,99.5,124.2
서울지방병무청,0,3.3,32.2
서울지방병무청,1,0.1,0.2
서울지방병무청,5,48.8,19.4
서울지방병무청,6,129.7,44.3
서울지방병무청,7,343.1,142.3
서울지방병무청,8,431.3,202.2
서울지방병무청,9,274.7,133.9
서울지방병무청,10,228.7,116.5
서울지방병무청,11,200.2,122.5
서울지방병무청,12,180.7,175.2
서울지방병무청,13,171.0,167.4
서울지방병무청,14,152.2,187.0
서울지방병무청,15,179.6,211.8
서울지방병무청,16,174.3,243.5
서울지방병무청,17,164.5,320.1
서울지방병무청,18,162.1,422.0
서울지방병무청,19,85.5,288.5
서울지방병무청,20,61.1,196.9
서울지방병무청,21,59.9,177.6
서울지방병무청,22,38.0,163.7
서울지방병무청,23,12.3,96.3
서원,0,3.4,52.9
서원,1,0.0,0.0
서원,4,0.0,0.0
서원,5,94.8,17.0
서원,6,173.2,32.1
서원,7,490.9,48.9
서원,8,662.2,83.6
서원,9,416.8,79.1
서원,10,243.8,85.2
서원,11,201.8,100.5
서원,12,204.3,114.3
서원,13,177.1,119.5
서원,14,154.8,139.2
서원,15,139.6,193.2
서원,16,141.8,214.7
서원,17,141.0,286.7
서원,18,136.6,441.5
서원,19,92.0,373.5
서원,20,61.6,252.6
서원,21,51.2,253.9
서원,22,35.3,230.9
서원,23,12.5,148.6
서정리,0,3.4,22.3
서정리,4,3.1,0.0
서정리,5,168.5,165.2
서정리,6,482.8,308.1
서정리,7,632.6,608.4
서정리,8,579.6,610.6
서정리,9,476.6,312.9
서정리,10,429.9,218.2
서정리,11,415.6,269.8
서정리,12,446.8,310.0
서정리,13,386.0,347.3
서정리,14,427.7,375.5
서정리,15,482.6,426.6
서정리,16,659.6,589.2
서정리,17,991.8,694.5
서정리,18,689.1,695.5
서정리,19,424.3,663.1
서정리,20,354.0,503.7
서정리,21,288.8,402.1
서정리,22,193.5,362.1
서정리,23,110.4,294.9
서초,0,29.7,47.3
서초,1,0.0,0.2
서초,4,0.1,0.0
서초,5,55.3,180.8
서초,6,305.9,910.2
서초,7,648.3,1905.6
서초,8,968.5,3973.9
서초,9,967.0,2993.0
서초,10,730.5,1357.9
서초,11,1015.2,1118.4
서초,12,885.4,858.7
서초,13,1109.8,896.0
서초,14,1141.2,849.8
서초,15,1454.4,710.8
서초,16,1680.1,782.2
서초,17,2610.3,876.1
서초,18,3198.8,950.5
서초,19,1377.1,666.5
서초,20,1020.9,427.2
서초,21,976.0,397.3
서초,22,604.0,371.9
서초,23,191.2,192.6
서현,0,14.7,38.6
서현,4,9.6,0.5
서현,5,141.6,116.9
서현,6,437.6,459.3
서현,7,1153.6,1241.4
서현,8,1235.7,2909.7
서현,9,943.7,2193.6
서현,10,885.0,1375.6
서현,11,965.4,1251.7
서현,12,1086.5,1312.3
서현,13,1193.6,1345.6
서현,14,1297.8,1346.5
서현,15,1544.3,1253.0
서현,16,1747.5,1430.1
서현,17,2311.5,1657.2
서현,18,2788.4,2031.5
서현,19,1643.6,1401.1
서현,20,1517.6,868.3
서현,21,1245.1,695.9
서현,22,869.9,587.9
서현,23,315.4,315.1
석계,0,23.8,198.1
석계,1,0.0,0.0
석계,4,104.2,1.9
석계,5,487.8,158.9
석계,6,1036.6,492.1
석계,7,2296.9,450.3
석계,8,2463.8,716.9
석계,9,1456.4,542.7
석계,10,1099.2,545.0
석계,11,1021.8,657.9
석계,12,1001.7,730.0
석계,13,944.7,797.5
석계,14,848.9,836.3
석계,15,846.1,1108.9
석계,16,935.1,1427.8
석계,17,1002.0,1783.8
석계,18,820.5,2778.9
석계,19,601.4,1997.1
석계,20,466.9,1299.5
석계,21,408.4,1126.7
석계,22,343.0,1043.1
석계,23,188.3,647.5
석바위시장,5,42.9,10.7
석바위시장,6,171.3,35.4
석바위시장,7,287.6,78.3
석바위시장,8,141.5,77.2
석바위시장,9,70.9,54.3
석바위시장,10,53.1,39.2
석바위시장,11,48.7,50.6
석바위시장,12,61.0,63.9
석바위시장,13,57.7,53.3
석바위시장,14,51.5,50.6
석바위시장,15,54.0,91.0
석바위시장,16,74.6,164.6
석바위시장,17,80.8,280.0
석바위시장,18,68.3,220.8
석바위시장,19,41.5,76.5
석바위시장,20,35.9,68.8
석바위시장,21,57.2,30.8
석바위시장,22,61.0,13.5
석수,0,1.9,16.0
석수,4,11.8,0.1
석수,5,262.2,75.7
석수,6,524.0,187.0
석수,7,1120.0,367.2
석수,8,1002.3,399.6
석수,9,537.8,281.8
석수,10,394.8,220.9
석수,11,355.5,181.0
석수,12,354.4,190.1
석수,13,327.5,237.3
석수,14,303.2,256.3
석수,15,340.8,325.5
석수,16,380.3,398.4
석수,17,484.2,627.5
석수,18,435.7,976.2
석수,19,241.0,737.9
석수,20,184.7,443.4
석수,21,136.5,443.8
석수,22,98.3,366.0
석수,23,36.8,213.6
석촌,0,57.6,142.9
석촌,1,0.0,0.0
석촌,2,0.0,0.0
석촌,4,0.2,0.0
석촌,5,223.8,51.8
석촌,6,582.9,274.7
석촌,7,1415.4,604.0
석촌,8,1961.2,1342.8
석촌,9,1279.7,1178.7
석촌,10,916.0,831.4
석촌,11,881.9,863.5
석촌,12,980.4,930.5
석촌,13,982.1,1014.5
석촌,14,915.6,963.5
석촌,15,1044.0,1066.0
석촌,16,1104.2,1206.2
석촌,17,1322.4,1640.5
석촌,18,1455.2,2247.7
석촌,19,906.4,1632.7
석촌,20,791.9,1032.3
석촌,21,859.2,859.9
석촌,22,700.6,808.1
석촌,23,312.4,438.8
석촌고분,0,10.4,83.5
석촌고분,1,0.0,0.1
석촌고분,4,0.2,0.0
석촌고분,5,123.1,19.4
석촌고분,6,249.8,84.5
석촌고분,7,690.9,187.0
석촌고분,8,1117.1,581.2
석촌고분,9,711.9,368.1
석촌고분,10,408.8,233.4
석촌고분,11,374.3,237.7
석촌고분,12,384.6,294.7
석촌고분,13,354.4,293.4
석촌고분,14,332.2,327.1
석촌고분,15,344.2,364.5
석촌고분,16,363.5,429.9
석촌고분,17,444.0,590.5
석촌고분,18,580.0,950.3
석촌고분,19,275.3,734.0
석촌고분,20,215.4,456.5
석촌고분,21,194.4,404.4
석촌고분,22,148.0,391.3
석촌고분,23,57.0,215.0
선릉,0,145.2,172.8
선릉,1,0.1,4.2
선릉,4,7.4,0.1
선릉,5,185.5,268.1
선릉,6,482.3,2015.6
선릉,7,957.5,6236.4
선릉,8,1450.7,14368.9
선릉,9,1456.6,10259.7
선릉,10,1598.9,4690.1
선릉,11,2019.0,3001.2
선릉,12,2440.2,3007.3
선릉,13,2708.9,3220.0
선릉,14,3071.4,2513.9
선릉,15,4020.1,2254.0
선릉,16,5315.9,2307.5
선릉,17,9190.4,2672.5
선릉,18,12676.4,2826.1
선릉,19,6192.5,1749.2
선릉,20,4045.5,1110.6
선릉,21,3637.6,1018.2
선릉,22,3088.2,882.6
선릉,23,990.4,483.1
선바위,0,3.5,23.9
선바위,4,0.1,0.0
선바위,5,24.7,57.1
선바위,6,194.7,307.2
선바위,7,475.6,706.8
선바위,8,529.1,872.8
선바위,9,408.1,482.2
선바위,10,314.6,232.7
선바위,11,285.1,226.5
선바위,12,318.6,237.8
선바위,13,309.9,232.5
선바위,14,307.1,217.4
선바위,15,399.8,250.6
선바위,16,517.2,305.9
선바위,17,849.8,365.2
선바위,18,956.4,470.4
선바위,19,431.5,328.2
선바위,20,282.6,264.3
선바위,21,214.6,235.7
선바위,22,122.0,222.5
선바위,23,38.6,130.0
선유도,0,14.2,45.8
선유도,1,0.0,0.1
선유도,4,0.3,0.0
선유도,5,79.8,51.9
선유도,6,251.4,150.6
선유도,7,869.5,531.1
선유도,8,965.0,1483.3
선유도,9,446.9,732.6
선유도,10,321.8,280.6
선유도,11,318.3,269.4
선유도,12,347.5,269.8
선유도,13,339.5,272.0
선유도,14,330.7,273.4
선유도,15,365.7,298.2
선유도,16,455.1,351.9
선유도,17,962.3,485.2
선유도,18,1292.7,816.0
선유도,19,455.4,567.0
선유도,20,293.3,340.2
선유도,21,228.4,288.1
선유도,22,155.9,279.8
선유도,23,66.0,150.3
선정릉,0,29.5,59.8
선정릉,1,0.0,1.1
선정릉,4,0.2,0.0
선정릉,5,70.5,84.5
선정릉,6,246.4,447.7
선정릉,7,478.0,1226.1
선정릉,8,636.5,3558.7
선정릉,9,558.3,2888.6
선정릉,10,459.4,1221.6
선정릉,11,531.5,767.5
선정릉,12,691.4,763.3
선정릉,13,731.2,782.1
선정릉,14,830.6,672.6
선정릉,15,892.1,619.7
선정릉,16,1188.5,629.7
선정릉,17,2118.9,758.6
선정릉,18,3088.7,866.9
선정릉,19,1664.6,603.0
선정릉,20,893.5,418.7
선정릉,21,724.0,392.3
선정릉,22,489.6,358.9
선정릉,23,184.7,212.8
선학,0,43.6,50.8
선학,1,0.0,3.7
선학,4,25.8,16.5
선학,5,333.4,222.8
선학,6,737.9,585.8
선학,7,1359.6,1013.6
선학,8,878.1,651.2
선학,9,526.2,337.7
선학,10,408.5,330.1
선학,11,437.9,326.7
선학,12,467.6,411.8
선학,13,397.3,407.6
선학,14,394.3,427.4
선학,15,488.1,512.6
선학,16,593.7,683.9
선학,17,886.6,1068.8
선학,18,759.5,1142.1
선학,19,294.2,459.5
선학,20,264.3,421.7
선학,21,194.4,342.3
선학,22,94.2,167.7
선학,23,28.3,29.3
성균관대,0,9.9,76.4
성균관대,4,5.9,0.3
성균관대,5,335.0,85.4
성균관대,6,1011.5,240.1
성균관대,7,2310.5,343.3
성균관대,8,1796.4,777.7
성균관대,9,870.8,562.9
성균관대,10,694.7,411.9
성균관대,11,616.7,437.6
성균관대,12,646.7,450.9
성균관대,13,585.2,557.0
성균관대,14,561.9,516.2
성균관대,15,600.5,648.0
성균관대,16,757.4,856.5
성균관대,17,849.4,1263.7
성균관대,18,815.7,1981.5
성균관대,19,484.1,1583.0
성균관대,20,393.1,965.9
성균관대,21,339.9,841.2
성균관대,22,287.0,737.8
성균관대,23,136.5,489.8
성남,0,1.5,3.6
성남,4,0.1,0.0
성남,5,10.9,0.5
성남,6,72.1,37.5
성남,7,219.8,59.7
성남,8,203.1,80.5
성남,9,108.7,55.1
성남,10,81.0,40.8
성남,11,65.5,41.6
성남,12,70.4,50.2
성남,13,55.0,54.8
성남,14,53.6,53.0
성남,15,62.5,71.7
성남,16,74.5,86.9
성남,17,93.4,127.2
성남,18,70.9,182.4
성남,19,50.8,95.2
성남,20,43.8,77.7
성남,21,36.0,57.3
성남,22,29.4,42.8
성남,23,11.2,23.9
성복,0,8.8,99.0
성복,1,2.9,0.0
성복,2,2.1,0.0
성복,4,43.5,21.6
성복,5,543.6,155.5
성복,6,1812.8,357.7
성복,7,3389.5,629.1
성복,8,2695.5,576.7
성복,9,1587.9,492.2
성복,10,1049.6,459.3
성복,11,924.7,468.7
성복,12,753.7,618.5
성복,13,644.4,727.9
성복,14,614.0,830.2
성복,15,672.0,1079.6
성복,16,744.6,1451.1
성복,17,803.1,2518.6
성복,18,733.1,2656.0
성복,19,398.6,1620.6
성복,20,328.5,1265.7
성복,21,169.9,1295.5
성복,22,91.2,614.9
성복,23,12.6,88.1
성수,0,108.0,197.0
성수,1,0.2,34.0
성수,4,1.7,0.0
성수,5,167.2,216.2
성수,6,270.1,1461.5
성수,7,677.7,2618.6
성수,8,891.6,8738.8
성수,9,769.2,6436.3
성수,10,770.4,4679.5
성수,11,1054.5,4582.6
성수,12,1551.2,4672.5
성수,13,2164.2,4735.2
성수,14,2903.0,4435.8
성수,15,3840.0,4195.5
성수,16,5033.2,3876.0
성수,17,7185.5,3534.8
성수,18,10321.2,3269.9
성수,19,6554.8,1941.6
성수,20,5427.1,1003.3
성수,21,4493.8,680.2
성수,22,2896.2,478.2
성수,23,878.4,358.2
성신여대입구,0,97.2,233.3
성신여대입구,4,0.9,0.2
성신여대입구,5,225.5,64.3
성신여대입구,6,720.7,304.0
성신여대입구,7,1704.1,733.0
성신여대입구,8,2075.0,1581.3
성신여대입구,9,1498.0,1391.9
성신여대입구,10,1220.6,1022.7
성신여대입구,11,1245.9,1046.3
성신여대입구,12,1446.7,1236.1
성신여대입구,13,1495.9,1409.3
성신여대입구,14,1372.0,1306.8
성신여대입구,15,1451.5,1459.6
성신여대입구,16,1693.5,1705.3
성신여대입구,17,1890.0,2092.3
성신여대입구,18,1921.4,2696.1
성신여대입구,19,1256.9,2080.5
성신여대입구,20,1142.9,1416.9
성신여대입구,21,1219.4,1314.5
성신여대입구,22,1038.3,1183.6
성신여대입구,23,475.3,777.2
세류,0,0.3,31.9
세류,4,21.1,0.0
세류,5,149.1,23.0
세류,6,354.7,101.1
세류,7,549.9,148.0
세류,8,370.8,144.9
세류,9,200.2,95.4
세류,10,157.4,98.0
세류,11,146.1,106.5
세류,12,151.5,126.3
세류,13,139.5,124.6
세류,14,131.8,120.0
세류,15,160.9,140.9
세류,16,185.7,193.2
세류,17,237.1,247.0
세류,18,182.7,440.0
세류,19,119.0,340.9
세류,20,91.3,241.6
세류,21,76.9,234.4
세류,22,46.0,168.4
세류,23,15.4,107.8
세마,0,2.3,7.7
세마,4,11.4,0.2
세마,5,92.8,61.3
세마,6,252.0,108.4
세마,7,400.5,185.1
세마,8,339.8,345.1
세마,9,213.4,97.0
세마,10,165.4,75.2
세마,11,155.1,91.6
세마,12,160.2,85.1
세마,13,178.6,117.2
세마,14,149.5,112.7
세마,15,164.6,113.6
세마,16,193.8,220.5
세마,17,275.0,258.6
세마,18,282.6,374.9
세마,19,122.8,297.9
세마,20,87.4,209.3
세마,21,70.7,187.1
세마,22,48.6,170.8
세마,23,20.5,98.1
세종대왕릉,0,0.0,2.3
세종대왕릉,4,0.0,0.0
세종대왕릉,5,9.3,0.3
세종대왕릉,6,24.5,8.6
세종대왕릉,7,33.0,25.5
세종대왕릉,8,26.4,32.8
세종대왕릉,9,34.0,14.7
세종대왕릉,10,25.7,13.1
세종대왕릉,11,23.5,18.0
세종대왕릉,12,22.2,18.3
세종대왕릉,13,21.7,14.2
세종대왕릉,14,21.0,19.4
세종대왕릉,15,20.6,21.0
세종대왕릉,16,23.6,26.8
세종대왕릉,17,27.1,24.2
세종대왕릉,18,25.1,37.0
세종대왕릉,19,13.2,26.7
세종대왕릉,20,7.7,19.7
세종대왕릉,21,4.4,14.9
세종대왕릉,22,1.4,14.1
세종대왕릉,23,0.4,7.7
센트럴파크,0,40.6,84.7
센트럴파크,1,0.7,0.0
센트럴파크,3,0.9,0.8
센트럴파크,4,9.9,36.6
센트럴파크,5,272.8,313.5
센트럴파크,6,613.3,614.9
센트럴파크,7,998.7,1179.1
센트럴파크,8,793.3,790.2
센트럴파크,9,454.9,396.7
센트럴파크,10,405.4,380.6
센트럴파크,11,382.2,393.3
센트럴파크,12,422.7,455.8
센트럴파크,13,454.6,440.6
센트럴파크,14,464.3,428.2
센트럴파크,15,554.5,517.9
센트럴파크,16,682.1,665.0
센트럴파크,17,1086.5,964.0
센트럴파크,18,974.4,906.2
센트럴파크,19,406.2,439.0
센트럴파크,20,399.2,380.0
센트럴파크,21,298.4,320.4
센트럴파크,22,191.6,194.7
센트럴파크,23,36.1,41.2
소래포구,0,0.6,16.9
소래포구,4,0.5,0.0
소래포구,5,100.2,17.9
소래포구,6,275.1,81.0
소래포구,7,570.4,131.2
소래포구,8,425.8,243.9
소래포구,9,243.9,180.8
소래포구,10,212.5,178.9
소래포구,11,239.1,257.3
소래포구,12,245.3,275.2
소래포구,13,257.5,242.7
소래포구,14,283.7,230.1
소래포구,15,299.5,232.4
소래포구,16,294.3,291.2
소래포구,17,291.1,359.6
소래포구,18,244.8,488.3
소래포구,19,153.4,309.8
소래포구,20,135.7,207.9
소래포구,21,132.8,209.7
소래포구,22,84.4,179.7
소래포구,23,45.3,112.3
소사,0,2.8,64.0
소사,4,44.6,0.5
소사,5,456.2,81.3
소사,6,477.2,189.8
소사,7,1030.4,239.9
소사,8,933.5,296.9
소사,9,605.9,259.3
소사,10,465.5,238.5
소사,11,416.7,247.5
소사,12,418.4,310.0
소사,13,378.1,319.4
소사,14,343.8,321.9
소사,15,346.6,398.8
소사,16,382.7,499.7
소사,17,381.8,628.5
소사,18,342.6,932.6
소사,19,205.7,719.5
소사,20,162.8,460.2
소사,21,117.8,429.7
소사,22,76.9,383.5
소사,23,37.0,242.9
소새울,0,37.2,47.9
소새울,1,1.4,2.7
소새울,2,1.7,0.0
소새울,3,15.3,6.8
소새울,4,224.5,46.5
소새울,5,890.3,155.1
소새울,6,2025.1,291.8
소새울,7,3539.2,502.5
소새울,8,2248.2,487.1
소새울,9,1311.0,518.5
소새울,10,815.9,527.0
소새울,11,736.8,486.4
소새울,12,783.8,669.1
소새울,13,641.3,699.2
소새울,14,544.2,766.6
소새울,15,579.6,1106.3
소새울,16,587.1,1541.9
소새울,17,697.4,2490.4
소새울,18,472.2,2776.4
소새울,19,289.6,1303.1
소새울,20,246.5,1108.5
소새울,21,194.6,940.6
소새울,22,69.0,451.9
소새울,23,11.1,36.7
소요산,0,0.1,10.1
소요산,4,3.3,0.0
소요산,5,19.0,26.5
소요산,6,22.7,33.7
소요산,7,61.3,49.4
소요산,8,92.3,87.8
소요산,9,78.6,114.2
소요산,10,88.7,232.8
소요산,11,117.7,283.0
소요산,12,155.6,284.8
소요산,13,242.9,218.9
소요산,14,276.7,197.4
소요산,15,287.2,152.3
소요산,16,243.5,107.6
소요산,17,181.2,79.6
소요산,18,104.4,66.1
소요산,19,40.7,43.7
소요산,20,30.7,40.1
소요산,21,10.0,26.8
소요산,22,5.5,23.4
소요산,23,3.1,17.6
솔밭공원,0,1.8,19.5
솔밭공원,1,0.0,0.1
솔밭공원,4,0.1,0.0
솔밭공원,5,61.7,15.6
솔밭공원,6,150.6,42.2
솔밭공원,7,361.3,53.4
솔밭공원,8,383.5,100.0
솔밭공원,9,243.9,98.5
솔밭공원,10,183.6,92.2
솔밭공원,11,158.9,102.1
솔밭공원,12,151.7,120.6
솔밭공원,13,135.2,127.0
솔밭공원,14,114.1,136.1
솔밭공원,15,117.5,155.2
솔밭공원,16,128.0,177.5
솔밭공원,17,118.2,212.7
솔밭공원,18,95.8,283.6
솔밭공원,19,55.9,257.6
솔밭공원,20,47.2,167.9
솔밭공원,21,28.2,140.9
솔밭공원,22,22.5,110.0
솔밭공원,23,9.3,72.0
솔샘,0,7.0,65.1
솔샘,4,0.2,0.0
솔샘,5,106.0,16.0
솔샘,6,357.0,52.2
솔샘,7,977.8,115.4
솔샘,8,937.4,160.8
솔샘,9,546.3,110.6
솔샘,10,376.7,127.9
솔샘,11,311.2,141.0
솔샘,12,306.8,182.6
솔샘,13,283.3,202.0
솔샘,14,215.4,222.5
솔샘,15,225.5,310.7
솔샘,16,229.4,384.0
솔샘,17,214.6,458.6
솔샘,18,165.6,764.2
솔샘,19,112.6,697.2
솔샘,20,78.9,399.0
솔샘,21,60.0,361.2
솔샘,22,42.8,313.8
솔샘,23,22.0,176.5
송내,0,16.5,104.4
송내,4,54.8,0.3
송내,5,579.9,233.8
송내,6,1309.1,479.3
송내,7,3369.6,911.9
송내,8,2686.0,2370.7
송내,9,1582.8,1256.9
송내,10,1127.0,790.2
송내,11,1155.2,693.4
송내,12,1105.5,834.3
송내,13,1024.7,851.5
송내,14,963.3,828.1
송내,15,1053.7,1003.5
송내,16,1190.5,1301.2
송내,17,1509.8,1971.0
송내,18,2261.5,2909.3
송내,19,903.7,2450.0
송내,20,705.0,1468.6
송내,21,554.1,1281.5
송내,22,448.9,1082.5
송내,23,197.7,664.8
송도,0,0.1,10.6
송도,1,0.0,0.0
송도,4,0.4,0.0
송도,5,82.7,18.4
송도,6,155.9,138.4
송도,7,274.4,87.6
송도,8,273.2,153.1
송도,9,146.2,93.4
송도,10,127.6,83.3
송도,11,132.6,99.2
송도,12,151.0,101.2
송도,13,141.7,96.7
송도,14,124.0,105.5
송도,15,142.0,137.8
송도,16,195.0,161.3
송도,17,186.0,214.0
송도,18,131.8,252.1
송도,19,69.1,161.6
송도,20,60.7,112.2
송도,21,52.1,102.3
송도,22,26.9,77.9
송도,23,11.8,45.6
송산,0,13.9,20.4
송산,1,0.6,0.7
송산,4,114.4,6.7
송산,5,397.3,68.8
송산,6,1139.2,118.5
송산,7,1612.1,241.0
송산,8,938.2,180.0
송산,9,534.0,141.8
송산,10,348.8,149.9
송산,11,325.1,178.2
송산,12,266.4,214.9
송산,13,211.8,242.5
송산,14,216.3,361.8
송산,15,220.0,447.0
송산,16,220.8,694.8
송산,17,264.0,1162.2
송산,18,177.7,1284.7
송산,19,68.3,648.1
송산,20,69.0,475.2
송산,21,22.7,399.9
송산,22,13.4,136.2
송산,23,0.0,0.8
송정,0,8.3,59.0
송정,4,0.1,0.0
송정,5,115.2,31.3
송정,6,248.2,114.6
송정,7,587.2,225.9
송정,8,728.8,359.8
송정,9,486.4,260.5
송정,10,379.1,215.0
송정,11,331.2,249.8
송정,12,347.5,281.1
송정,13,312.3,281.1
송정,14,315.7,283.0
송정,15,324.1,336.8
송정,16,335.3,377.6
송정,17,403.2,468.7
송정,18,394.0,650.5
송정,19,255.9,509.2
송정,20,191.5,364.7
송정,21,152.5,335.6
송정,22,124.0,309.2
송정,23,66.6,187.4
송탄,0,3.5,18.0
송탄,4,3.8,0.4
송탄,5,176.1,74.4
송탄,6,296.5,106.4
송탄,7,426.2,224.4
송탄,8,320.9,285.6
송탄,9,283.6,130.0
송탄,10,255.3,117.0
송탄,11,247.0,173.5
송탄,12,240.0,153.3
송탄,13,226.2,160.5
송탄,14,213.7,217.1
송탄,15,261.4,205.2
송탄,16,304.0,264.2
송탄,17,285.4,388.8
송탄,18,293.5,400.5
송탄,19,187.6,409.0
송탄,20,136.7,305.3
송탄,21,112.3,265.2
송탄,22,69.8,228.6
송탄,23,37.2,183.0
송파,0,11.2,67.0
송파,1,0.0,1.2
송파,4,0.1,0.0
송파,5,119.0,31.6
송파,6,377.1,192.4
송파,7,1064.2,350.3
송파,8,1302.8,746.5
송파,9,793.4,436.5
송파,10,598.6,325.3
송파,11,556.3,330.7
송파,12,541.9,396.5
송파,13,537.8,484.4
송파,14,469.6,495.6
송파,15,562.9,591.0
송파,16,568.9,665.5
송파,17,598.9,848.1
송파,18,649.2,1170.1
송파,19,361.7,865.5
송파,20,268.4,538.0
송파,21,214.0,497.4
송파,22,177.1,417.1
송파,23,67.4,195.1
송파나루,0,24.5,47.0
송파나루,4,0.1,0.0
송파나루,5,87.1,10.9
송파나루,6,177.0,52.8
송파나루,7,482.7,188.0
송파나루,8,736.0,453.3
송파나루,9,444.1,325.0
송파나루,10,274.3,233.8
송파나루,11,249.3,261.0
송파나루,12,270.7,318.4
송파나루,13,301.1,311.3
송파나루,14,289.5,314.9
송파나루,15,304.1,362.4
송파나루,16,316.9,418.3
송파나루,17,398.8,613.2
송파나루,18,499.8,895.2
송파나루,19,291.7,662.4
송파나루,20,262.4,361.1
송파나루,21,286.7,287.3
송파나루,22,228.5,253.8
송파나루,23,98.5,133.8
수내,0,6.1,33.3
수내,1,0.0,0.0
수내,4,6.1,0.1
수내,5,95.7,65.8
수내,6,273.7,308.9
수내,7,641.6,815.6
수내,8,740.9,1784.2
수내,9,558.3,1182.5
수내,10,467.9,593.8
수내,11,519.5,494.7
수내,12,555.6,505.6
수내,13,574.3,543.9
수내,14,619.5,526.4
수내,15,655.5,526.5
수내,16,753.2,628.2
수내,17,1228.1,761.1
수내,18,1601.6,884.0
수내,19,785.0,667.7
수내,20,573.0,443.1
수내,21,584.2,389.0
수내,22,420.0,371.6
수내,23,109.3,170.6
수락산,0,10.1,131.0
수락산,4,3.5,0.2
수락산,5,350.3,24.6
수락산,6,723.9,205.5
수락산,7,1557.8,282.4
수락산,8,1532.8,586.0
수락산,9,957.1,521.5
수락산,10,732.3,554.9
수락산,11,663.7,574.6
수락산,12,697.4,620.3
수락산,13,682.6,540.1
수락산,14,663.7,544.1
수락산,15,691.3,676.9
수락산,16,681.4,843.2
수락산,17,669.5,1021.0
수락산,18,647.3,1428.4
수락산,19,387.4,1376.6
수락산,20,288.2,849.6
수락산,21,218.2,676.0
수락산,22,141.7,584.6
수락산,23,73.9,370.7
수리산,0,2.0,29.6
수리산,4,0.3,0.0
수리산,5,119.6,21.1
수리산,6,323.6,62.9
수리산,7,602.5,170.5
수리산,8,570.1,223.4
수리산,9,338.4,96.8
수리산,10,237.7,102.9
수리산,11,235.3,93.7
수리산,12,200.4,104.8
수리산,13,173.6,111.2
수리산,14,152.9,135.5
수리산,15,179.3,160.7
수리산,16,162.6,232.1
수리산,17,176.2,262.2
수리산,18,167.5,416.1
수리산,19,97.0,328.2
수리산,20,71.1,229.5
수리산,21,45.1,185.2
수리산,22,29.6,166.1
수리산,23,12.3,100.2
수색,0,1.2,13.0
수색,4,0.1,0.0
수색,5,52.5,10.2
수색,6,138.2,73.0
수색,7,284.3,191.7
수색,8,347.0,504.4
수색,9,181.0,265.1
수색,10,135.9,111.8
수색,11,121.1,103.9
수색,12,126.6,104.9
수색,13,113.6,113.9
수색,14,122.8,118.5
수색,15,122.7,119.4
수색,16,164.2,150.6
수색,17,297.5,215.6
수색,18,342.1,281.8
수색,19,152.6,177.5
수색,20,94.6,153.7
수색,21,76.5,118.5
수색,22,54.0,99.3
수색,23,21.4,67.1
수서,0,35.7,161.5
수서,1,0.1,9.0
수서,4,7.1,0.1
수서,5,302.1,246.9
수서,6,916.2,1121.9
수서,7,2810.2,2209.1
수서,8,3635.7,3379.8
수서,9,2329.3,2116.3
수서,10,2341.6,1521.1
수서,11,1673.4,1373.3
수서,12,2167.0,1658.0
수서,13,2083.6,1572.7
수서,14,1558.1,1530.8
수서,15,2128.0,1812.7
수서,16,2240.6,2141.9
수서,17,2977.7,2955.9
수서,18,3083.3,4003.0
수서,19,1478.6,2680.9
수서,20,1377.8,1858.6
수서,21,1042.2,1668.5
수서,22,947.6,1539.8
수서,23,481.1,604.8
수원,0,25.2,244.4
수원,4,100.3,3.5
수원,5,931.9,183.6
수원,6,1620.9,1230.1
수원,7,3202.9,2098.5
수원,8,2848.7,2857.1
수원,9,1901.6,2629.7
수원,10,1650.9,2720.6
수원,11,1882.4,2760.4
수원,12,2095.9,3079.4
수원,13,2239.3,2966.7
수원,14,2329.1,2942.9
수원,15,2826.0,2892.9
수원,16,3447.0,3317.9
수원,17,3509.3,3912.3
수원,18,3949.6,4997.2
수원,19,3128.0,3562.3
수원,20,3373.5,2169.7
수원,21,2681.3,1668.9
수원,22,2261.5,1293.1
수원,23,850.9,882.4
수원시청,0,8.2,32.7
수원시청,4,9.5,0.3
수원시청,5,237.9,67.1
수원시청,6,456.5,254.6
수원시청,7,1111.3,704.2
수원시청,8,1007.5,1848.0
수원시청,9,502.2,1304.0
수원시청,10,452.4,620.8
수원시청,11,549.6,566.2
수원시청,12,629.6,662.5
수원시청,13,591.7,713.8
수원시청,14,615.5,567.0
수원시청,15,756.4,608.4
수원시청,16,1029.7,715.9
수원시청,17,1150.9,1124.4
수원시청,18,1499.8,1599.9
수원시청,19,800.5,1121.3
수원시청,20,693.4,722.8
수원시청,21,708.8,502.6
수원시청,22,571.5,477.8
수원시청,23,208.5,305.2
수유,0,56.7,346.1
수유,4,3.4,0.2
수유,5,742.7,105.3
수유,6,1587.6,376.3
수유,7,3524.6,726.5
수유,8,3936.8,1838.7
수유,9,2616.9,1352.9
수유,10,1865.6,1043.5
수유,11,1723.3,1096.9
수유,12,1833.8,1212.8
수유,13,1774.6,1430.5
수유,14,1657.9,1478.2
수유,15,1659.2,1772.7
수유,16,1812.4,2277.6
수유,17,1876.6,2823.3
수유,18,2115.3,4062.2
수유,19,1239.2,3400.9
수유,20,996.4,2268.3
수유,21,858.1,2074.0
수유,22,650.9,1930.1
수유,23,351.4,1381.5
수지구청,0,7.9,87.3
수지구청,1,2.5,0.0
수지구청,2,0.7,0.0
수지구청,4,37.8,16.9
수지구청,5,485.0,134.4
수지구청,6,1626.6,315.2
수지구청,7,3046.6,558.9
수지구청,8,2418.4,509.2
수지구청,9,1419.0,434.8
수지구청,10,938.1,409.3
수지구청,11,824.4,411.9
수지구청,12,671.1,548.1
수지구청,13,570.9,644.1
수지구청,14,546.5,740.1
수지구청,15,595.1,960.4
수지구청,16,657.3,1297.9
수지구청,17,714.5,2263.5
수지구청,18,645.6,2384.0
수지구청,19,350.1,1450.4
수지구청,20,290.3,1129.1
수지구청,21,147.4,1161.4
수지구청,22,79.1,549.7
수지구청,23,11.3,79.4
수진,0,7.0,45.5
수진,1,0.0,1.0
수진,4,0.8,0.0
수진,5,153.2,18.1
수진,6,239.5,79.4
수진,7,546.4,153.1
수진,8,733.7,396.5
수진,9,423.7,230.0
수진,10,310.5,202.2
수진,11,298.7,229.0
수진,12,336.4,237.3
수진,13,323.6,267.1
수진,14,290.3,279.8
수진,15,320.5,299.7
수진,16,377.7,338.4
수진,17,316.8,368.3
수진,18,269.5,552.5
수진,19,163.1,420.7
수진,20,135.5,291.3
수진,21,116.3,261.3
수진,22,71.0,217.2
수진,23,28.5,147.3
숙대입구,0,41.4,72.5
숙대입구,1,0.0,0.7
숙대입구,4,0.3,0.0
숙대입구,5,97.0,28.6
숙대입구,6,275.1,281.4
숙대입구,7,607.7,863.4
숙대입구,8,1000.9,1834.2
숙대입구,9,742.6,1045.7
숙대입구,10,588.5,606.2
숙대입구,11,598.5,639.0
숙대입구,12,713.9,640.2
숙대입구,13,752.1,749.4
숙대입구,14,716.6,661.7
숙대입구,15,800.3,715.0
숙대입구,16,993.7,836.5
숙대입구,17,1391.7,1111.2
숙대입구,18,1740.2,1460.3
숙대입구,19,832.9,907.1
숙대입구,20,790.9,621.6
숙대입구,21,788.7,535.6
숙대입구,22,671.2,510.2
숙대입구,23,334.0,311.0
숭실대입구,0,25.8,121.0
숭실대입구,4,0.6,0.0
숭실대입구,5,205.6,31.7
숭실대입구,6,459.5,125.2
숭실대입구,7,1263.1,224.0
숭실대입구,8,1615.5,532.4
숭실대입구,9,1046.2,610.2
숭실대입구,10,675.4,417.1
숭실대입구,11,574.2,411.3
숭실대입구,12,594.7,483.8
숭실대입구,13,586.2,524.6
숭실대입구,14,519.9,527.8
숭실대입구,15,555.0,652.0
숭실대입구,16,617.5,773.7
숭실대입구,17,788.5,1030.8
숭실대입구,18,606.4,1515.3
숭실대입구,19,383.7,1081.8
숭실대입구,20,321.0,724.7
숭실대입구,21,262.4,657.9
숭실대입구,22,240.7,638.7
숭실대입구,23,139.1,399.1
숭의,0,0.4,16.7
숭의,4,0.7,0.0
숭의,5,137.5,35.5
숭의,6,242.7,145.6
숭의,7,503.1,310.8
숭의,8,408.3,398.6
숭의,9,238.7,173.0
숭의,10,233.0,141.9
숭의,11,233.4,134.5
숭의,12,224.6,164.2
숭의,13,209.2,187.3
숭의,14,206.0,176.9
숭의,15,238.5,186.7
숭의,16,281.4,252.4
숭의,17,361.5,335.5
숭의,18,321.1,442.9
숭의,19,150.7,259.6
숭의,20,114.5,196.4
숭의,21,107.2,184.5
숭의,22,76.6,142.9
숭의,23,28.9,80.2
시민공원,0,3.7,14.4
시민공원,1,1.4,2.4
시민공원,3,1.5,0.7
시민공원,4,55.3,6.5
시민공원,5,321.2,99.8
시민공원,6,849.0,197.3
시민공원,7,1282.7,389.0
시민공원,8,707.1,343.6
시민공원,9,430.7,251.6
시민공원,10,327.9,195.0
시민공원,11,303.6,248.3
시민공원,12,324.4,315.5
시민공원,13,313.3,318.0
시민공원,14,266.2,352.2
시민공원,15,289.8,567.0
시민공원,16,408.5,848.5
시민공원,17,414.8,1249.1
시민공원,18,347.6,1021.5
시민공원,19,191.2,455.9
시민공원,20,184.5,405.9
시민공원,21,303.9,249.8
시민공원,22,310.3,113.0
시민공원,23,8.0,1.5
시우,0,15.7,12.1
시우,3,0.8,1.4
시우,4,6.9,4.2
시우,5,26.9,41.9
시우,6,140.9,103.0
시우,7,190.6,131.5
시우,8,95.3,88.3
시우,9,51.8,40.1
시우,10,45.0,40.5
시우,11,47.2,36.4
시우,12,50.0,45.1
시우,13,32.1,36.9
시우,14,41.4,31.8
시우,15,43.8,57.2
시우,16,83.5,77.7
시우,17,116.1,142.6
시우,18,93.7,155.3
시우,19,45.5,53.3
시우,20,38.1,57.2
시우,21,21.1,33.6
시우,22,12.6,8.9
시청,0,64.9,68.0
시청,1,0.1,3.5
시청,4,3.8,0.1
시청,5,89.0,292.4
시청,6,200.8,1908.0
시청,7,408.1,5358.7
시청,8,632.6,14593.4
시청,9,892.1,6163.8
시청,10,1286.6,2793.7
시청,11,1722.9,2468.5
시청,12,1777.1,2449.5
시청,13,2195.2,2461.5
시청,14,2684.7,1937.2
시청,15,3464.7,1720.8
시청,16,4280.4,1611.4
시청,17,7497.7,1733.7
시청,18,11212.3,1652.0
시청,19,4191.6,913.4
시청,20,3567.1,646.3
시청,21,3087.3,606.1
시청,22,1909.8,494.9
시청,23,675.9,273.4
시청·용인대,5,12.4,6.8
시청·용인대,6,46.1,19.5
시청·용인대,7,94.7,39.3
시청·용인대,8,34.4,18.6
시청·용인대,9,22.9,14.6
시청·용인대,10,19.6,8.0
시청·용인대,11,8.2,7.2
시청·용인대,12,13.6,13.5
시청·용인대,13,17.3,17.2
시청·용인대,14,8.8,21.2
시청·용인대,15,19.0,18.2
시청·용인대,16,14.6,21.2
시청·용인대,17,26.7,55.8
시청·용인대,18,17.4,53.1
시청·용인대,19,7.9,17.6
시청·용인대,20,1.9,15.1
시청·용인대,21,1.6,13.4
시청·용인대,22,0.0,6.7
시흥능곡,0,10.1,38.2
시흥능곡,1,5.7,6.4
시흥능곡,2,3.3,2.4
시흥능곡,3,1.3,0.0
시흥능곡,4,44.2,29.3
시흥능곡,5,347.2,174.3
시흥능곡,6,671.8,244.6
시흥능곡,7,961.8,241.4
시흥능곡,8,551.1,176.3
시흥능곡,9,327.7,153.5
시흥능곡,10,250.1,140.4
시흥능곡,11,279.2,142.5
시흥능곡,12,207.5,189.7
시흥능곡,13,168.2,188.6
시흥능곡,14,172.8,256.1
시흥능곡,15,197.9,333.0
시흥능곡,16,241.9,429.3
시흥능곡,17,302.5,706.3
시흥능곡,18,245.7,771.5
시흥능곡,19,91.3,369.9
시흥능곡,20,65.6,312.1
시흥능곡,21,35.0,220.2
시흥능곡,22,10.5,65.8
시흥능곡,23,2.1,2.8
시흥대야,7,1.7,0.0
시흥대야,8,0.8,0.0
시흥대야,17,0.0,1.1
시흥대야,18,0.0,1.4
시흥시청,0,14.3,53.3
시흥시청,1,7.1,8.7
시흥시청,2,5.7,3.7
시흥시청,3,2.4,0.0
시흥시청,4,73.8,41.8
시흥시청,5,475.9,239.2
시흥시청,6,884.3,325.1
시흥시청,7,1247.6,319.5
시흥시청,8,718.2,236.2
시흥시청,9,436.6,218.6
시흥시청,10,337.2,191.6
시흥시청,11,379.7,201.8
시흥시청,12,291.7,264.2
시흥시청,13,236.2,269.9
시흥시청,14,243.0,349.6
시흥시청,15,275.8,444.9
시흥시청,16,327.5,574.1
시흥시청,17,415.2,921.7
시흥시청,18,324.8,1003.6
시흥시청,19,131.0,495.2
시흥시청,20,98.1,424.6
시흥시청,21,53.4,312.9
시흥시청,22,17.9,96.8
시흥시청,23,3.3,3.6
신갈,0,0.2,9.6
신갈,4,5.6,0.0
신갈,5,114.0,11.4
신갈,6,329.7,51.4
신갈,7,652.1,93.2
신갈,8,668.5,263.5
신갈,9,383.9,168.0
신갈,10,283.5,125.4
신갈,11,312.5,153.1
신갈,12,236.3,189.2
신갈,13,230.9,205.8
신갈,14,211.2,196.3
신갈,15,262.0,249.3
신갈,16,265.7,261.5
신갈,17,209.3,391.9
신갈,18,187.7,604.7
신갈,19,86.8,469.7
신갈,20,61.8,330.3
신갈,21,56.8,258.1
신갈,22,41.0,304.7
신갈,23,14.8,153.3
신금호,0,7.9,56.5
신금호,4,1.6,0.0
신금호,5,100.1,18.1
신금호,6,250.0,92.6
신금호,7,705.9,257.7
신금호,8,897.0,454.1
신금호,9,507.4,268.1
신금호,10,346.2,203.7
신금호,11,311.7,205.3
신금호,12,324.2,243.4
신금호,13,280.4,283.5
신금호,14,274.2,295.8
신금호,15,299.5,357.8
신금호,16,355.8,427.4
신금호,17,322.4,581.5
신금호,18,335.6,872.5
신금호,19,244.5,569.5
신금호,20,166.6,360.6
신금호,21,130.4,341.7
신금호,22,91.6,290.3
신금호,23,41.2,170.9
신길,0,12.1,117.5
신길,4,32.3,0.2
신길,5,315.4,54.5
신길,6,535.1,248.8
신길,7,1432.9,792.7
신길,8,1957.5,1429.4
신길,9,985.1,603.3
신길,10,631.4,349.6
신길,11,535.1,351.7
신길,12,611.9,387.5
신길,13,561.2,443.3
신길,14,472.2,422.4
신길,15,520.1,523.3
신길,16,631.2,631.3
신길,17,913.2,945.0
신길,18,1368.5,1503.4
신길,19,507.2,950.7
신길,20,382.8,746.0
신길,21,316.4,766.6
신길,22,232.7,678.6
신길,23,109.1,409.1
신내,0,4.0,20.7
신내,4,2.7,0.0
신내,5,48.5,25.6
신내,6,181.3,89.7
신내,7,448.2,223.8
신내,8,357.5,307.3
신내,9,179.4,100.1
신내,10,138.1,78.5
신내,11,121.1,98.5
신내,12,135.4,93.5
신내,13,122.4,113.8
신내,14,115.9,90.3
신내,15,125.5,161.3
신내,16,152.4,125.4
신내,17,183.5,226.8
신내,18,243.9,333.8
신내,19,98.2,237.4
신내,20,65.2,124.3
신내,21,60.2,108.3
신내,22,44.7,93.4
신내,23,28.5,67.5
신논현,0,175.1,120.2
신논현,1,0.1,22.8
신논현,4,1.9,0.0
신논현,5,135.3,56.8
신논현,6,481.4,564.6
신논현,7,1045.4,1428.8
신논현,8,1333.8,3032.6
신논현,9,1013.7,3850.4
신논현,10,954.0,2154.0
신논현,11,1106.9,1558.6
신논현,12,1296.5,1607.7
신논현,13,1423.4,1724.1
신논현,14,1558.6,1652.2
신논현,15,1799.2,1646.3
신논현,16,2228.8,1883.1
신논현,17,2950.1,2568.6
신논현,18,3639.3,3240.2
신논현,19,2874.6,1924.9
신논현,20,2188.7,1131.5
신논현,21,2264.7,945.8
신논현,22,1955.6,805.5
신논현,23,945.7,452.0
신답,0,1.3,17.5
신답,1,0.0,0.0
신답,4,0.4,0.0
신답,5,39.4,2.8
신답,6,67.1,13.7
신답,7,232.2,34.2
신답,8,387.2,58.7
신답,9,176.4,36.2
신답,10,98.1,33.3
신답,11,80.6,39.7
신답,12,78.9,48.4
신답,13,79.5,51.5
신답,14,65.4,65.9
신답,15,65.4,93.6
신답,16,68.7,129.6
신답,17,74.3,180.5
신답,18,66.1,373.4
신답,19,36.0,239.4
신답,20,21.5,140.4
신답,21,18.4,142.7
신답,22,13.9,114.0
신답,23,6.1,73.6
신당,0,109.8,207.6
신당,1,0.0,1.8
신당,4,4.6,0.1
신당,5,369.9,92.8
신당,6,552.3,601.9
신당,7,1293.3,972.6
신당,8,2171.8,2179.8
신당,9,1350.9,1414.4
신당,10,1003.3,1064.5
신당,11,1046.8,1057.0
신당,12,1157.2,1135.9
신당,13,1208.7,1151.6
신당,14,1225.3,1163.3
신당,15,1345.5,1226.9
신당,16,1529.3,1497.9
신당,17,1748.4,1933.0
신당,18,2029.5,2698.3
신당,19,1402.5,1952.6
신당,20,1235.9,1230.8
신당,21,1175.3,1079.3
신당,22,1032.5,978.0
신당,23,552.1,642.5
신대방,0,35.2,296.4
신대방,1,0.0,5.1
신대방,4,9.3,0.0
신대방,5,780.8,72.8
신대방,6,1162.4,316.7
신대방,7,3023.9,494.8
신대방,8,4320.3,780.0
신대방,9,2644.6,622.7
신대방,10,1471.2,581.5
신대방,11,1180.6,589.8
신대방,12,1178.7,708.8
신대방,13,1114.7,805.9
신대방,14,956.4,936.7
신대방,15,971.2,1219.3
신대방,16,1045.1,1435.4
신대방,17,1052.2,1966.8
신대방,18,1033.1,3059.7
신대방,19,646.6,2499.0
신대방,20,520.3,1794.1
신대방,21,423.3,1876.3
신대방,22,324.5,1799.1
신대방,23,166.7,1020.4
신대방삼거리,0,23.1,167.1
신대방삼거리,1,0.0,0.3
신대방삼거리,4,2.8,0.1
신대방삼거리,5,323.9,23.3
신대방삼거리,6,677.6,146.4
신대방삼거리,7,1703.1,287.7
신대방삼거리,8,2452.6,636.3
신대방삼거리,9,1401.7,567.9
신대방삼거리,10,825.4,476.9
신대방삼거리,11,716.0,492.8
신대방삼거리,12,789.0,545.3
신대방삼거리,13,738.7,584.6
신대방삼거리,14,643.0,624.7
신대방삼거리,15,624.6,760.5
신대방삼거리,16,679.1,916.6
신대방삼거리,17,681.2,1272.2
신대방삼거리,18,700.2,2040.2
신대방삼거리,19,440.6,1491.2
신대방삼거리,20,370.1,930.7
신대방삼거리,21,316.1,813.4
신대방삼거리,22,233.6,717.3
신대방삼거리,23,118.5,463.3
신도림,0,94.1,723.1
신도림,1,0.7,88.0
신도림,4,170.4,1.2
신도림,5,1340.1,214.8
신도림,6,2065.7,775.5
신도림,7,5083.2,1669.7
신도림,8,5270.3,3899.4
신도림,9,3153.5,2602.1
신도림,10,2234.9,1905.4
신도림,11,2114.4,1989.8
신도림,12,2423.1,2055.7
신도림,13,2371.5,2275.6
신도림,14,2387.8,2182.5
신도림,15,2496.3,2500.3
신도림,16,2784.8,2961.6
신도림,17,3740.6,3990.9
신도림,18,4327.1,5929.3
신도림,19,2382.0,4043.3
신도림,20,1914.6,2591.9
신도림,21,1739.1,2424.5
신도림,22,1759.7,2295.5
신도림,23,718.7,1635.1
신둔도예촌,0,0.1,11.8
신둔도예촌,5,33.8,1.4
신둔도예촌,6,100.5,21.7
신둔도예촌,7,187.5,102.6
신둔도예촌,8,165.9,88.2
신둔도예촌,9,114.8,44.8
신둔도예촌,10,87.5,35.5
신둔도예촌,11,71.4,45.6
신둔도예촌,12,74.6,41.1
신둔도예촌,13,65.5,44.7
신둔도예촌,14,54.8,53.1
신둔도예촌,15,62.9,65.0
신둔도예촌,16,79.7,76.7
신둔도예촌,17,113.9,134.5
신둔도예촌,18,98.9,128.0
신둔도예촌,19,37.2,154.9
신둔도예촌,20,32.5,95.1
신둔도예촌,21,17.7,74.9
신둔도예촌,22,6.8,72.0
신둔도예촌,23,2.8,41.1
신림,0,169.1,810.2
신림,1,0.3,18.3
신림,4,10.3,0.4
신림,5,1264.9,146.6
신림,6,2448.9,621.6
신림,7,6327.4,1031.9
신림,8,9303.2,1574.2
신림,9,5801.4,1566.4
신림,10,3219.8,1517.8
신림,11,2691.2,1637.1
신림,12,2886.1,1862.2
신림,13,2674.1,2080.5
신림,14,2498.5,2314.3
신림,15,2431.3,2887.0
신림,16,2593.1,3487.3
신림,17,2663.0,4788.3
신림,18,2750.8,7930.3
신림,19,1974.8,6598.5
신림,20,1649.2,4463.5
신림,21,1510.4,4332.8
신림,22,1280.2,4007.4
신림,23,719.1,2600.1
신목동,0,6.2,31.4
신목동,1,0.0,2.5
신목동,4,0.1,0.0
신목동,5,83.0,19.0
신목동,6,240.5,80.3
신목동,7,758.9,138.6
신목동,8,695.6,298.8
신목동,9,329.5,164.8
신목동,10,253.6,124.3
신목동,11,229.2,116.4
신목동,12,201.4,130.0
신목동,13,190.4,169.5
신목동,14,170.5,166.2
신목동,15,187.2,176.3
신목동,16,214.4,252.9
신목동,17,286.1,339.7
신목동,18,250.8,544.6
신목동,19,111.6,401.3
신목동,20,114.7,258.7
신목동,21,75.1,250.5
신목동,22,60.3,194.4
신목동,23,24.0,134.1
신반포,0,6.7,25.9
신반포,1,0.0,0.1
신반포,4,0.0,0.0
신반포,5,37.1,34.7
신반포,6,103.9,301.2
신반포,7,333.4,273.9
신반포,8,422.8,388.3
신반포,9,280.9,312.4
신반포,10,220.5,238.8
신반포,11,216.1,209.3
신반포,12,255.1,235.1
신반포,13,262.0,261.6
신반포,14,270.5,264.1
신반포,15,334.7,258.1
신반포,16,466.4,251.5
신반포,17,452.0,327.5
신반포,18,412.1,437.3
신반포,19,241.1,355.2
신반포,20,190.5,214.9
신반포,21,198.4,175.5
신반포,22,122.3,183.3
신반포,23,37.1,76.0
신방화,0,8.1,69.7
신방화,4,0.2,0.0
신방화,5,183.6,30.6
신방화,6,396.9,142.5
신방화,7,970.5,214.8
신방화,8,920.5,452.5
신방화,9,509.5,253.3
신방화,10,377.3,216.4
신방화,11,348.1,226.3
신방화,12,366.3,268.5
신방화,13,351.6,286.3
신방화,14,301.5,320.0
신방화,15,334.0,356.5
신방화,16,360.6,426.4
신방화,17,370.4,556.4
신방화,18,354.0,835.2
신방화,19,211.1,667.4
신방화,20,177.9,407.8
신방화,21,121.1,348.9
신방화,22,91.4,370.2
신방화,23,37.0,186.2
신사,0,85.9,90.6
신사,1,0.0,0.1
신사,4,1.4,0.0
신사,5,93.8,61.2
신사,6,202.8,571.2
신사,7,370.8,1413.0
신사,8,578.7,3575.6
신사,9,530.3,4490.6
신사,10,620.7,2175.6
신사,11,792.0,1513.4
신사,12,936.3,1351.1
신사,13,1116.3,1472.1
신사,14,1300.6,1266.4
신사,15,1549.2,1176.5
신사,16,1855.3,1281.2
신사,17,2810.0,1570.4
신사,18,4054.5,1908.6
신사,19,2770.6,1004.0
신사,20,1815.3,544.5
신사,21,1711.4,445.5
신사,22,1389.3,352.0
신사,23,593.0,220.8
신설동,0,25.5,137.6
신설동,1,0.4,9.8
신설동,4,15.9,0.5
신설동,5,365.3,124.1
신설동,6,450.7,506.1
신설동,7,980.7,1304.5
신설동,8,1527.7,2819.1
신설동,9,1050.9,1710.3
신설동,10,958.5,1137.5
신설동,11,1071.8,971.3
신설동,12,1162.5,997.0
신설동,13,1205.9,1049.9
신설동,14,1167.8,912.2
신설동,15,1323.1,978.6
신설동,16,1513.0,1008.7
신설동,17,2124.7,1154.2
신설동,18,2667.2,1417.4
신설동,19,1080.4,1033.2
신설동,20,742.6,731.9
신설동,21,619.9,731.6
신설동,22,422.4,651.3
신설동,23,187.9,411.4
신용산,0,70.2,48.6
신용산,1,0.0,0.2
신용산,4,0.3,0.0
신용산,5,48.6,43.8
신용산,6,140.7,536.8
신용산,7,409.2,1542.5
신용산,8,691.2,3335.0
신용산,9,654.0,2454.6
신용산,10,504.2,1361.4
신용산,11,736.3,1336.4
신용산,12,830.9,1486.9
신용산,13,1022.3,1472.5
신용산,14,1052.0,1410.2
신용산,15,1421.0,1451.5
신용산,16,1893.6,1571.4
신용산,17,2760.2,1856.6
신용산,18,3520.8,2034.9
신용산,19,1892.8,1150.2
신용산,20,1689.1,684.1
신용산,21,1663.1,463.8
신용산,22,1212.2,345.1
신용산,23,563.3,174.2
신원,0,0.0,0.8
신원,4,0.0,0.0
신원,5,3.8,1.0
신원,6,7.0,3.5
신원,7,14.0,17.6
신원,8,11.9,9.4
신원,9,13.7,10.4
신원,10,9.0,9.7
신원,11,9.5,7.9
신원,12,11.0,6.5
신원,13,13.1,8.3
신원,14,10.7,7.1
신원,15,14.6,9.6
신원,16,11.6,9.8
신원,17,10.4,11.0
신원,18,13.5,12.6
신원,19,5.6,5.3
신원,20,2.3,7.8
신원,21,2.1,6.6
신원,22,1.0,3.6
신원,23,0.2,2.3
신이문,0,4.0,77.1
신이문,4,57.6,1.6
신이문,5,307.0,31.4
신이문,6,539.7,101.5
신이문,7,1291.3,145.0
신이문,8,1405.0,283.3
신이문,9,753.1,184.2
신이문,10,534.3,195.9
신이문,11,448.5,264.3
신이문,12,422.3,305.8
신이문,13,381.0,311.5
신이문,14,343.4,341.7
신이문,15,346.9,459.9
신이문,16,343.1,583.9
신이문,17,334.7,713.4
신이문,18,320.8,1071.6
신이문,19,193.8,806.1
신이문,20,140.4,546.3
신이문,21,107.2,473.8
신이문,22,74.6,460.8
신이문,23,40.5,295.4
신정,0,9.5,118.8
신정,4,4.2,0.2
신정,5,404.9,29.4
신정,6,798.8,110.4
신정,7,2051.3,273.2
신정,8,2507.3,472.1
신정,9,1232.5,320.2
신정,10,706.9,262.1
신정,11,665.9,288.3
신정,12,633.4,380.5
신정,13,562.6,429.5
신정,14,462.7,452.5
신정,15,517.9,575.5
신정,16,521.5,743.3
신정,17,553.5,1044.8
신정,18,502.7,1615.2
신정,19,288.4,1193.4
신정,20,220.4,770.7
신정,21,188.6,755.0
신정,22,139.3,709.5
신정,23,60.7,393.6
신정네거리,0,9.3,88.3
신정네거리,1,0.0,4.8
신정네거리,4,2.2,0.0
신정네거리,5,282.3,25.7
신정네거리,6,590.6,85.4
신정네거리,7,1613.1,151.6
신정네거리,8,1378.1,399.5
신정네거리,9,719.9,286.9
신정네거리,10,543.1,256.0
신정네거리,11,507.4,284.4
신정네거리,12,488.7,330.5
신정네거리,13,445.4,397.7
신정네거리,14,392.0,410.2
신정네거리,15,397.7,529.6
신정네거리,16,402.4,676.1
신정네거리,17,419.2,941.1
신정네거리,18,396.6,1512.8
신정네거리,19,239.8,1085.5
신정네거리,20,173.3,633.7
신정네거리,21,141.2,576.9
신정네거리,22,109.8,499.3
신정네거리,23,51.7,307.7
신중동,0,86.3,158.8
신중동,1,5.9,3.1
신중동,2,3.2,3.2
신중동,3,10.9,5.7
신중동,4,218.6,57.0
신중동,5,1077.3,406.4
신중동,6,2405.9,910.7
신중동,7,4658.9,2184.8
신중동,8,3423.0,2004.7
신중동,9,1710.7,1234.4
신중동,10,1265.6,1079.4
신중동,11,1310.3,1130.0
신중동,12,1276.9,1178.8
신중동,13,1216.3,1271.0
신중동,14,1176.0,1331.5
신중동,15,1300.4,1671.1
신중동,16,1552.2,2215.9
신중동,17,2028.6,3711.4
신중동,18,2053.4,3881.7
신중동,19,1067.5,1936.2
신중동,20,928.1,1528.9
신중동,21,742.0,1303.0
신중동,22,339.7,666.5
신중동,23,81.0,64.5
신촌,0,182.9,233.8
신촌,1,0.1,6.5
신촌,4,1.0,0.2
신촌,5,221.5,93.9
신촌,6,476.1,566.4
신촌,7,1254.4,1387.2
신촌,8,1821.3,2980.5
신촌,9,1437.0,3150.7
신촌,10,1417.1,2232.5
신촌,11,1748.7,2024.2
신촌,12,2122.6,2241.0
신촌,13,2204.6,2545.5
신촌,14,2222.6,2162.5
신촌,15,2566.9,2029.7
신촌,16,2942.6,2250.6
신촌,17,3602.2,2850.9
신촌,18,3406.0,3672.6
신촌,19,2361.0,2557.4
신촌,20,2418.3,1683.3
신촌,21,2490.0,1526.1
신촌,22,2248.1,1386.1
신촌,23,1034.5,893.2
신촌(경의),0,229.6,168.3
신촌(경의),1,5.7,4.1
신촌(경의),2,12.3,5.8
신촌(경의),3,4.6,4.1
신촌(경의),4,19.9,42.5
신촌(경의),5,136.7,426.7
신촌(경의),6,429.0,1091.5
신촌(경의),7,1203.9,2196.8
신촌(경의),8,1428.4,2498.5
신촌(경의),9,1023.1,1802.0
신촌(경의),10,968.5,1424.2
신촌(경의),11,1099.4,1422.7
신촌(경의),12,1514.3,1483.0
신촌(경의),13,1416.1,1387.4
신촌(경의),14,1523.8,1237.3
신촌(경의),15,1758.4,1307.0
신촌(경의),16,2138.9,1441.4
신촌(경의),17,2786.9,2217.3
신촌(경의),18,2260.2,2262.6
신촌(경의),19,1541.0,1183.8
신촌(경의),20,1549.5,944.2
신촌(경의),21,1571.9,778.3
신촌(경의),22,1030.9,449.4
신촌(경의),23,261.5,135.4
신포,0,0.0,7.0
신포,1,0.0,0.0
신포,4,0.1,0.0
신포,5,33.9,10.0
신포,6,68.0,41.5
신포,7,113.5,125.9
신포,8,90.6,233.6
신포,9,58.5,100.9
신포,10,65.3,80.2
신포,11,80.2,98.6
신포,12,95.1,94.4
신포,13,95.5,94.9
신포,14,99.0,86.9
신포,15,130.7,102.8
신포,16,160.5,109.1
신포,17,169.2,119.0
신포,18,164.1,164.6
신포,19,90.4,76.8
신포,20,76.1,56.6
신포,21,60.5,48.6
신포,22,37.5,41.2
신포,23,15.5,22.6
신풍,0,16.9,90.6
신풍,1,0.2,12.9
신풍,4,10.9,0.1
신풍,5,428.5,46.7
신풍,6,557.8,202.8
신풍,7,1376.6,431.2
신풍,8,1701.7,679.1
신풍,9,1001.7,475.7
신풍,10,606.9,396.2
신풍,11,530.1,403.8
신풍,12,571.2,452.2
신풍,13,556.5,467.7
신풍,14,491.5,458.6
신풍,15,532.6,576.2
신풍,16,617.0,693.0
신풍,17,642.5,1036.6
신풍,18,642.3,1482.8
신풍,19,405.2,1019.8
신풍,20,313.1,634.6
신풍,21,257.0,571.7
신풍,22,190.6,505.5
신풍,23,76.9,283.5
신현,0,11.2,44.0
신현,1,6.2,6.9
신현,2,4.3,2.5
신현,3,1.4,0.0
신현,4,53.3,33.5
신현,5,394.9,194.7
신현,6,746.5,273.5
신현,7,1065.6,271.4
신현,8,613.1,196.2
신현,9,366.3,178.3
신현,10,279.3,157.0
신현,11,315.6,162.8
신현,12,235.4,215.3
신현,13,191.6,216.9
신현,14,195.3,289.5
신현,15,226.9,373.4
신현,16,271.1,478.8
신현,17,341.2,784.7
신현,18,273.3,855.3
신현,19,105.6,413.1
신현,20,76.9,352.2
신현,21,41.8,251.6
신현,22,12.9,77.2
신현,23,2.2,3.0
신흥,0,7.9,48.4
신흥,5,134.2,15.5
신흥,6,264.3,150.8
신흥,7,630.6,129.3
신흥,8,746.0,245.3
신흥,9,401.7,166.2
신흥,10,281.7,199.5
신흥,11,264.5,221.5
신흥,12,277.1,280.3
신흥,13,264.3,290.8
신흥,14,279.7,300.6
신흥,15,319.6,339.3
신흥,16,369.9,415.7
신흥,17,372.7,482.2
신흥,18,298.6,675.3
신흥,19,183.8,539.8
신흥,20,145.9,333.5
신흥,21,93.7,302.5
신흥,22,63.6,275.9
신흥,23,37.0,146.2
쌍문,0,26.9,311.7
쌍문,1,0.0,0.2
쌍문,4,6.9,0.2
쌍문,5,831.7,36.2
쌍문,6,1827.4,311.5
쌍문,7,4045.2,515.5
쌍문,8,4150.4,1025.9
쌍문,9,2547.7,777.5
쌍문,10,1748.5,702.9
쌍문,11,1550.3,796.3
쌍문,12,1594.4,935.9
쌍문,13,1427.3,1011.5
쌍문,14,1235.8,1093.7
쌍문,15,1180.9,1460.8
쌍문,16,1226.7,1815.5
쌍문,17,1290.5,2349.7
쌍문,18,1160.7,3446.7
쌍문,19,774.7,3056.5
쌍문,20,592.0,1977.5
쌍문,21,456.1,1748.5
쌍문,22,344.2,1615.8
쌍문,23,145.2,1040.8
아신,0,0.2,5.2
아신,4,0.2,0.0
아신,5,16.2,0.7
아신,6,25.8,7.6
아신,7,47.2,17.4
아신,8,54.5,23.3
아신,9,40.9,27.4
아신,10,46.8,22.4
아신,11,29.4,29.7
아신,12,30.9,21.2
아신,13,29.6,28.7
아신,14,29.4,24.7
아신,15,39.6,31.3
아신,16,37.0,44.8
아신,17,33.2,38.3
아신,18,22.0,51.0
아신,19,13.0,29.6
아신,20,8.5,30.3
아신,21,5.3,35.6
아신,22,2.5,28.8
아신,23,0.3,16.7
아차산,0,16.7,97.6
아차산,4,1.2,0.0
아차산,5,294.5,51.9
아차산,6,632.7,196.4
아차산,7,1390.2,424.6
아차산,8,1870.3,954.2
아차산,9,1067.8,589.1
아차산,10,775.9,509.7
아차산,11,733.2,590.3
아차산,12,765.6,594.1
아차산,13,750.0,593.3
아차산,14,699.8,644.0
아차산,15,718.8,794.0
아차산,16,764.5,973.5
아차산,17,814.0,1176.9
아차산,18,860.9,1787.8
아차산,19,511.9,1217.5
아차산,20,425.7,809.8
아차산,21,361.7,677.3
아차산,22,246.6,609.1
아차산,23,98.5,358.1
아현,0,10.7,86.5
아현,1,0.0,1.7
아현,4,0.6,0.1
아현,5,153.2,21.8
아현,6,399.8,153.9
아현,7,1106.1,349.1
아현,8,1465.9,639.7
아현,9,891.2,480.4
아현,10,621.4,344.1
아현,11,587.6,360.0
아현,12,647.9,392.6
아현,13,602.6,448.6
아현,14,491.1,484.2
아현,15,570.4,550.9
아현,16,605.9,651.7
아현,17,660.1,886.4
아현,18,621.5,1198.0
아현,19,389.8,880.1
아현,20,306.7,621.9
아현,21,229.0,573.7
아현,22,147.7,537.8
아현,23,64.9,281.6
안국,0,19.7,28.7
안국,1,0.0,0.0
안국,4,0.8,0.0
안국,5,61.0,67.5
안국,6,93.4,879.2
안국,7,216.6,3114.1
안국,8,386.8,3996.0
안국,9,494.2,2848.0
안국,10,597.0,2149.8
안국,11,938.0,2113.2
안국,12,1341.8,1829.9
안국,13,1471.0,1710.3
안국,14,1705.5,1524.2
안국,15,2090.8,1292.4
안국,16,2727.0,1154.9
안국,17,3965.6,1003.7
안국,18,3927.8,901.2
안국,19,1826.2,449.7
안국,20,1462.4,274.0
안국,21,1145.8,229.0
안국,22,566.3,209.4
안국,23,186.8,109.2
안산,0,5.8,93.7
안산,4,75.0,0.5
안산,5,354.8,59.4
안산,6,471.5,595.2
안산,7,757.6,1261.0
안산,8,730.6,982.8
안산,9,638.9,491.2
안산,10,519.8,409.0
안산,11,487.1,462.8
안산,12,523.4,464.6
안산,13,546.0,464.4
안산,14,556.7,517.6
안산,15,592.0,536.6
안산,16,824.6,591.1
안산,17,1362.2,753.9
안산,18,1397.5,871.1
안산,19,672.0,686.6
안산,20,539.2,559.8
안산,21,347.7,496.6
안산,22,150.9,392.0
안산,23,57.7,245.3
안암,0,52.7,117.5
안암,1,0.0,2.7
안암,4,0.5,0.0
안암,5,56.6,60.2
안암,6,111.5,261.6
안암,7,341.5,644.6
안암,8,456.5,1313.3
안암,9,426.6,1237.5
안암,10,452.9,736.6
안암,11,526.5,529.4
안암,12,598.5,631.7
안암,13,564.8,658.1
안암,14,644.7,571.6
안암,15,818.9,522.3
안암,16,1053.0,478.3
안암,17,1422.4,530.1
안암,18,1116.9,683.0
안암,19,618.2,537.1
안암,20,620.8,375.1
안암,21,586.9,398.5
안암,22,484.0,406.6
안암,23,366.5,277.9
안양,0,9.8,71.0
안양,4,12.7,0.1
안양,5,545.6,132.5
안양,6,1296.3,380.2
안양,7,2921.8,625.6
안양,8,2439.6,997.6
안양,9,1302.0,787.0
안양,10,1011.3,755.9
안양,11,968.5,897.6
안양,12,1025.2,882.8
안양,13,1013.1,963.2
안양,14,993.0,917.4
안양,15,1085.7,1158.6
안양,16,1277.4,1353.1
안양,17,1200.0,1893.2
안양,18,1078.5,2854.6
안양,19,721.3,2021.9
안양,20,617.8,1228.5
안양,21,552.0,975.2
안양,22,406.1,799.3
안양,23,174.6,583.1
암사,0,16.3,120.5
암사,1,0.0,4.2
암사,4,5.3,0.0
암사,5,519.3,29.8
암사,6,846.0,172.9
암사,7,2208.6,289.6
암사,8,2525.8,645.7
암사,9,1397.6,499.6
암사,10,889.8,404.9
암사,11,779.8,518.5
암사,12,779.5,535.2
암사,13,730.2,605.0
암사,14,639.2,670.2
암사,15,632.1,890.7
암사,16,671.1,1037.5
암사,17,713.5,1394.1
암사,18,744.8,2126.9
암사,19,454.4,1489.9
암사,20,368.3,951.1
암사,21,264.2,837.6
암사,22,175.4,755.5
암사,23,78.4,395.5
암사역사공원,0,6.1,44.2
암사역사공원,4,0.3,0.0
암사역사공원,5,116.5,20.5
암사역사공원,6,385.5,100.7
암사역사공원,7,1055.2,269.7
암사역사공원,8,1172.2,338.2
암사역사공원,9,609.4,165.6
암사역사공원,10,385.0,158.3
암사역사공원,11,317.7,175.5
암사역사공원,12,308.8,226.9
암사역사공원,13,294.4,229.3
암사역사공원,14,279.4,260.0
암사역사공원,15,286.5,284.6
암사역사공원,16,334.0,389.0
암사역사공원,17,359.4,587.7
암사역사공원,18,407.5,838.7
암사역사공원,19,209.2,626.6
암사역사공원,20,139.1,451.7
암사역사공원,21,113.3,352.7
암사역사공원,22,84.5,374.6
암사역사공원,23,31.0,184.2
압구정,0,56.6,63.4
압구정,1,0.1,6.1
압구정,4,2.0,0.0
압구정,5,105.2,82.2
압구정,6,295.9,805.9
압구정,7,555.8,1661.2
압구정,8,797.4,4796.4
압구정,9,685.1,5052.1
압구정,10,846.2,2691.8
압구정,11,1038.3,2199.2
압구정,12,1328.8,1869.0
압구정,13,1542.5,1940.1
압구정,14,1851.6,1686.6
압구정,15,2108.2,1592.5
압구정,16,2492.9,1549.6
압구정,17,3335.2,1935.4
압구정,18,4528.4,1935.6
압구정,19,3089.3,1117.7
압구정,20,2506.5,603.1
압구정,21,1732.9,488.5
압구정,22,1248.3,367.4
압구정,23,373.8,185.4
압구정로데오,0,10.7,26.8
압구정로데오,4,5.1,0.1
압구정로데오,5,69.4,34.0
압구정로데오,6,114.7,442.3
압구정로데오,7,181.4,864.2
압구정로데오,8,282.6,2355.2
압구정로데오,9,266.3,3500.8
압구정로데오,10,320.6,1865.8
압구정로데오,11,466.8,1369.5
압구정로데오,12,658.9,1115.9
압구정로데오,13,768.9,1093.4
압구정로데오,14,966.7,1032.8
압구정로데오,15,1223.6,962.9
압구정로데오,16,1552.0,1004.6
압구정로데오,17,2102.2,1171.8
압구정로데오,18,2865.0,1238.8
압구정로데오,19,2266.5,744.6
압구정로데오,20,1794.6,352.6
압구정로데오,21,1121.5,261.6
압구정로데오,22,785.5,200.5
압구정로데오,23,273.2,120.1
애오개,0,4.5,68.2
애오개,1,0.0,9.0
애오개,4,2.1,0.6
애오개,5,86.6,26.8
애오개,6,226.7,236.3
애오개,7,714.1,264.5
애오개,8,922.7,561.8
애오개,9,445.7,362.1
애오개,10,311.8,238.3
애오개,11,297.9,217.9
애오개,12,332.8,230.4
애오개,13,312.6,273.9
애오개,14,292.1,273.8
애오개,15,351.7,291.2
애오개,16,419.4,340.0
애오개,17,457.3,512.4
애오개,18,465.0,758.6
애오개,19,242.0,465.1
애오개,20,183.4,308.3
애오개,21,140.1,285.3
애오개,22,87.6,256.5
애오개,23,33.6,145.6
야당,0,24.5,62.3
야당,4,3.9,0.0
야당,5,177.8,19.6
야당,6,489.6,83.5
야당,7,899.5,163.2
야당,8,783.2,296.2
야당,9,438.3,262.9
야당,10,361.2,214.9
야당,11,345.2,229.2
야당,12,355.9,269.7
야당,13,329.5,292.2
야당,14,296.2,376.0
야당,15,318.1,389.0
야당,16,357.6,558.1
야당,17,383.2,698.6
야당,18,340.3,1039.9
야당,19,273.6,826.2
야당,20,289.7,485.7
야당,21,306.7,436.8
야당,22,279.7,357.8
야당,23,132.5,251.2
야목,0,0.0,2.5
야목,4,0.1,0.0
야목,5,17.0,2.4
야목,6,56.2,27.1
야목,7,118.1,33.2
야목,8,90.5,26.2
야목,9,58.6,20.3
야목,10,41.3,24.6
야목,11,32.9,19.6
야목,12,34.8,20.6
야목,13,34.7,26.1
야목,14,28.5,28.2
야목,15,38.2,32.4
야목,16,53.0,49.0
야목,17,46.5,52.6
야목,18,44.9,93.5
야목,19,21.2,67.8
야목,20,15.3,28.6
야목,21,8.9,38.2
야목,22,9.3,21.1
야목,23,3.2,14.8
야탑,0,10.8,67.8
야탑,4,8.1,0.2
야탑,5,276.0,117.4
야탑,6,695.5,555.7
야탑,7,1760.3,1467.6
야탑,8,1965.7,3145.7
야탑,9,1334.5,1862.6
야탑,10,1140.3,1333.9
야탑,11,1193.0,1175.5
야탑,12,1271.4,1219.0
야탑,13,1239.2,1306.3
야탑,14,1298.5,1236.3
야탑,15,1487.1,1302.8
야탑,16,1675.5,1465.3
야탑,17,2282.4,1879.9
야탑,18,2546.5,2391.6
야탑,19,1281.3,1668.8
야탑,20,953.9,1088.7
야탑,21,874.3,871.8
야탑,22,602.6,828.3
야탑,23,230.4,457.3
약수,0,47.0,119.5
약수,1,0.1,14.8
약수,4,3.7,0.2
약수,5,262.6,47.5
약수,6,415.3,299.9
약수,7,996.9,690.1
약수,8,1443.3,1604.1
약수,9,1033.7,1019.2
약수,10,801.6,699.2
약수,11,750.9,703.9
약수,12,811.1,713.4
약수,13,830.1,750.2
약수,14,817.8,781.8
약수,15,893.5,871.5
약수,16,993.2,988.1
약수,17,1171.3,1260.6
약수,18,1516.8,1732.1
약수,19,886.4,1064.3
약수,20,732.6,714.9
약수,21,684.2,631.3
약수,22,516.9,549.1
약수,23,249.8,323.8
양수,0,0.0,11.4
양수,4,0.1,0.0
양수,5,34.2,7.6
양수,6,73.3,23.3
양수,7,200.0,94.0
양수,8,145.3,115.7
양수,9,126.3,142.9
양수,10,121.3,188.6
양수,11,110.8,209.6
양수,12,127.1,119.9
양수,13,163.2,155.3
양수,14,172.7,123.1
양수,15,209.1,113.0
양수,16,207.5,121.1
양수,17,148.7,143.2
양수,18,126.9,144.3
양수,19,69.5,90.2
양수,20,50.0,106.1
양수,21,36.0,112.4
양수,22,13.2,54.2
양수,23,4.4,54.7
양원,0,0.1,5.8
양원,4,6.1,0.1
양원,5,108.4,19.2
양원,6,167.7,66.6
양원,7,431.4,285.2
양원,8,384.6,215.8
양원,9,236.8,102.0
양원,10,174.5,103.1
양원,11,143.6,98.9
양원,12,177.3,99.6
양원,13,161.1,118.7
양원,14,143.1,106.6
양원,15,188.1,136.1
양원,16,189.3,178.2
양원,17,163.5,233.1
양원,18,129.3,346.7
양원,19,80.6,311.1
양원,20,54.2,171.8
양원,21,39.5,144.2
양원,22,39.6,123.5
양원,23,10.5,93.4
양재,0,44.9,114.3
양재,1,0.0,1.1
양재,4,1.9,0.1
양재,5,160.7,99.8
양재,6,499.8,1361.0
양재,7,1250.7,3754.0
양재,8,1555.2,7523.5
양재,9,1077.9,3958.5
양재,10,1020.8,1808.7
양재,11,1115.5,1450.6
양재,12,1221.9,1374.2
양재,13,1379.4,1547.6
양재,14,1585.4,1304.0
양재,15,1932.8,1316.3
양재,16,2436.0,1497.3
양재,17,4447.8,2095.0
양재,18,6298.5,2479.3
양재,19,2867.7,1588.5
양재,20,2083.4,1021.6
양재,21,1930.5,894.3
양재,22,1235.7,784.7
양재,23,414.7,391.5
양재시민의숲,0,61.9,69.3
양재시민의숲,1,3.3,3.1
양재시민의숲,2,0.0,5.5
양재시민의숲,3,3.4,0.8
양재시민의숲,4,47.8,120.1
양재시민의숲,5,220.0,876.4
양재시민의숲,6,593.8,2921.7
양재시민의숲,7,1280.7,6054.4
양재시민의숲,8,1280.7,4431.3
양재시민의숲,9,894.1,1592.6
양재시민의숲,10,838.0,1037.1
양재시민의숲,11,836.7,999.0
양재시민의숲,12,1107.9,1069.5
양재시민의숲,13,1032.4,948.6
양재시민의숲,14,1275.4,898.2
양재시민의숲,15,1604.4,962.6
양재시민의숲,16,2318.9,1125.8
양재시민의숲,17,4162.6,1417.7
양재시민의숲,18,4854.0,1469.9
양재시민의숲,19,2124.4,664.9
양재시민의숲,20,1503.0,642.9
양재시민의숲,21,1399.2,479.2
양재시민의숲,22,612.8,332.5
양재시민의숲,23,131.1,63.5
양정,0,0.0,2.2
양정,4,4.2,0.1
양정,5,12.5,6.8
양정,6,22.3,28.9
양정,7,44.4,42.1
양정,8,37.1,51.5
양정,9,24.7,23.1
양정,10,22.9,21.3
양정,11,24.1,19.3
양정,12,25.5,12.8
양정,13,24.5,19.7
양정,14,30.7,17.3
양정,15,31.6,23.7
양정,16,38.1,19.3
양정,17,56.0,29.3
양정,18,52.7,35.9
양정,19,15.6,22.4
양정,20,10.2,13.0
양정,21,8.3,15.8
양정,22,3.0,12.0
양정,23,0.9,8.5
양주,0,4.4,73.2
양주,4,89.3,0.5
양주,5,190.4,81.0
양주,6,388.5,221.1
양주,7,882.5,346.5
양주,8,671.2,300.5
양주,9,521.5,207.1
양주,10,465.6,178.2
양주,11,418.6,233.8
양주,12,388.9,287.9
양주,13,352.7,280.5
양주,14,313.3,305.2
양주,15,325.5,368.9
양주,16,344.4,358.0
양주,17,380.1,580.8
양주,18,396.8,656.5
양주,19,191.7,629.5
양주,20,124.6,461.7
양주,21,88.5,318.4
양주,22,57.0,320.6
양주,23,25.4,157.4
양천구청,0,5.9,74.7
양천구청,1,0.0,0.5
양천구청,4,2.9,0.0
양천구청,5,159.5,28.0
양천구청,6,412.5,91.0
양천구청,7,1053.2,199.0
양천구청,8,973.0,336.5
양천구청,9,539.6,180.8
양천구청,10,381.7,146.6
양천구청,11,318.8,180.0
양천구청,12,329.8,223.8
양천구청,13,304.8,272.6
양천구청,14,253.7,287.2
양천구청,15,265.8,359.4
양천구청,16,291.5,454.1
양천구청,17,297.6,647.0
양천구청,18,324.6,984.1
양천구청,19,140.5,768.0
양천구청,20,105.4,465.2
양천구청,21,89.8,428.7
양천구청,22,79.0,330.5
양천구청,23,24.4,237.7
양천향교,0,15.1,78.8
양천향교,1,0.0,6.3
양천향교,4,0.2,0.0
양천향교,5,170.3,44.7
양천향교,6,402.6,341.5
양천향교,7,1087.4,958.7
양천향교,8,1095.4,1769.7
양천향교,9,528.3,643.1
양천향교,10,414.8,359.1
양천향교,11,427.8,300.0
양천향교,12,476.9,340.5
양천향교,13,448.7,398.7
양천향교,14,436.5,344.7
양천향교,15,493.1,390.4
양천향교,16,629.7,481.1
양천향교,17,1189.5,649.5
양천향교,18,1351.4,1027.6
양천향교,19,487.2,861.3
양천향교,20,331.0,514.5
양천향교,21,252.6,525.9
양천향교,22,164.8,433.3
양천향교,23,64.4,315.9
양촌,0,15.1,43.2
양촌,1,0.0,2.1
양촌,3,0.0,0.8
양촌,4,19.3,9.3
양촌,5,327.9,166.5
양촌,6,1134.3,212.2
양촌,7,1597.8,281.1
양촌,8,1017.2,293.9
양촌,9,615.1,228.9
양촌,10,441.6,225.3
양촌,11,391.4,246.5
양촌,12,369.4,334.9
양촌,13,312.0,336.3
양촌,14,287.5,456.7
양촌,15,313.8,565.7
양촌,16,370.1,739.8
양촌,17,405.3,1170.9
양촌,18,284.1,1274.5
양촌,19,154.8,601.7
양촌,20,116.2,507.0
양촌,21,85.4,421.1
양촌,22,53.6,188.6
양촌,23,10.6,15.4
양평,0,10.0,98.7
양평,4,8.1,0.7
양평,5,177.3,31.4
양평,6,393.1,182.9
양평,7,1266.7,540.0
양평,8,1306.8,1800.7
양평,9,678.8,754.7
양평,10,557.8,395.5
양평,11,491.1,447.7
양평,12,513.8,405.5
양평,13,529.9,387.9
양평,14,503.5,462.0
양평,15,507.0,465.2
양평,16,593.9,576.2
양평,17,913.2,813.7
양평,18,1465.4,1191.4
양평,19,489.3,737.3
양평,20,333.0,602.4
양평,21,270.2,506.8
양평,22,183.0,444.5
양평,23,64.6,336.1
어룡,0,14.7,20.6
어룡,1,0.6,0.7
어룡,4,116.6,6.8
어룡,5,401.0,69.3
어룡,6,1148.0,120.0
어룡,7,1624.8,243.4
어룡,8,946.3,181.3
어룡,9,538.3,143.4
어룡,10,351.6,151.6
어룡,11,327.8,180.9
어룡,12,269.0,216.3
어룡,13,214.1,244.9
어룡,14,218.6,364.3
어룡,15,221.9,451.5
어룡,16,222.5,700.3
어룡,17,266.0,1170.9
어룡,18,179.0,1295.8
어룡,19,68.8,654.7
어룡,20,69.7,478.6
어룡,21,23.6,403.4
어룡,22,13.5,137.2
어룡,23,0.6,0.8
어린이대공원,0,40.2,102.4
어린이대공원,1,0.0,0.5
어린이대공원,4,0.6,0.0
어린이대공원,5,105.8,39.1
어린이대공원,6,256.3,263.0
어린이대공원,7,662.4,553.1
어린이대공원,8,1100.8,1697.1
어린이대공원,9,838.4,1331.6
어린이대공원,10,541.1,706.1
어린이대공원,11,533.5,623.2
어린이대공원,12,645.1,692.9
어린이대공원,13,708.6,755.7
어린이대공원,14,632.6,634.5
어린이대공원,15,776.1,639.6
어린이대공원,16,1100.5,671.6
어린이대공원,17,1325.9,779.2
어린이대공원,18,1491.7,1047.0
어린이대공원,19,840.4,805.7
어린이대공원,20,623.9,534.0
어린이대공원,21,558.0,506.6
어린이대공원,22,477.0,500.7
어린이대공원,23,241.9,354.7
어정,0,13.0,12.0
어정,1,14.3,14.0
어정,4,12.7,11.7
어정,5,172.6,114.4
어정,6,575.6,205.3
어정,7,927.9,315.6
어정,8,702.7,202.5
어정,9,409.8,105.5
어정,10,268.4,102.7
어정,11,256.7,135.6
어정,12,230.2,160.7
어정,13,184.5,177.4
어정,14,154.6,233.3
어정,15,204.2,317.6
어정,16,255.2,410.3
어정,17,331.3,746.8
어정,18,219.3,753.9
어정,19,95.1,393.6
어정,20,81.0,332.1
어정,21,70.9,302.4
어정,22,22.9,143.0
어정,23,0.6,13.1
어천,0,0.1,3.1
어천,5,15.5,5.6
어천,6,63.3,69.6
어천,7,147.4,130.5
어천,8,134.1,94.4
어천,9,106.6,47.0
어천,10,80.8,44.2
어천,11,80.8,51.5
어천,12,81.7,54.5
어천,13,72.1,71.1
어천,14,59.6,63.4
어천,15,96.1,72.2
어천,16,120.9,107.4
어천,17,103.4,106.2
어천,18,132.2,165.9
어천,19,66.3,112.4
어천,20,43.1,66.8
어천,21,27.1,66.2
어천,22,15.0,58.8
어천,23,7.4,24.0
언주,0,22.3,43.4
언주,1,0.0,2.9
언주,5,43.6,47.7
언주,6,119.4,287.8
언주,7,257.7,947.5
언주,8,385.6,2637.9
언주,9,360.4,1864.1
언주,10,382.0,783.2
언주,11,425.6,478.1
언주,12,468.4,430.5
언주,13,503.3,535.4
언주,14,571.1,467.0
언주,15,656.3,401.6
언주,16,875.9,426.2
언주,17,1607.6,504.4
언주,18,2174.5,554.7
언주,19,1057.4,366.5
언주,20,604.1,252.8
언주,21,453.2,284.8
언주,22,343.7,201.1
언주,23,110.0,129.0
여의나루,0,53.7,39.6
여의나루,4,1.2,0.0
여의나루,5,43.1,49.5
여의나루,6,92.6,364.4
여의나루,7,224.0,1502.5
여의나루,8,369.3,2408.4
여의나루,9,201.9,1011.9
여의나루,10,183.9,707.1
여의나루,11,243.7,660.5
여의나루,12,325.9,656.9
여의나루,13,391.0,707.4
여의나루,14,472.4,709.8
여의나루,15,628.3,723.5
여의나루,16,843.2,772.2
여의나루,17,1812.8,927.3
여의나루,18,2145.6,1147.0
여의나루,19,1050.3,874.1
여의나루,20,1381.2,626.9
여의나루,21,1280.4,452.6
여의나루,22,985.1,307.1
여의나루,23,432.0,144.7
여의도,0,79.2,131.2
여의도,1,0.0,8.2
여의도,4,1.2,0.0
여의도,5,218.7,200.4
여의도,6,311.3,2123.9
여의도,7,701.3,11246.7
여의도,8,910.6,13602.2
여의도,9,844.2,5620.2
여의도,10,1018.1,2710.6
여의도,11,1594.3,2576.5
여의도,12,1673.9,2518.6
여의도,13,2042.6,2549.5
여의도,14,2410.9,2141.3
여의도,15,3107.2,1969.3
여의도,16,4425.8,1996.1
여의도,17,11265.0,2264.2
여의도,18,11573.3,2595.0
여의도,19,5143.6,1333.4
여의도,20,4344.7,770.3
여의도,21,3212.4,651.5
여의도,22,1762.8,567.5
여의도,23,584.6,316.1
여주,0,0.1,46.1
여주,4,0.5,0.0
여주,5,84.9,0.5
여주,6,180.5,30.2
여주,7,314.9,80.0
여주,8,253.4,119.1
여주,9,241.0,125.9
여주,10,210.9,94.7
여주,11,171.6,141.0
여주,12,191.0,132.7
여주,13,179.0,107.8
여주,14,185.5,166.0
여주,15,165.7,165.2
여주,16,163.7,193.7
여주,17,158.9,267.4
여주,18,147.8,302.0
여주,19,87.9,261.9
여주,20,76.5,234.6
여주,21,50.2,109.2
여주,22,25.8,204.7
여주,23,6.9,111.9
역곡,0,8.1,101.2
역곡,4,42.0,0.5
역곡,5,949.1,97.6
역곡,6,1547.2,303.5
역곡,7,3654.1,468.7
역곡,8,3444.2,968.5
역곡,9,1936.7,768.3
역곡,10,1333.2,643.7
역곡,11,1219.5,707.4
역곡,12,1153.3,864.5
역곡,13,1103.2,902.8
역곡,14,915.6,958.2
역곡,15,915.9,1297.8
역곡,16,1028.2,1650.3
역곡,17,1105.4,2276.2
역곡,18,1015.6,3561.8
역곡,19,637.4,2654.8
역곡,20,512.6,1612.5
역곡,21,415.7,1550.6
역곡,22,311.4,1241.0
역곡,23,142.2,794.2
역삼,0,109.8,105.3
역삼,1,0.0,1.9
역삼,4,1.0,0.0
역삼,5,118.3,241.0
역삼,6,290.2,1595.4
역삼,7,520.1,5418.0
역삼,8,887.2,12103.4
역삼,9,845.0,10219.4
역삼,10,897.5,3952.0
역삼,11,1163.9,2135.7
역삼,12,1350.4,1934.3
역삼,13,1621.3,2063.2
역삼,14,1988.3,1621.0
역삼,15,2568.3,1435.3
역삼,16,3511.8,1431.8
역삼,17,7700.0,1694.1
역삼,18,9379.7,1964.5
역삼,19,5061.1,1229.4
역삼,20,2836.7,766.1
역삼,21,2534.2,681.6
역삼,22,1790.1,591.8
역삼,23,638.7,339.2
역촌,0,3.5,47.2
역촌,4,0.3,0.0
역촌,5,88.6,10.3
역촌,6,214.6,110.1
역촌,7,555.2,122.5
역촌,8,593.7,300.8
역촌,9,319.4,149.0
역촌,10,227.0,129.8
역촌,11,225.7,173.6
역촌,12,224.7,184.9
역촌,13,221.3,180.2
역촌,14,203.7,191.2
역촌,15,185.5,219.0
역촌,16,197.6,292.0
역촌,17,200.4,384.7
역촌,18,187.4,609.4
역촌,19,110.6,472.8
역촌,20,80.2,269.0
역촌,21,71.8,276.3
역촌,22,48.3,257.0
역촌,23,19.9,150.4
연수,0,1.2,20.5
연수,4,1.1,0.0
연수,5,89.4,33.9
연수,6,236.0,91.5
연수,7,499.7,162.5
연수,8,407.8,361.9
연수,9,224.2,244.9
연수,10,187.1,214.7
연수,11,204.8,201.2
연수,12,225.8,224.6
연수,13,231.9,233.1
연수,14,224.1,218.4
연수,15,252.0,238.0
연수,16,274.3,304.6
연수,17,293.5,428.8
연수,18,351.4,502.1
연수,19,193.3,316.2
연수,20,179.6,237.8
연수,21,177.4,213.7
연수,22,136.1,141.9
연수,23,75.7,95.6
연신내,0,70.5,353.9
연신내,1,0.0,0.7
연신내,4,13.5,0.4
연신내,5,845.5,89.1
연신내,6,1700.4,540.0
연신내,7,4042.6,985.8
연신내,8,4857.8,1634.9
연신내,9,2852.8,1407.5
연신내,10,2038.0,1293.6
연신내,11,1909.4,1291.0
연신내,12,2040.2,1406.3
연신내,13,1865.0,1533.9
연신내,14,1714.1,1630.3
연신내,15,1824.6,1940.4
연신내,16,2019.4,2381.8
연신내,17,2039.4,2949.6
연신내,18,2010.8,4569.3
연신내,19,1363.4,3623.6
연신내,20,1132.5,2248.7
연신내,21,994.3,2032.3
연신내,22,808.6,1708.4
연신내,23,400.1,1115.2
연천,0,0.0,8.2
연천,4,0.1,0.0
연천,5,13.4,0.2
연천,6,29.7,21.1
연천,7,50.0,34.7
연천,8,96.5,100.4
연천,9,76.7,66.9
연천,10,51.6,104.5
연천,11,68.1,129.2
연천,12,92.0,117.7
연천,13,126.8,106.0
연천,14,124.8,98.2
연천,15,133.8,67.5
연천,16,119.5,70.4
연천,17,92.4,69.0
연천,18,65.0,63.8
연천,19,29.8,49.3
연천,20,22.4,23.2
연천,21,9.7,21.1
연천,22,3.9,16.4
연천,23,2.5,13.5
염창,0,19.5,207.3
염창,1,0.1,9.3
염창,4,0.3,0.0
염창,5,470.1,28.5
염창,6,999.5,174.4
염창,7,2785.5,313.5
염창,8,2909.6,652.3
염창,9,1572.6,445.8
염창,10,1025.7,384.9
염창,11,863.8,443.2
염창,12,892.9,510.3
염창,13,792.8,585.8
염창,14,680.7,652.6
염창,15,680.0,825.7
염창,16,733.0,1029.4
염창,17,793.3,1682.1
염창,18,826.3,2566.5
염창,19,471.6,2104.9
염창,20,393.2,1338.2
염창,21,342.5,1129.7
염창,22,249.4,1129.2
염창,23,107.5,654.8
영등포,0,30.5,137.8
영등포,1,0.1,0.1
영등포,4,155.7,2.9
영등포,5,458.7,212.6
영등포,6,535.7,836.3
영등포,7,1400.2,2177.5
영등포,8,1995.2,4539.2
영등포,9,1321.1,3059.3
영등포,10,1370.9,2546.6
영등포,11,1569.3,2886.5
영등포,12,1862.3,2965.7
영등포,13,2011.6,2976.4
영등포,14,2140.1,2643.2
영등포,15,2980.5,2560.5
영등포,16,3489.3,2655.6
영등포,17,4218.5,2987.0
영등포,18,5574.5,3564.4
영등포,19,3212.2,2203.7
영등포,20,3189.1,1367.5
영등포,21,2418.5,1085.6
영등포,22,1826.4,911.5
영등포,23,758.9,515.1
영등포구청,0,69.4,185.3
영등포구청,1,0.1,6.0
영등포구청,2,0.0,0.0
영등포구청,4,1.9,0.1
영등포구청,5,231.7,159.0
영등포구청,6,578.7,581.5
영등포구청,7,1784.9,1735.0
영등포구청,8,2224.2,5365.9
영등포구청,9,1290.3,2302.8
영등포구청,10,973.0,1190.7
영등포구청,11,1043.8,1020.7
영등포구청,12,1177.3,1058.9
영등포구청,13,1195.1,1172.6
영등포구청,14,1211.7,1063.3
영등포구청,15,1375.5,1096.5
영등포구청,16,1645.0,1252.1
영등포구청,17,2591.4,1710.5
영등포구청,18,4418.3,2582.1
영등포구청,19,1566.9,1614.7
영등포구청,20,1182.9,1041.9
영등포구청,21,1091.0,937.4
영등포구청,22,778.3,835.2
영등포구청,23,372.3,527.1
영등포시장,0,15.6,58.3
영등포시장,4,0.4,0.0
영등포시장,5,86.8,38.8
영등포시장,6,242.1,189.0
영등포시장,7,887.0,498.8
영등포시장,8,1216.4,1397.1
영등포시장,9,554.3,823.8
영등포시장,10,398.4,521.9
영등포시장,11,419.0,509.4
영등포시장,12,481.9,582.9
영등포시장,13,508.2,644.1
영등포시장,14,510.6,527.0
영등포시장,15,631.0,473.6
영등포시장,16,797.3,499.5
영등포시장,17,1114.3,673.8
영등포시장,18,1424.6,1131.7
영등포시장,19,591.9,643.7
영등포시장,20,427.1,427.6
영등포시장,21,379.0,406.5
영등포시장,22,272.0,370.0
영등포시장,23,125.5,246.2
영종,0,5.6,80.5
영종,4,1.3,0.0
영종,5,154.5,8.5
영종,6,399.9,74.2
영종,7,664.9,108.6
영종,8,500.7,132.3
영종,9,330.4,110.4
영종,10,318.3,104.9
영종,11,327.7,125.2
영종,12,272.8,156.5
영종,13,235.7,158.5
영종,14,203.1,225.7
영종,15,210.7,263.6
영종,16,228.3,305.4
영종,17,229.6,390.7
영종,18,157.1,574.4
영종,19,101.1,519.9
영종,20,97.5,355.2
영종,21,77.4,340.6
영종,22,53.8,340.2
영종,23,28.5,267.3
영통,0,6.0,14.8
영통,4,3.0,0.7
영통,5,101.9,69.6
영통,6,310.8,171.6
영통,7,638.2,385.4
영통,8,675.0,840.6
영통,9,385.6,551.5
영통,10,343.5,373.2
영통,11,348.7,359.0
영통,12,386.9,426.1
영통,13,422.7,451.1
영통,14,412.0,402.4
영통,15,505.1,434.6
영통,16,597.8,492.5
영통,17,776.8,707.7
영통,18,824.8,896.4
영통,19,440.5,630.8
영통,20,412.2,418.2
영통,21,428.2,388.3
영통,22,469.6,358.5
영통,23,142.5,217.1
오금,0,10.8,93.8
오금,1,0.0,0.1
오금,4,2.0,0.0
오금,5,205.9,20.9
오금,6,472.2,171.5
오금,7,1241.6,549.7
오금,8,1303.7,1197.5
오금,9,711.2,483.8
오금,10,472.8,306.1
오금,11,434.2,293.1
오금,12,463.2,331.6
오금,13,443.6,349.7
오금,14,409.5,373.4
오금,15,437.8,429.8
오금,16,547.8,525.2
오금,17,762.8,723.3
오금,18,927.5,1040.4
오금,19,314.0,752.1
오금,20,249.8,502.8
오금,21,221.5,432.4
오금,22,159.8,483.5
오금,23,45.9,262.2
오남,0,29.9,45.8
오남,4,20.9,12.7
오남,5,301.9,68.7
오남,6,853.7,142.2
오남,7,1498.1,255.8
오남,8,944.5,175.7
오남,9,497.2,149.1
오남,10,365.4,173.8
오남,11,334.4,174.3
오남,12,338.0,239.3
오남,13,257.2,245.8
오남,14,223.4,372.4
오남,15,223.0,435.8
오남,16,259.5,625.6
오남,17,298.1,1085.6
오남,18,213.3,1105.8
오남,19,91.1,551.7
오남,20,61.7,457.1
오남,21,47.6,392.8
오남,22,22.2,170.1
오남,23,4.8,6.1
오류동,0,1.1,43.6
오류동,4,26.1,0.2
오류동,5,423.5,58.0
오류동,6,651.5,147.0
오류동,7,1682.3,200.5
오류동,8,1661.9,415.8
오류동,9,926.4,355.5
오류동,10,682.5,290.7
오류동,11,637.9,310.9
오류동,12,639.8,389.0
오류동,13,547.3,436.1
오류동,14,456.1,445.0
오류동,15,487.5,568.9
오류동,16,492.6,652.2
오류동,17,482.6,929.2
오류동,18,440.0,1420.5
오류동,19,273.9,1179.5
오류동,20,205.1,745.7
오류동,21,171.8,703.0
오류동,22,121.5,606.0
오류동,23,53.0,381.8
오리,0,2.9,50.8
오리,4,19.4,0.1
오리,5,113.1,18.5
오리,6,508.8,327.8
오리,7,967.7,531.3
오리,8,905.9,1206.7
오리,9,647.0,539.0
오리,10,516.3,345.9
오리,11,503.8,376.2
오리,12,512.5,421.7
오리,13,515.6,372.6
오리,14,502.1,380.9
오리,15,565.6,439.9
오리,16,633.2,508.7
오리,17,935.7,640.0
오리,18,1083.6,783.3
오리,19,420.3,655.4
오리,20,356.9,441.8
오리,21,303.1,386.9
오리,22,204.5,351.2
오리,23,73.5,200.3
오목교,0,35.8,108.5
오목교,4,0.8,0.0
오목교,5,173.6,65.9
오목교,6,574.1,330.5
오목교,7,1742.8,954.6
오목교,8,1887.2,2063.1
오목교,9,980.5,1630.9
오목교,10,775.9,1053.8
오목교,11,831.0,1012.9
오목교,12,972.9,1080.4
오목교,13,984.9,1137.9
오목교,14,1007.7,1094.0
오목교,15,1146.6,1156.7
오목교,16,1339.7,1384.5
오목교,17,1678.5,1849.7
오목교,18,2031.5,2542.5
오목교,19,1140.5,1556.3
오목교,20,1203.3,937.5
오목교,21,938.1,794.6
오목교,22,897.4,685.5
오목교,23,255.0,358.6
오목천,0,0.4,10.1
오목천,4,0.3,0.0
오목천,5,42.0,12.7
오목천,6,225.5,69.6
오목천,7,437.5,193.1
오목천,8,405.2,334.5
오목천,9,266.9,112.4
오목천,10,200.2,97.7
오목천,11,190.9,104.1
오목천,12,231.7,123.5
오목천,13,196.8,150.4
오목천,14,152.4,132.8
오목천,15,174.8,167.0
오목천,16,239.5,252.0
오목천,17,295.7,229.2
오목천,18,299.0,443.3
오목천,19,145.0,276.7
오목천,20,98.0,156.2
오목천,21,86.7,154.1
오목천,22,53.9,179.1
오목천,23,23.5,108.0
오빈,0,0.0,2.5
오빈,4,0.7,0.0
오빈,5,12.3,1.9
오빈,6,19.7,15.9
오빈,7,27.5,14.9
오빈,8,32.1,17.7
오빈,9,28.1,12.2
오빈,10,27.9,10.6
오빈,11,20.0,16.1
오빈,12,16.3,13.7
오빈,13,16.8,11.8
오빈,14,15.2,18.7
오빈,15,14.6,15.6
오빈,16,20.3,22.9
오빈,17,18.5,32.7
오빈,18,16.2,34.8
오빈,19,9.7,17.0
오빈,20,6.0,18.6
오빈,21,2.6,16.2
오빈,22,0.6,9.9
오빈,23,0.2,6.2
오산,0,4.5,24.6
오산,4,28.1,0.1
오산,5,333.1,78.3
오산,6,586.0,373.5
오산,7,915.3,765.9
오산,8,868.0,756.5
오산,9,621.4,435.8
오산,10,587.8,372.5
오산,11,570.4,331.5
오산,12,563.6,384.5
오산,13,533.7,486.3
오산,14,507.5,470.0
오산,15,553.4,579.7
오산,16,650.6,718.5
오산,17,810.1,900.5
오산,18,844.4,1024.2
오산,19,506.1,855.6
오산,20,399.4,664.3
오산,21,289.7,506.4
오산,22,172.7,351.7
오산,23,68.1,291.8
오산대,0,3.4,9.6
오산대,4,12.4,0.0
오산대,5,132.5,40.4
오산대,6,275.2,94.3
오산대,7,450.7,181.0
오산대,8,334.2,261.3
오산대,9,204.1,102.7
오산대,10,179.7,114.5
오산대,11,159.8,112.3
오산대,12,162.5,103.2
오산대,13,196.8,125.6
오산대,14,164.7,142.0
오산대,15,166.5,129.6
오산대,16,184.2,201.7
오산대,17,260.0,285.4
오산대,18,290.8,439.4
오산대,19,141.8,340.2
오산대,20,115.2,219.3
오산대,21,105.3,192.2
오산대,22,72.1,156.9
오산대,23,37.1,100.9
오이도,0,0.7,102.3
오이도,4,9.0,0.1
오이도,5,208.2,21.4
오이도,6,477.2,241.0
오이도,7,920.9,390.8
오이도,8,683.2,395.5
오이도,9,438.1,238.5
오이도,10,354.9,259.5
오이도,11,346.1,327.8
오이도,12,392.5,352.0
오이도,13,362.7,337.6
오이도,14,357.8,389.9
오이도,15,388.4,423.7
오이도,16,452.4,461.9
오이도,17,536.0,585.4
오이도,18,543.7,823.8
오이도,19,312.3,664.1
오이도,20,266.1,427.7
오이도,21,226.2,388.8
오이도,22,138.3,364.5
오이도,23,42.4,235.5
옥수,0,15.1,54.8
옥수,1,0.0,0.0
옥수,4,6.4,0.1
옥수,5,104.6,31.6
옥수,6,311.8,141.2
옥수,7,792.5,238.3
옥수,8,1075.5,446.6
옥수,9,758.1,365.0
옥수,10,519.3,302.8
옥수,11,474.8,364.6
옥수,12,469.7,390.2
옥수,13,485.4,453.8
옥수,14,454.0,479.4
옥수,15,486.4,558.1
옥수,16,532.9,631.7
옥수,17,588.6,897.2
옥수,18,572.8,1171.5
옥수,19,406.3,852.4
옥수,20,336.2,584.4
옥수,21,312.7,510.2
옥수,22,216.9,475.1
옥수,23,88.1,208.8
온수,0,13.8,164.7
온수,1,0.0,26.8
온수,2,0.0,0.0
온수,4,19.5,0.2
온수,5,487.5,89.8
온수,6,974.6,228.7
온수,7,2184.7,583.3
온수,8,2244.2,838.1
온수,9,1195.6,423.8
온수,10,785.0,382.8
온수,11,725.4,396.7
온수,12,742.6,479.3
온수,13,679.1,515.1
온수,14,579.9,556.6
온수,15,667.3,710.9
온수,16,743.0,818.6
온수,17,715.8,1165.5
온수,18,691.5,1916.8
온수,19,366.2,1418.8
온수,20,283.1,902.3
온수,21,267.8,767.3
온수,22,170.3,685.2
온수,23,97.0,427.0
올림픽공원,0,22.2,96.0
올림픽공원,1,0.0,1.5
올림픽공원,4,0.8,0.2
올림픽공원,5,181.9,59.6
올림픽공원,6,499.0,267.8
올림픽공원,7,1027.0,406.9
올림픽공원,8,1112.9,808.1
올림픽공원,9,778.5,667.5
올림픽공원,10,644.9,696.8
올림픽공원,11,641.5,868.2
올림픽공원,12,751.4,1012.1
올림픽공원,13,806.0,1195.8
올림픽공원,14,823.0,1467.2
올림픽공원,15,967.9,1719.3
올림픽공원,16,1133.7,1832.2
올림픽공원,17,1206.2,1738.6
올림픽공원,18,1209.5,1649.3
올림픽공원,19,949.0,1215.5
올림픽공원,20,1868.4,825.9
올림픽공원,21,1958.3,701.0
올림픽공원,22,1752.8,572.2
올림픽공원,23,289.3,359.1
왕십리,0,138.7,371.3
왕십리,1,0.1,12.5
왕십리,4,58.5,0.4
왕십리,5,465.2,103.9
왕십리,6,769.9,571.3
왕십리,7,2211.2,1180.4
왕십리,8,3445.9,2258.0
왕십리,9,2210.0,1630.1
왕십리,10,1536.2,1433.2
왕십리,11,1551.9,1619.7
왕십리,12,1821.8,1770.2
왕십리,13,1888.1,1828.0
왕십리,14,1916.6,1854.6
왕십리,15,2136.8,1992.4
왕십리,16,2491.8,2389.3
왕십리,17,2826.9,3226.2
왕십리,18,2879.4,4723.9
왕십리,19,1977.0,3104.1
왕십리,20,1927.8,1986.5
왕십리,21,2057.9,1723.1
왕십리,22,1701.0,1646.8
왕십리,23,856.1,955.2
외대앞,0,10.2,113.7
외대앞,4,22.1,1.0
외대앞,5,220.5,44.0
외대앞,6,488.7,124.7
외대앞,7,1351.0,247.1
외대앞,8,1462.4,577.5
외대앞,9,753.7,421.8
외대앞,10,584.0,353.3
외대앞,11,593.2,421.9
외대앞,12,609.5,449.3
외대앞,13,603.1,457.8
외대앞,14,613.6,478.0
외대앞,15,690.3,558.8
외대앞,16,636.3,698.9
외대앞,17,678.9,925.4
외대앞,18,558.0,1430.2
외대앞,19,383.6,1118.4
외대앞,20,318.8,714.7
외대앞,21,275.4,649.2
외대앞,22,239.2,679.0
외대앞,23,117.2,473.4
용답,0,3.2,35.3
용답,4,0.5,0.0
용답,5,78.2,12.6
용답,6,113.3,40.1
용답,7,274.0,60.5
용답,8,489.0,92.8
용답,9,274.8,78.6
용답,10,184.2,75.1
용답,11,153.6,83.1
용답,12,153.5,101.5
용답,13,156.8,105.8
용답,14,138.0,118.0
용답,15,137.9,144.3
용답,16,169.6,199.1
용답,17,165.7,246.5
용답,18,133.3,389.9
용답,19,82.6,268.7
용답,20,60.3,200.4
용답,21,50.8,223.6
용답,22,35.8,210.7
용답,23,14.5,127.6
용두,0,1.3,17.5
용두,1,0.0,0.2
용두,4,1.5,0.0
용두,5,44.5,6.0
용두,6,65.5,27.5
용두,7,197.8,82.1
용두,8,319.7,178.0
용두,9,190.3,92.8
용두,10,133.5,90.8
용두,11,129.2,100.0
용두,12,127.8,91.3
용두,13,125.5,104.4
용두,14,124.6,110.0
용두,15,125.5,129.5
용두,16,142.3,138.6
용두,17,149.5,163.5
용두,18,157.7,289.7
용두,19,69.0,179.6
용두,20,45.2,113.1
용두,21,37.3,110.9
용두,22,19.2,90.6
용두,23,8.7,57.4
용마산,0,5.0,68.0
용마산,4,0.4,0.0
용마산,5,168.1,24.6
용마산,6,359.6,77.9
용마산,7,764.7,150.9
용마산,8,942.3,314.3
용마산,9,544.9,176.8
용마산,10,327.6,161.0
용마산,11,281.3,170.8
용마산,12,261.6,188.6
용마산,13,246.7,206.6
용마산,14,214.1,217.8
용마산,15,219.8,288.9
용마산,16,248.1,364.7
용마산,17,238.1,465.7
용마산,18,243.2,713.5
용마산,19,166.8,569.0
용마산,20,111.8,353.7
용마산,21,92.5,340.3
용마산,22,55.1,319.8
용마산,23,28.1,186.3
용문,0,0.0,20.4
용문,4,17.6,0.1
용문,5,38.7,0.3
용문,6,86.3,24.7
용문,7,136.3,66.6
용문,8,165.9,117.8
용문,9,118.2,110.3
용문,10,147.2,109.0
용문,11,131.7,269.6
용문,12,188.0,189.5
용문,13,193.2,164.8
용문,14,239.9,164.8
용문,15,194.3,88.1
용문,16,203.4,206.3
용문,17,159.1,180.5
용문,18,89.0,142.0
용문,19,56.7,82.8
용문,20,36.2,93.6
용문,21,26.3,99.6
용문,22,11.2,60.7
용문,23,0.1,64.9
용산,0,50.8,69.2
용산,1,0.1,0.0
용산,2,0.0,0.0
용산,4,14.6,0.2
용산,5,131.2,208.5
용산,6,204.8,1301.8
용산,7,757.9,2864.5
용산,8,1094.7,5081.4
용산,9,1702.7,4007.4
용산,10,1097.6,3412.1
용산,11,2060.6,3223.7
용산,12,2037.8,3639.7
용산,13,2657.2,3646.7
용산,14,2398.4,3500.8
용산,15,4044.4,3512.9
용산,16,4576.1,3614.2
용산,17,5091.5,3598.6
용산,18,5945.4,3781.6
용산,19,4210.4,2364.7
용산,20,4323.7,1598.4
용산,21,4254.5,980.6
용산,22,2778.7,594.8
용산,23,1086.8,244.2
용유,0,0.0,10.5
용유,1,0.0,5.5
용유,2,0.0,4.5
용유,3,2.5,5.1
용유,4,3.8,0.0
용유,5,14.6,15.6
용유,6,4.1,0.0
용유,7,0.0,14.4
용유,8,0.0,25.5
용유,9,14.3,20.0
용유,10,18.9,26.7
용유,11,10.0,13.2
용유,12,32.8,30.0
용유,13,5.0,4.1
용유,14,16.3,0.0
용유,15,22.2,13.8
용유,16,23.2,10.5
용유,17,25.0,4.9
용유,18,0.0,4.9
용유,19,2.7,0.0
용유,20,3.9,0.0
용유,21,7.4,0.0
용유,22,2.2,0.0
용인중앙시장,0,0.0,0.8
용인중앙시장,5,40.4,38.2
용인중앙시장,6,108.4,60.6
용인중앙시장,7,183.1,93.8
용인중앙시장,8,91.4,51.8
용인중앙시장,9,64.2,35.2
용인중앙시장,10,48.1,26.8
용인중앙시장,11,40.4,24.4
용인중앙시장,12,43.9,38.6
용인중앙시장,13,43.4,41.8
용인중앙시장,14,35.1,61.4
용인중앙시장,15,53.9,49.5
용인중앙시장,16,48.2,64.9
용인중앙시장,17,69.9,130.1
용인중앙시장,18,52.9,121.5
용인중앙시장,19,33.3,48.8
용인중앙시장,20,15.6,45.1
용인중앙시장,21,4.4,32.0
용인중앙시장,22,1.9,13.2
우장산,0,9.5,113.5
우장산,5,245.7,31.0
우장산,6,818.4,167.9
우장산,7,1794.4,454.9
우장산,8,2007.3,719.2
우장산,9,1070.5,553.7
우장산,10,887.5,502.6
우장산,11,869.0,514.8
우장산,12,885.8,613.6
우장산,13,808.3,709.0
우장산,14,728.4,740.1
우장산,15,763.3,861.0
우장산,16,837.5,1008.0
우장산,17,803.2,1267.1
우장산,18,690.4,1923.0
우장산,19,436.3,1434.3
우장산,20,329.1,890.9
우장산,21,283.1,804.2
우장산,22,227.5,791.8
우장산,23,69.8,422.9
운길산,0,0.0,0.4
운길산,4,0.0,0.0
운길산,5,8.4,3.0
운길산,6,21.4,17.7
운길산,7,41.2,25.6
운길산,8,53.8,29.5
운길산,9,30.9,52.8
운길산,10,38.0,64.5
운길산,11,38.6,68.8
운길산,12,40.3,33.1
운길산,13,48.6,43.6
운길산,14,60.5,37.2
운길산,15,64.3,36.1
운길산,16,61.3,36.0
운길산,17,48.0,35.2
운길산,18,33.9,41.2
운길산,19,25.0,30.0
운길산,20,16.6,20.6
운길산,21,9.4,24.0
운길산,22,3.4,17.9
운길산,23,0.8,10.1
운서,0,13.2,205.9
운서,4,9.3,0.2
운서,5,646.8,43.0
운서,6,824.2,271.1
운서,7,1165.6,336.7
운서,8,953.5,534.9
운서,9,575.9,404.9
운서,10,593.8,230.7
운서,11,732.1,293.1
운서,12,692.6,331.6
운서,13,521.6,443.9
운서,14,439.6,487.6
운서,15,470.4,621.7
운서,16,548.3,624.8
운서,17,638.9,840.4
운서,18,485.5,1276.1
운서,19,286.0,1003.7
운서,20,268.4,781.4
운서,21,234.4,870.7
운서,22,200.1,883.5
운서,23,96.7,600.7
운양,0,8.3,22.3
운양,4,1.4,1.0
운양,5,170.3,71.3
운양,6,682.3,99.2
운양,7,977.9,147.2
운양,8,610.9,151.8
운양,9,336.2,109.9
운양,10,223.0,103.1
운양,11,209.2,114.5
운양,12,208.0,167.7
운양,13,159.9,165.8
운양,14,137.4,248.0
운양,15,164.4,310.5
운양,16,186.8,423.1
운양,17,209.9,722.7
운양,18,146.1,778.0
운양,19,72.5,349.5
운양,20,51.6,293.9
운양,21,42.8,242.9
운양,22,23.8,97.1
운양,23,5.8,8.9
운정,0,6.7,46.3
운정,4,1.6,0.4
운정,5,156.2,16.8
운정,6,576.9,129.7
운정,7,959.5,252.4
운정,8,906.6,383.9
운정,9,454.5,302.7
운정,10,361.8,254.0
운정,11,328.7,294.4
운정,12,344.2,360.4
운정,13,338.6,298.9
운정,14,326.3,390.0
운정,15,389.7,409.2
운정,16,435.3,563.8
운정,17,487.8,631.1
운정,18,473.3,849.6
운정,19,283.2,700.5
운정,20,254.3,424.6
운정,21,222.2,364.2
운정,22,198.9,315.9
운정,23,51.3,214.5
운천,8,0.1,0.0
운천,9,2.3,0.8
운천,10,0.4,0.5
운천,11,0.4,0.1
운천,15,0.4,0.2
운천,16,0.5,0.0
운천,17,0.7,2.0
원당,0,5.2,64.6
원당,4,10.1,0.1
원당,5,333.5,28.4
원당,6,735.5,223.9
원당,7,1594.9,299.9
원당,8,1478.5,518.6
원당,9,906.6,345.1
원당,10,686.2,327.5
원당,11,606.6,401.4
원당,12,633.7,420.8
원당,13,570.0,411.5
원당,14,505.8,489.6
원당,15,514.5,587.7
원당,16,557.5,743.2
원당,17,587.0,970.8
원당,18,546.1,1361.8
원당,19,271.3,1127.0
원당,20,221.0,801.3
원당,21,165.7,677.7
원당,22,100.1,587.5
원당,23,36.6,373.5
원덕,0,0.0,2.0
원덕,4,2.6,0.0
원덕,5,13.2,0.2
원덕,6,20.3,8.7
원덕,7,34.5,10.2
원덕,8,34.4,16.4
원덕,9,33.0,14.5
원덕,10,29.5,12.4
원덕,11,18.3,20.5
원덕,12,18.0,21.2
원덕,13,18.6,12.7
원덕,14,19.9,18.9
원덕,15,17.5,15.6
원덕,16,17.5,33.3
원덕,17,17.2,37.1
원덕,18,13.5,29.5
원덕,19,8.7,14.8
원덕,20,6.4,22.8
원덕,21,3.3,13.4
원덕,22,0.5,10.8
원덕,23,0.1,8.4
원시,0,117.9,115.3
원시,1,7.4,0.7
원시,2,7.9,8.3
원시,3,22.2,24.4
원시,4,158.3,89.2
원시,5,498.7,481.7
원시,6,1221.5,900.3
원시,7,1500.4,1074.1
원시,8,900.5,759.0
원시,9,616.8,437.5
원시,10,551.2,476.0
원시,11,578.7,439.5
원시,12,583.4,514.3
원시,13,522.2,515.4
원시,14,515.0,550.4
원시,15,618.3,709.8
원시,16,861.0,870.2
원시,17,1107.3,1236.2
원시,18,806.7,1279.0
원시,19,501.0,653.6
원시,20,385.3,651.5
원시,21,232.7,480.7
원시,22,159.7,211.5
원시,23,22.6,18.0
원인재,0,1.5,19.1
원인재,4,3.4,0.0
원인재,5,130.4,23.0
원인재,6,243.1,88.9
원인재,7,437.0,201.6
원인재,8,468.5,274.9
원인재,9,276.6,158.0
원인재,10,227.6,154.0
원인재,11,213.0,160.5
원인재,12,223.5,182.1
원인재,13,208.3,193.5
원인재,14,186.3,195.6
원인재,15,205.1,266.2
원인재,16,228.9,300.5
원인재,17,264.4,382.5
원인재,18,266.3,483.3
원인재,19,165.7,344.5
원인재,20,137.7,254.0
원인재,21,115.0,237.0
원인재,22,94.5,201.3
원인재,23,47.2,140.1
원종,0,0.9,18.1
원종,4,3.2,0.0
원종,5,198.5,33.1
원종,6,351.3,137.1
원종,7,650.0,231.2
원종,8,564.4,315.6
원종,9,353.0,183.6
원종,10,270.1,155.4
원종,11,256.1,198.8
원종,12,273.2,234.3
원종,13,245.7,207.5
원종,14,229.1,217.6
원종,15,257.4,285.3
원종,16,299.1,352.5
원종,17,321.6,455.2
원종,18,330.0,640.7
원종,19,180.9,483.9
원종,20,135.4,269.8
원종,21,109.1,285.0
원종,22,80.2,199.3
원종,23,29.8,125.5
원흥,0,11.2,78.0
원흥,4,7.9,0.3
원흥,5,232.5,18.6
원흥,6,605.0,129.3
원흥,7,1581.0,260.4
원흥,8,1589.2,484.2
원흥,9,848.4,348.0
원흥,10,635.0,287.2
원흥,11,564.6,318.6
원흥,12,556.1,375.0
원흥,13,541.9,413.5
원흥,14,450.8,452.8
원흥,15,468.9,538.8
원흥,16,488.5,645.1
원흥,17,546.5,969.7
원흥,18,578.9,1266.5
원흥,19,290.4,1220.8
원흥,20,221.1,733.7
원흥,21,191.5,654.3
원흥,22,145.3,594.4
원흥,23,70.6,367.6
월계,0,2.7,34.8
월계,1,0.0,0.1
월계,4,48.4,0.7
월계,5,172.1,43.9
월계,6,319.8,100.0
월계,7,833.0,191.3
월계,8,733.5,353.0
월계,9,463.3,217.3
월계,10,375.9,189.7
월계,11,349.5,194.8
월계,12,339.9,239.9
월계,13,332.4,248.5
월계,14,292.2,267.4
월계,15,286.9,308.5
월계,16,352.8,391.9
월계,17,288.0,471.0
월계,18,266.8,726.1
월계,19,168.5,524.7
월계,20,130.2,348.1
월계,21,106.6,281.0
월계,22,64.5,274.6
월계,23,31.0,167.4
월곡,0,17.0,113.0
월곡,1,0.0,0.0
월곡,4,0.5,0.1
월곡,5,242.8,30.8
월곡,6,507.4,139.9
월곡,7,1402.7,269.9
월곡,8,1554.5,788.6
월곡,9,774.5,554.2
월곡,10,561.1,386.1
월곡,11,501.5,336.4
월곡,12,517.9,385.1
월곡,13,499.1,433.9
월곡,14,467.7,443.6
월곡,15,495.6,519.9
월곡,16,564.6,669.5
월곡,17,628.2,875.4
월곡,18,823.1,1359.6
월곡,19,389.1,1016.8
월곡,20,285.8,601.6
월곡,21,226.9,558.5
월곡,22,157.3,525.9
월곡,23,74.9,345.0
월곶,0,0.0,9.7
월곶,4,0.1,0.0
월곶,5,67.3,11.2
월곶,6,176.4,48.9
월곶,7,383.5,67.1
월곶,8,361.3,108.8
월곶,9,182.9,108.5
월곶,10,129.6,165.8
월곶,11,136.1,156.3
월곶,12,140.3,151.5
월곶,13,129.7,145.7
월곶,14,128.1,134.9
월곶,15,149.9,143.7
월곶,16,169.2,184.7
월곶,17,183.5,241.8
월곶,18,216.0,347.5
월곶,19,133.8,177.0
월곶,20,78.0,132.1
월곶,21,73.5,146.0
월곶,22,42.3,130.5
월곶,23,21.4,63.9
월드컵경기장,0,6.5,15.0
월드컵경기장,4,1.1,0.0
월드컵경기장,5,32.7,48.5
월드컵경기장,6,106.2,112.5
월드컵경기장,7,267.5,154.3
월드컵경기장,8,312.0,260.2
월드컵경기장,9,184.5,235.5
월드컵경기장,10,181.9,212.3
월드컵경기장,11,208.4,221.8
월드컵경기장,12,215.0,249.5
월드컵경기장,13,221.6,270.0
월드컵경기장,14,243.2,290.4
월드컵경기장,15,291.8,313.0
월드컵경기장,16,338.4,332.0
월드컵경기장,17,362.4,458.3
월드컵경기장,18,317.9,797.1
월드컵경기장,19,191.5,434.9
월드컵경기장,20,185.6,175.7
월드컵경기장,21,822.4,124.2
월드컵경기장,22,188.6,94.7
월드컵경기장,23,37.8,50.2
월롱,0,0.2,15.5
월롱,1,0.0,0.0
월롱,4,3.0,0.1
월롱,5,14.2,1.0
월롱,6,28.4,123.6
월롱,7,55.6,265.4
월롱,8,61.2,283.1
월롱,9,59.9,105.5
월롱,10,54.9,58.7
월롱,11,61.4,47.1
월롱,12,77.3,64.7
월롱,13,89.4,49.2
월롱,14,76.5,43.6
월롱,15,124.7,54.2
월롱,16,185.1,52.9
월롱,17,296.9,74.9
월롱,18,305.6,59.6
월롱,19,126.9,68.1
월롱,20,90.6,59.8
월롱,21,54.1,69.4
월롱,22,28.4,61.1
월롱,23,3.0,40.9
을지로3가,0,217.7,98.9
을지로3가,1,0.2,2.8
을지로3가,2,0.0,0.0
을지로3가,4,1.2,0.0
을지로3가,5,65.8,127.4
을지로3가,6,155.9,1364.4
을지로3가,7,374.8,4171.0
을지로3가,8,736.0,8431.5
을지로3가,9,1038.6,3410.6
을지로3가,10,1359.5,1658.3
을지로3가,11,1486.1,1566.8
을지로3가,12,1496.2,1514.8
을지로3가,13,1638.4,1647.1
을지로3가,14,1782.0,1480.1
을지로3가,15,1981.3,1536.8
을지로3가,16,2579.2,1817.2
을지로3가,17,5353.8,2251.3
을지로3가,18,7071.8,2613.5
을지로3가,19,2893.2,1657.1
을지로3가,20,2389.3,1049.9
을지로3가,21,2520.1,894.9
을지로3가,22,2116.4,730.0
을지로3가,23,1177.2,419.4
을지로4가,0,53.4,87.1
을지로4가,1,0.2,1.6
을지로4가,4,0.3,0.0
을지로4가,5,57.0,58.1
을지로4가,6,125.8,793.8
을지로4가,7,320.9,1915.9
을지로4가,8,556.2,3951.1
을지로4가,9,709.2,2003.4
을지로4가,10,913.5,1244.0
을지로4가,11,1051.8,1201.7
을지로4가,12,1074.6,1102.1
을지로4가,13,1121.7,1045.4
을지로4가,14,1217.8,980.0
을지로4가,15,1381.7,940.1
을지로4가,16,1758.5,925.0
을지로4가,17,3157.3,975.9
을지로4가,18,3570.7,1015.0
을지로4가,19,1514.0,710.3
을지로4가,20,1045.9,558.6
을지로4가,21,875.4,572.7
을지로4가,22,621.9,535.9
을지로4가,23,289.1,330.5
을지로입구,0,155.7,152.0
을지로입구,1,0.2,31.5
을지로입구,2,0.0,0.0
을지로입구,4,5.4,0.1
을지로입구,5,99.4,102.4
을지로입구,6,159.5,1198.7
을지로입구,7,389.8,4734.7
을지로입구,8,627.0,11579.6
을지로입구,9,940.5,5729.8
을지로입구,10,1253.4,3299.6
을지로입구,11,1649.4,2784.3
을지로입구,12,1862.6,2483.3
을지로입구,13,2231.0,2577.0
을지로입구,14,2589.7,2282.7
을지로입구,15,3013.7,2225.6
을지로입구,16,3700.2,2416.2
을지로입구,17,6579.5,2724.9
을지로입구,18,9489.9,2760.7
을지로입구,19,4751.3,1888.2
을지로입구,20,4694.7,1381.4
을지로입구,21,3284.0,1150.6
을지로입구,22,2663.9,861.7
을지로입구,23,1175.9,439.5
응봉,0,1.2,12.7
응봉,1,0.0,0.0
응봉,4,4.2,0.0
응봉,5,45.4,4.8
응봉,6,102.2,35.3
응봉,7,244.2,56.5
응봉,8,213.3,67.7
응봉,9,140.7,51.9
응봉,10,126.6,44.4
응봉,11,100.5,42.8
응봉,12,90.8,53.5
응봉,13,76.0,61.8
응봉,14,71.1,73.1
응봉,15,81.7,79.4
응봉,16,89.3,116.2
응봉,17,87.4,146.5
응봉,18,80.3,165.8
응봉,19,51.5,138.7
응봉,20,43.1,83.0
응봉,21,31.2,75.7
응봉,22,21.5,69.0
응봉,23,8.9,42.4
응암,0,14.4,179.5
응암,1,0.0,0.0
응암,4,1.4,0.0
응암,5,412.0,46.4
응암,6,941.6,183.5
응암,7,2327.6,330.1
응암,8,2930.3,619.7
응암,9,1542.9,495.6
응암,10,988.2,496.4
응암,11,900.1,536.9
응암,12,942.8,620.8
응암,13,850.8,669.1
응암,14,737.9,720.6
응암,15,741.9,962.3
응암,16,748.7,1172.5
응암,17,751.0,1629.8
응암,18,727.3,2539.7
응암,19,467.9,1920.3
응암,20,362.8,1230.5
응암,21,302.8,1052.3
응암,22,207.8,927.2
응암,23,85.4,608.8
의왕,0,2.8,37.7
의왕,4,3.7,0.1
의왕,5,232.6,91.8
의왕,6,451.8,346.8
의왕,7,893.2,1260.5
의왕,8,869.2,1051.4
의왕,9,436.1,368.7
의왕,10,337.6,221.9
의왕,11,338.9,224.9
의왕,12,373.0,231.5
의왕,13,327.5,265.5
의왕,14,317.0,250.4
의왕,15,355.3,321.0
의왕,16,541.6,438.7
의왕,17,1096.3,577.6
의왕,18,884.1,861.7
의왕,19,426.6,642.9
의왕,20,322.3,418.0
의왕,21,219.4,388.4
의왕,22,128.3,321.9
의왕,23,59.4,206.4
의정부,0,35.5,282.1
의정부,4,127.8,0.8
의정부,5,375.2,89.5
의정부,6,1072.8,287.8
의정부,7,1634.8,431.2
의정부,8,1578.2,1221.9
의정부,9,951.2,1195.6
의정부,10,831.8,973.5
의정부,11,872.9,992.4
의정부,12,986.3,1103.5
의정부,13,989.0,1207.3
의정부,14,1060.8,1064.7
의정부,15,1208.4,1003.1
의정부,16,1268.7,1175.6
의정부,17,1416.5,1414.7
의정부,18,1409.5,1805.0
의정부,19,881.8,1619.7
의정부,20,831.4,986.0
의정부,21,584.5,845.8
의정부,22,420.9,701.0
의정부,23,224.9,532.6
이대,0,29.5,156.3
이대,1,0.1,4.2
이대,4,0.2,0.0
이대,5,98.0,29.0
이대,6,349.1,234.1
이대,7,1003.3,450.6
이대,8,1335.9,1486.6
이대,9,833.5,1145.5
이대,10,648.2,821.0
이대,11,732.5,777.0
이대,12,1000.6,891.4
이대,13,932.3,891.5
이대,14,844.2,793.7
이대,15,990.5,829.5
이대,16,1051.2,897.9
이대,17,1399.5,1151.2
이대,18,1271.5,1547.2
이대,19,779.7,1202.5
이대,20,656.4,806.7
이대,21,600.5,789.1
이대,22,496.2,793.0
이대,23,193.7,525.2
이매,0,1.6,25.7
이매,4,3.9,0.0
이매,5,115.9,29.5
이매,6,257.8,141.5
이매,7,565.3,420.4
이매,8,590.1,588.3
이매,9,410.7,273.9
이매,10,387.3,254.5
이매,11,344.2,241.3
이매,12,375.4,256.4
이매,13,306.3,283.6
이매,14,300.7,275.4
이매,15,360.9,319.0
이매,16,473.3,364.7
이매,17,474.6,469.0
이매,18,486.3,600.9
이매,19,247.2,443.8
이매,20,213.9,300.7
이매,21,228.5,272.2
이매,22,155.6,263.5
이매,23,48.4,143.5
이수,0,65.8,95.2
이수,1,0.0,0.2
이수,4,1.6,0.1
이수,5,156.4,50.4
이수,6,369.9,547.4
이수,7,986.3,623.1
이수,8,1437.6,1476.2
이수,9,972.9,1094.0
이수,10,722.8,734.3
이수,11,719.2,689.1
이수,12,792.7,739.1
이수,13,835.5,790.4
이수,14,841.5,823.3
이수,15,911.1,884.7
이수,16,1173.1,1031.7
이수,17,1297.2,1401.6
이수,18,1578.0,2017.4
이수,19,964.5,1257.0
이수,20,872.2,714.8
이수,21,921.2,589.1
이수,22,812.6,522.1
이수,23,400.1,307.8
이천,0,1.0,34.0
이천,4,0.4,0.0
이천,5,37.8,1.9
이천,6,135.4,73.0
이천,7,319.5,204.1
이천,8,230.1,292.3
이천,9,200.6,132.8
이천,10,181.5,130.7
이천,11,172.6,125.8
이천,12,164.9,148.3
이천,13,156.9,146.2
이천,14,157.6,150.1
이천,15,156.9,158.2
이천,16,208.5,198.1
이천,17,239.7,231.3
이천,18,252.2,306.4
이천,19,125.0,260.3
이천,20,102.2,203.2
이천,21,81.4,170.7
이천,22,41.0,123.0
이천,23,23.5,76.6
이촌,0,9.1,61.7
이촌,1,0.0,1.0
이촌,4,4.1,0.1
이촌,5,89.3,57.5
이촌,6,306.3,412.2
이촌,7,711.9,626.8
이촌,8,946.3,1325.1
이촌,9,698.3,1210.2
이촌,10,586.3,1187.4
이촌,11,717.4,1032.7
이촌,12,1063.1,1090.4
이촌,13,1060.5,1214.9
이촌,14,1084.5,1113.4
이촌,15,1362.6,1000.9
이촌,16,1735.5,842.1
이촌,17,1921.1,874.2
이촌,18,1309.3,1050.4
이촌,19,569.7,731.7
이촌,20,530.2,507.2
이촌,21,430.7,449.9
이촌,22,253.6,389.6
이촌,23,81.3,222.5
이태원,0,115.2,260.0
이태원,4,7.7,0.2
이태원,5,429.8,116.1
이태원,6,340.2,826.4
이태원,7,288.5,428.2
이태원,8,301.3,961.2
이태원,9,273.7,990.4
이태원,10,268.2,702.0
이태원,11,304.3,525.6
이태원,12,344.5,535.6
이태원,13,411.8,538.5
이태원,14,470.4,500.8
이태원,15,630.2,547.8
이태원,16,1090.6,676.3
이태원,17,1066.5,816.2
이태원,18,1206.8,950.8
이태원,19,913.1,863.8
이태원,20,805.5,723.7
이태원,21,823.7,725.8
이태원,22,801.8,735.4
이태원,23,580.3,665.0
인덕원,0,20.6,189.3
인덕원,1,0.1,0.1
인덕원,4,4.5,0.3
인덕원,5,334.3,106.8
인덕원,6,1190.4,526.1
인덕원,7,2696.1,1789.8
인덕원,8,2342.0,3768.7
인덕원,9,1520.5,1351.9
인덕원,10,1188.3,838.4
인덕원,11,1077.5,782.2
인덕원,12,1132.5,753.6
인덕원,13,1179.5,884.3
인덕원,14,1098.6,873.8
인덕원,15,1165.8,1026.5
인덕원,16,1392.9,1281.1
인덕원,17,2203.5,1852.0
인덕원,18,3018.1,2901.4
인덕원,19,1132.3,2360.0
인덕원,20,897.8,1343.8
인덕원,21,832.8,1229.0
인덕원,22,505.3,1171.5
인덕원,23,202.2,659.3
인천,0,0.4,37.8
인천,4,10.5,0.1
인천,5,75.3,45.4
인천,6,143.6,171.8
인천,7,255.4,281.8
인천,8,223.6,420.2
인천,9,182.3,269.1
인천,10,195.5,305.2
인천,11,227.3,398.5
인천,12,271.8,407.9
인천,13,316.5,367.5
인천,14,378.2,351.7
인천,15,461.0,323.7
인천,16,477.4,279.7
인천,17,533.8,283.8
인천,18,482.1,289.5
인천,19,254.9,192.7
인천,20,221.8,144.9
인천,21,155.2,113.4
인천,22,80.8,107.8
인천,23,24.1,61.1
인천공항1터미널,0,4.0,236.0
인천공항1터미널,4,51.8,0.1
인천공항1터미널,5,264.0,284.7
인천공항1터미널,6,366.3,667.5
인천공항1터미널,7,531.6,1015.2
인천공항1터미널,8,528.3,1197.6
인천공항1터미널,9,421.2,888.6
인천공항1터미널,10,412.0,859.9
인천공항1터미널,11,596.3,1222.8
인천공항1터미널,12,760.5,1181.4
인천공항1터미널,13,874.4,940.7
인천공항1터미널,14,1127.1,712.1
인천공항1터미널,15,1230.5,769.2
인천공항1터미널,16,1165.6,703.6
인천공항1터미널,17,1085.7,713.6
인천공항1터미널,18,1135.5,625.7
인천공항1터미널,19,780.2,513.9
인천공항1터미널,20,794.7,444.3
인천공항1터미널,21,951.5,354.5
인천공항1터미널,22,971.9,314.7
인천공항1터미널,23,343.8,285.7
인천공항2터미널,0,0.1,114.8
인천공항2터미널,4,68.3,0.3
인천공항2터미널,5,313.4,336.5
인천공항2터미널,6,383.5,712.7
인천공항2터미널,7,454.9,846.7
인천공항2터미널,8,518.0,869.1
인천공항2터미널,9,409.4,449.0
인천공항2터미널,10,277.6,602.2
인천공항2터미널,11,296.0,854.0
인천공항2터미널,12,468.9,972.5
인천공항2터미널,13,541.1,694.2
인천공항2터미널,14,838.1,599.8
인천공항2터미널,15,1058.8,499.7
인천공항2터미널,16,931.5,584.4
인천공항2터미널,17,964.4,614.5
인천공항2터미널,18,1087.7,428.7
인천공항2터미널,19,760.0,288.4
인천공항2터미널,20,849.7,212.0
인천공항2터미널,21,878.4,135.4
인천공항2터미널,22,643.0,88.2
인천공항2터미널,23,238.0,100.4
인천논현,0,0.3,15.8
인천논현,4,0.1,0.0
인천논현,5,104.8,28.4
인천논현,6,230.5,171.6
인천논현,7,483.1,300.1
인천논현,8,408.4,430.9
인천논현,9,265.5,312.8
인천논현,10,252.4,222.1
인천논현,11,274.0,249.7
인천논현,12,279.9,271.5
인천논현,13,254.1,284.8
인천논현,14,263.5,279.3
인천논현,15,338.6,284.6
인천논현,16,321.4,377.3
인천논현,17,376.4,495.3
인천논현,18,389.1,611.0
인천논현,19,238.0,362.7
인천논현,20,225.2,240.0
인천논현,21,207.7,206.4
인천논현,22,168.0,173.1
인천논현,23,83.7,101.1
인천대입구,0,45.5,92.8
인천대입구,1,0.8,0.0
인천대입구,3,1.1,1.5
인천대입구,4,13.5,41.8
인천대입구,5,304.2,343.7
인천대입구,6,675.3,674.4
인천대입구,7,1096.3,1284.9
인천대입구,8,867.5,863.9
인천대입구,9,498.8,435.0
인천대입구,10,446.3,418.2
인천대입구,11,420.6,429.4
인천대입구,12,462.4,501.4
인천대입구,13,499.9,482.6
인천대입구,14,510.4,471.4
인천대입구,15,605.9,568.3
인천대입구,16,747.8,729.0
인천대입구,17,1187.6,1057.0
인천대입구,18,1065.2,991.6
인천대입구,19,443.0,483.3
인천대입구,20,436.8,418.9
인천대입구,21,325.3,354.8
인천대입구,22,208.3,213.1
인천대입구,23,40.0,45.6
인천터미널,0,35.9,43.2
인천터미널,1,0.0,3.2
인천터미널,4,18.6,10.5
인천터미널,5,278.5,188.3
인천터미널,6,626.4,496.4
인천터미널,7,1164.4,871.0
인천터미널,8,749.7,557.8
인천터미널,9,439.0,286.4
인천터미널,10,343.4,278.4
인천터미널,11,368.2,274.8
인천터미널,12,396.9,347.1
인천터미널,13,335.0,343.1
인천터미널,14,329.5,360.0
인천터미널,15,408.8,434.9
인천터미널,16,499.4,580.4
인천터미널,17,756.1,910.6
인천터미널,18,646.8,971.5
인천터미널,19,251.2,387.2
인천터미널,20,227.3,357.0
인천터미널,21,166.2,281.4
인천터미널,22,80.2,138.2
인천터미널,23,22.0,22.1
인하대,0,2.5,42.6
인하대,4,2.0,0.0
인하대,5,148.5,24.4
인하대,6,437.9,135.9
인하대,7,834.2,193.7
인하대,8,670.4,469.5
인하대,9,313.6,267.9
인하대,10,263.3,184.7
인하대,11,276.3,181.9
인하대,12,308.1,253.2
인하대,13,298.5,255.3
인하대,14,264.0,240.8
인하대,15,332.1,303.8
인하대,16,434.8,363.8
인하대,17,459.2,574.4
인하대,18,350.7,795.4
인하대,19,208.4,416.8
인하대,20,188.3,325.8
인하대,21,167.3,304.0
인하대,22,134.5,234.3
인하대,23,76.5,173.7
일산,0,4.3,75.1
일산,4,44.2,0.1
일산,5,304.7,27.0
일산,6,845.7,125.4
일산,7,1580.6,282.0
일산,8,1114.4,553.8
일산,9,662.8,312.3
일산,10,553.8,271.2
일산,11,537.3,310.8
일산,12,520.5,354.5
일산,13,474.0,388.3
일산,14,439.2,419.0
일산,15,486.7,511.5
일산,16,532.3,557.7
일산,17,463.7,864.8
일산,18,426.5,1242.5
일산,19,241.5,1209.6
일산,20,202.7,630.6
일산,21,160.2,630.5
일산,22,142.4,530.6
일산,23,37.6,381.9
일원,0,5.3,55.9
일원,1,0.0,1.3
일원,4,0.1,0.0
일원,5,90.4,63.9
일원,6,312.8,426.0
일원,7,864.6,1205.3
일원,8,855.8,947.3
일원,9,633.5,758.9
일원,10,652.5,618.6
일원,11,653.5,465.2
일원,12,657.8,572.4
일원,13,605.7,584.9
일원,14,635.4,571.4
일원,15,817.3,499.9
일원,16,991.4,478.5
일원,17,1309.4,591.4
일원,18,654.7,779.2
일원,19,383.4,605.5
일원,20,251.8,418.4
일원,21,179.5,396.7
일원,22,124.8,425.9
일원,23,55.4,162.1
임진강,7,0.0,0.0
임진강,9,1.1,10.3
임진강,10,1.4,3.7
임진강,11,0.0,0.0
임진강,13,0.0,0.0
임진강,14,0.0,0.0
임진강,15,3.7,2.5
임진강,16,2.9,0.5
임진강,17,12.9,3.7
임진강,18,0.0,0.0
임학,0,41.4,63.1
임학,1,1.5,0.0
임학,2,0.0,0.7
임학,4,19.0,9.5
임학,5,344.4,151.6
임학,6,827.9,195.8
임학,7,1499.8,384.9
임학,8,988.7,296.5
임학,9,486.7,226.6
임학,10,396.6,214.3
임학,11,357.4,243.5
임학,12,332.7,243.3
임학,13,298.1,287.3
임학,14,263.1,375.4
임학,15,275.6,485.8
임학,16,377.1,666.5
임학,17,435.3,1036.7
임학,18,328.6,1162.3
임학,19,157.3,568.4
임학,20,113.5,420.2
임학,21,80.4,391.4
임학,22,54.2,222.0
임학,23,2.8,36.1
자양,0,40.8,64.2
자양,1,0.0,0.1
자양,4,0.2,0.0
자양,5,180.9,24.3
자양,6,352.0,144.9
자양,7,761.1,230.3
자양,8,1043.3,486.8
자양,9,725.6,407.4
자양,10,417.2,350.9
자양,11,356.4,358.2
자양,12,396.4,413.8
자양,13,375.3,482.0
자양,14,377.7,534.2
자양,15,459.3,601.2
자양,16,538.3,674.0
자양,17,659.5,861.3
자양,18,645.6,1254.3
자양,19,476.8,1007.7
자양,20,579.0,648.8
자양,21,728.5,534.1
자양,22,561.4,424.3
자양,23,247.9,218.2
잠실,0,259.1,366.5
잠실,1,0.0,9.2
잠실,4,3.4,0.6
잠실,5,534.2,289.3
잠실,6,1970.4,1616.5
잠실,7,4533.5,3976.6
잠실,8,6099.4,8531.6
잠실,9,4375.5,7244.8
잠실,10,3227.2,5938.3
잠실,11,3490.6,5873.0
잠실,12,4012.2,5898.3
잠실,13,4562.2,6070.5
잠실,14,5197.1,5892.4
잠실,15,6369.7,6320.5
잠실,16,7694.1,6701.2
잠실,17,9396.9,8088.3
잠실,18,10546.5,10129.7
잠실,19,7388.6,6349.4
잠실,20,7287.9,4161.5
잠실,21,7150.9,3620.0
잠실,22,4597.6,3074.5
잠실,23,1520.6,1650.5
잠실나루,0,17.4,94.5
잠실나루,1,0.0,0.8
잠실나루,4,0.4,0.0
잠실나루,5,140.5,76.4
잠실나루,6,542.4,387.2
잠실나루,7,1513.0,792.9
잠실나루,8,1803.3,1330.6
잠실나루,9,1114.7,836.8
잠실나루,10,903.0,656.3
잠실나루,11,855.7,599.7
잠실나루,12,817.0,738.5
잠실나루,13,755.6,752.1
잠실나루,14,773.4,705.2
잠실나루,15,910.6,712.3
잠실나루,16,1047.5,801.4
잠실나루,17,1320.1,1088.7
잠실나루,18,1041.2,1541.3
잠실나루,19,530.0,1105.9
잠실나루,20,382.9,723.5
잠실나루,21,287.3,690.1
잠실나루,22,201.4,638.5
잠실나루,23,91.4,335.6
잠실새내,0,86.3,150.5
잠실새내,1,0.0,0.7
잠실새내,2,0.0,0.0
잠실새내,4,0.9,0.0
잠실새내,5,213.4,32.2
잠실새내,6,697.8,323.5
잠실새내,7,2084.2,538.0
잠실새내,8,2754.8,985.3
잠실새내,9,1752.3,1058.3
잠실새내,10,1212.2,888.3
잠실새내,11,1130.6,967.4
잠실새내,12,1204.5,1074.1
잠실새내,13,1176.0,1233.1
잠실새내,14,1113.8,1342.6
잠실새내,15,1240.0,1514.8
잠실새내,16,1349.8,1792.0
잠실새내,17,1476.8,2277.9
잠실새내,18,1474.8,2946.2
잠실새내,19,1114.4,1978.1
잠실새내,20,973.0,1251.5
잠실새내,21,947.8,1165.6
잠실새내,22,945.0,1021.6
잠실새내,23,480.7,527.0
잠원,0,7.4,47.3
잠원,4,0.2,0.0
잠원,5,55.1,21.5
잠원,6,240.8,225.9
잠원,7,660.1,285.3
잠원,8,869.2,448.5
잠원,9,553.3,360.3
잠원,10,419.3,243.9
잠원,11,412.7,239.1
잠원,12,416.1,303.1
잠원,13,406.1,352.4
잠원,14,341.9,344.1
잠원,15,405.5,392.0
잠원,16,464.0,421.8
잠원,17,522.3,582.2
잠원,18,458.9,752.3
잠원,19,291.9,523.6
잠원,20,217.0,371.5
잠원,21,195.6,365.1
잠원,22,136.9,411.3
잠원,23,42.9,161.4
장기,0,10.3,25.2
장기,4,3.5,1.8
장기,5,186.5,86.0
장기,6,730.7,113.3
장기,7,1043.1,158.9
장기,8,659.2,166.9
장기,9,372.9,123.8
장기,10,246.7,119.3
장기,11,226.9,126.6
장기,12,223.6,180.3
장기,13,177.0,186.0
장기,14,152.0,273.2
장기,15,182.1,337.1
장기,16,207.8,458.8
장기,17,234.5,774.7
장기,18,162.0,833.6
장기,19,82.9,376.3
장기,20,60.0,317.4
장기,21,47.8,265.3
장기,22,30.2,111.9
장기,23,6.6,10.0
장승배기,0,16.1,80.8
장승배기,4,0.6,0.0
장승배기,5,192.1,90.3
장승배기,6,380.2,327.0
장승배기,7,908.2,342.1
장승배기,8,1244.5,763.9
장승배기,9,807.4,466.2
장승배기,10,544.0,351.3
장승배기,11,489.7,357.4
장승배기,12,511.0,419.3
장승배기,13,478.7,456.2
장승배기,14,462.7,437.5
장승배기,15,490.8,511.1
장승배기,16,619.4,585.3
장승배기,17,618.5,716.0
장승배기,18,650.2,1073.3
장승배기,19,327.8,766.3
장승배기,20,277.4,514.2
장승배기,21,234.1,446.0
장승배기,22,155.1,389.5
장승배기,23,64.4,250.6
장암,0,0.8,7.1
장암,4,0.1,0.0
장암,5,71.0,4.9
장암,6,266.4,36.2
장암,7,591.9,40.2
장암,8,401.5,62.7
장암,9,176.8,96.9
장암,10,101.0,106.7
장암,11,85.5,109.5
장암,12,102.7,96.6
장암,13,107.7,61.7
장암,14,118.8,51.9
장암,15,136.7,57.6
장암,16,136.6,65.4
장암,17,136.5,86.8
장암,18,103.3,122.5
장암,19,72.7,94.0
장암,20,42.3,63.0
장암,21,30.5,27.4
장암,22,15.1,25.7
장암,23,5.0,18.6
장지,0,22.2,71.3
장지,4,0.3,0.0
장지,5,186.8,116.7
장지,6,663.8,409.6
장지,7,1513.2,1023.6
장지,8,1636.7,1686.1
장지,9,1057.5,1179.7
장지,10,735.2,743.7
장지,11,646.5,739.6
장지,12,736.6,785.6
장지,13,755.9,717.6
장지,14,795.4,701.5
장지,15,992.6,797.9
장지,16,1136.8,901.8
장지,17,1635.2,1253.2
장지,18,1732.3,1694.0
장지,19,978.2,1027.3
장지,20,786.3,642.8
장지,21,548.4,551.5
장지,22,295.3,482.2
장지,23,101.8,294.7
장한평,0,21.5,139.3
장한평,1,0.1,8.0
장한평,4,1.7,0.0
장한평,5,294.0,50.3
장한평,6,685.2,466.3
장한평,7,2029.2,916.6
장한평,8,2696.9,2329.8
장한평,9,1411.1,1029.8
장한평,10,885.5,736.1
장한평,11,763.9,668.5
장한평,12,830.8,673.9
장한평,13,797.6,716.5
장한평,14,770.3,687.9
장한평,15,848.6,800.5
장한평,16,1078.4,979.1
장한평,17,1515.1,1447.2
장한평,18,2091.5,2304.3
장한평,19,999.3,1623.7
장한평,20,553.5,996.1
장한평,21,437.6,943.6
장한평,22,332.8,861.0
장한평,23,142.6,531.1
전곡,0,0.4,21.9
전곡,4,0.2,0.0
전곡,5,24.0,1.2
전곡,6,54.2,25.5
전곡,7,91.9,30.4
전곡,8,139.8,81.9
전곡,9,101.8,51.8
전곡,10,91.3,54.8
전곡,11,96.6,57.6
전곡,12,90.2,74.0
전곡,13,84.5,73.7
전곡,14,75.2,64.5
전곡,15,79.3,58.1
전곡,16,81.6,86.0
전곡,17,75.8,99.5
전곡,18,67.6,120.3
전곡,19,43.9,111.1
전곡,20,41.9,52.6
전곡,21,22.7,46.3
전곡,22,13.1,42.6
전곡,23,9.8,33.4
정릉,0,7.6,28.5
정릉,5,63.6,17.4
정릉,6,183.8,62.2
정릉,7,457.5,118.7
정릉,8,560.7,223.3
정릉,9,429.9,159.9
정릉,10,316.9,129.9
정릉,11,280.2,153.3
정릉,12,295.7,178.0
정릉,13,262.8,190.6
정릉,14,231.6,209.5
정릉,15,230.3,259.4
정릉,16,250.3,299.2
정릉,17,255.5,352.4
정릉,18,251.4,505.9
정릉,19,155.3,384.5
정릉,20,98.9,250.4
정릉,21,79.9,221.2
정릉,22,57.7,189.4
정릉,23,26.9,103.2
정발산,0,9.4,30.7
정발산,4,2.0,0.0
정발산,5,75.2,30.9
정발산,6,181.0,105.5
정발산,7,301.4,213.3
정발산,8,365.5,695.0
정발산,9,287.9,663.5
정발산,10,293.2,525.5
정발산,11,363.9,440.3
정발산,12,389.7,416.3
정발산,13,453.0,484.8
정발산,14,482.6,420.3
정발산,15,520.3,399.4
정발산,16,555.1,431.1
정발산,17,662.1,473.3
정발산,18,750.5,546.2
정발산,19,382.1,452.4
정발산,20,414.2,250.2
정발산,21,277.8,195.2
정발산,22,200.8,161.9
정발산,23,63.5,114.9
정부과천청사,0,6.5,35.4
정부과천청사,4,0.5,0.0
정부과천청사,5,76.7,67.5
정부과천청사,6,348.3,542.5
정부과천청사,7,802.9,1574.4
정부과천청사,8,674.7,3564.6
정부과천청사,9,501.4,1036.3
정부과천청사,10,433.9,481.7
정부과천청사,11,470.2,388.9
정부과천청사,12,516.5,415.7
정부과천청사,13,526.8,462.8
정부과천청사,14,552.6,472.3
정부과천청사,15,679.8,455.5
정부과천청사,16,978.4,512.5
정부과천청사,17,1716.2,680.5
정부과천청사,18,2496.8,904.5
정부과천청사,19,745.9,708.3
정부과천청사,20,543.8,396.7
정부과천청사,21,452.9,383.8
정부과천청사,22,258.5,332.8
정부과천청사,23,77.7,173.6
정왕,0,2.5,75.6
정왕,4,16.1,0.1
정왕,5,338.7,38.5
정왕,6,468.7,440.3
정왕,7,757.6,789.2
정왕,8,700.1,857.7
정왕,9,520.2,463.5
정왕,10,410.4,309.8
정왕,11,389.3,320.6
정왕,12,409.2,353.5
정왕,13,413.2,364.0
정왕,14,389.9,347.1
정왕,15,502.6,385.7
정왕,16,581.8,430.8
정왕,17,814.5,605.0
정왕,18,889.4,786.1
정왕,19,405.9,602.2
정왕,20,330.6,477.9
정왕,21,208.1,487.9
정왕,22,142.2,415.9
정왕,23,48.0,282.6
정자,0,33.2,92.0
정자,4,14.5,0.5
정자,5,115.1,51.7
정자,6,359.1,615.0
정자,7,918.4,1674.9
정자,8,1039.4,3165.1
정자,9,765.4,1974.7
정자,10,599.3,921.8
정자,11,653.8,643.2
정자,12,691.3,622.9
정자,13,700.5,715.9
정자,14,727.0,628.8
정자,15,953.5,692.5
정자,16,1200.7,890.3
정자,17,2237.5,1253.6
정자,18,2517.2,1555.7
정자,19,1287.6,1134.0
정자,20,1049.5,732.8
정자,21,1017.7,634.2
정자,22,909.8,552.0
정자,23,338.5,318.6
제기동,0,5.3,50.3
제기동,4,10.6,0.1
제기동,5,166.9,88.0
제기동,6,310.0,351.3
제기동,7,722.9,694.8
제기동,8,1064.6,1303.0
제기동,9,785.9,1015.0
제기동,10,852.9,1132.8
제기동,11,1006.8,1221.3
제기동,12,1108.7,1215.6
제기동,13,1122.5,1261.0
제기동,14,1187.2,1155.4
제기동,15,1234.9,1074.2
제기동,16,1306.4,1067.4
제기동,17,1341.9,904.9
제기동,18,1191.2,913.7
제기동,19,667.5,610.6
제기동,20,455.3,397.6
제기동,21,276.5,377.7
제기동,22,169.6,304.4
제기동,23,70.2,192.5
제물포,0,1.7,95.2
제물포,4,36.1,0.2
제물포,5,289.6,59.3
제물포,6,628.0,179.6
제물포,7,1305.2,429.5
제물포,8,1066.5,913.3
제물포,9,653.9,417.8
제물포,10,546.9,313.8
제물포,11,518.6,302.3
제물포,12,547.5,342.2
제물포,13,504.2,382.3
제물포,14,450.5,384.8
제물포,15,516.5,434.7
제물포,16,625.3,609.7
제물포,17,662.3,732.9
제물포,18,674.7,1113.1
제물포,19,304.0,967.2
제물포,20,243.0,578.3
제물포,21,191.6,509.6
제물포,22,123.2,469.1
제물포,23,44.0,316.6
종각,0,66.1,42.2
종각,1,0.0,0.1
종각,4,4.3,0.1
종각,5,143.8,221.5
종각,6,148.8,1194.2
종각,7,232.5,4222.2
종각,8,350.7,9193.8
종각,9,475.4,4898.2
종각,10,680.4,2262.1
종각,11,1081.6,2140.5
종각,12,1316.5,1876.5
종각,13,1609.5,1812.0
종각,14,1944.2,1495.0
종각,15,2389.5,1342.6
종각,16,2989.7,1489.0
종각,17,5745.6,1705.4
종각,18,7353.9,1713.2
종각,19,3239.9,860.9
종각,20,2993.3,521.3
종각,21,2918.5,394.0
종각,22,2069.6,277.5
종각,23,865.6,164.8
종로3가,0,176.0,173.2
종로3가,1,0.1,2.3
종로3가,4,10.0,0.7
종로3가,5,199.6,207.9
종로3가,6,252.9,968.6
종로3가,7,433.3,2074.6
종로3가,8,680.5,4966.9
종로3가,9,1037.7,4806.5
종로3가,10,1491.9,4032.9
종로3가,11,2087.0,4053.5
종로3가,12,2640.6,3866.8
종로3가,13,2833.7,3648.1
종로3가,14,3278.0,3307.5
종로3가,15,3760.0,3052.7
종로3가,16,4439.5,3043.7
종로3가,17,5708.9,3081.6
종로3가,18,6509.3,3165.9
종로3가,19,3722.6,1791.7
종로3가,20,3269.1,1125.8
종로3가,21,3537.7,969.2
종로3가,22,2744.3,798.4
종로3가,23,1380.6,501.1
종로5가,0,11.9,33.4
종로5가,1,0.0,0.0
종로5가,4,2.1,0.0
종로5가,5,67.5,149.8
종로5가,6,97.1,656.0
종로5가,7,208.7,1522.4
종로5가,8,375.9,3136.0
종로5가,9,552.4,2131.2
종로5가,10,918.4,1859.7
종로5가,11,1255.1,1886.9
종로5가,12,1469.3,1729.2
종로5가,13,1669.8,1576.5
종로5가,14,1867.9,1521.3
종로5가,15,2003.8,1323.7
종로5가,16,2284.2,1253.1
종로5가,17,2933.7,1143.6
종로5가,18,3012.3,1027.1
종로5가,19,1549.6,630.7
종로5가,20,1114.4,362.5
종로5가,21,996.1,284.0
종로5가,22,582.6,228.2
종로5가,23,181.2,141.8
종합운동장,0,36.8,89.7
종합운동장,1,0.0,3.8
종합운동장,4,1.0,0.2
종합운동장,5,116.4,67.8
종합운동장,6,384.3,784.5
종합운동장,7,898.9,782.0
종합운동장,8,1205.0,1343.8
종합운동장,9,863.4,835.5
종합운동장,10,659.8,591.6
종합운동장,11,669.4,584.1
종합운동장,12,724.2,764.4
종합운동장,13,816.3,875.6
종합운동장,14,813.7,992.8
종합운동장,15,868.9,1382.4
종합운동장,16,1104.1,2460.7
종합운동장,17,1374.0,4952.7
종합운동장,18,1268.5,3662.7
종합운동장,19,1039.4,1302.7
종합운동장,20,1860.7,703.0
종합운동장,21,4491.6,688.8
종합운동장,22,2340.5,598.6
종합운동장,23,548.1,296.5
주안,0,20.5,165.1
주안,4,44.8,0.7
주안,5,473.3,110.2
주안,6,1014.8,249.4
주안,7,1870.3,564.8
주안,8,1640.6,875.2
주안,9,1044.2,660.8
주안,10,883.7,530.5
주안,11,886.2,513.2
주안,12,984.3,580.6
주안,13,889.2,667.5
주안,14,807.8,689.2
주안,15,877.7,723.1
주안,16,1021.2,982.6
주안,17,1193.2,1254.2
주안,18,1061.8,1788.7
주안,19,646.3,1640.1
주안,20,583.4,1021.6
주안,21,501.5,900.1
주안,22,381.5,793.7
주안,23,187.0,557.5
주엽,0,3.9,62.1
주엽,4,4.4,0.3
주엽,5,207.8,43.1
주엽,6,541.6,117.3
주엽,7,895.4,247.5
주엽,8,860.6,500.7
주엽,9,627.6,413.3
주엽,10,591.0,402.6
주엽,11,583.3,415.9
주엽,12,581.3,427.5
주엽,13,535.7,503.9
주엽,14,499.4,455.7
주엽,15,540.7,551.5
주엽,16,528.5,588.0
주엽,17,465.6,710.6
주엽,18,446.3,816.0
주엽,19,235.1,790.5
주엽,20,199.5,493.5
주엽,21,190.6,402.6
주엽,22,157.4,346.8
주엽,23,34.5,218.5
죽전,0,0.2,182.1
죽전,4,56.2,0.4
죽전,5,184.0,31.5
죽전,6,610.5,229.4
죽전,7,1365.3,527.0
죽전,8,1133.0,774.6
죽전,9,693.2,740.1
죽전,10,543.6,629.6
죽전,11,532.2,627.4
죽전,12,552.4,602.3
죽전,13,569.5,616.7
죽전,14,588.7,663.5
죽전,15,674.4,748.4
죽전,16,713.3,883.4
죽전,17,903.1,1081.6
죽전,18,913.0,1530.7
죽전,19,616.7,1237.6
죽전,20,747.8,788.0
죽전,21,378.3,672.0
죽전,22,296.1,659.7
죽전,23,97.3,418.6
중계,0,12.5,112.5
중계,4,1.7,0.0
중계,5,343.1,92.2
중계,6,857.6,197.5
중계,7,2083.4,551.2
중계,8,2035.4,883.0
중계,9,1129.7,516.3
중계,10,830.0,424.9
중계,11,755.3,464.9
중계,12,783.8,494.1
중계,13,732.8,505.4
중계,14,620.5,505.5
중계,15,619.2,614.0
중계,16,711.2,748.6
중계,17,683.5,1033.1
중계,18,565.3,1583.1
중계,19,323.0,1521.4
중계,20,257.6,888.7
중계,21,307.6,743.3
중계,22,204.3,647.4
중계,23,72.8,384.7
중곡,0,14.1,87.4
중곡,1,0.0,0.0
중곡,4,0.8,0.1
중곡,5,212.7,26.1
중곡,6,447.8,156.6
중곡,7,975.5,521.6
중곡,8,1476.6,1071.2
중곡,9,909.9,514.5
중곡,10,592.3,338.6
중곡,11,525.2,331.2
중곡,12,528.5,367.9
중곡,13,504.9,399.5
중곡,14,458.0,407.0
중곡,15,498.3,536.3
중곡,16,639.3,624.5
중곡,17,724.2,757.2
중곡,18,835.8,1129.7
중곡,19,424.4,893.4
중곡,20,300.5,579.1
중곡,21,217.0,518.1
중곡,22,159.6,459.1
중곡,23,63.4,271.5
중동,0,5.2,59.1
중동,4,39.5,1.1
중동,5,374.6,42.4
중동,6,641.3,123.5
중동,7,1424.9,197.3
중동,8,1072.1,368.9
중동,9,679.2,282.5
중동,10,474.8,284.9
중동,11,460.8,303.6
중동,12,479.9,351.4
중동,13,433.9,368.0
중동,14,399.0,366.3
중동,15,388.6,437.9
중동,16,397.9,559.4
중동,17,414.5,774.4
중동,18,369.7,1072.4
중동,19,231.5,880.9
중동,20,181.7,538.0
중동,21,134.4,465.5
중동,22,83.3,414.9
중동,23,41.3,245.9
중랑,0,0.8,10.6
중랑,4,11.9,0.3
중랑,5,207.2,21.3
중랑,6,336.8,68.8
중랑,7,732.5,113.7
중랑,8,773.2,195.7
중랑,9,456.3,173.5
중랑,10,327.4,185.3
중랑,11,293.8,174.9
중랑,12,299.4,213.8
중랑,13,276.7,200.2
중랑,14,257.1,271.0
중랑,15,237.4,332.0
중랑,16,249.0,391.2
중랑,17,248.9,493.1
중랑,18,253.4,690.0
중랑,19,168.0,494.7
중랑,20,113.9,324.7
중랑,21,86.8,340.0
중랑,22,62.2,255.4
중랑,23,28.7,159.2
중앙,0,29.5,187.5
중앙,1,0.1,0.0
중앙,4,12.1,0.9
중앙,5,391.8,49.5
중앙,6,1038.4,360.9
중앙,7,1791.5,580.5
중앙,8,1449.1,1170.8
중앙,9,833.9,1087.8
중앙,10,787.7,695.0
중앙,11,868.9,653.6
중앙,12,906.1,747.7
중앙,13,848.6,887.7
중앙,14,864.9,864.3
중앙,15,901.8,882.3
중앙,16,1062.9,1117.6
중앙,17,1179.2,1436.1
중앙,18,1244.9,2146.3
중앙,19,784.5,1699.8
중앙,20,806.8,1063.4
중앙,21,838.6,925.1
중앙,22,673.4,761.6
중앙,23,266.2,596.8
중앙보훈병원,0,6.8,87.9
중앙보훈병원,1,0.0,6.3
중앙보훈병원,4,0.1,0.0
중앙보훈병원,5,189.0,23.0
중앙보훈병원,6,832.2,216.0
중앙보훈병원,7,1821.8,467.2
중앙보훈병원,8,1843.5,805.1
중앙보훈병원,9,1139.2,512.3
중앙보훈병원,10,773.3,509.5
중앙보훈병원,11,706.8,343.8
중앙보훈병원,12,651.0,444.5
중앙보훈병원,13,518.8,490.9
중앙보훈병원,14,610.6,496.2
중앙보훈병원,15,677.7,482.8
중앙보훈병원,16,656.0,517.9
중앙보훈병원,17,815.1,857.6
중앙보훈병원,18,575.7,1441.0
중앙보훈병원,19,271.3,1089.7
중앙보훈병원,20,194.7,659.5
중앙보훈병원,21,157.6,591.4
중앙보훈병원,22,110.5,647.4
중앙보훈병원,23,34.7,272.8
중화,0,12.4,100.5
중화,1,0.0,1.7
중화,4,4.3,0.0
중화,5,277.1,32.0
중화,6,560.9,152.5
중화,7,1292.5,307.1
중화,8,1646.5,723.9
중화,9,931.2,421.3
중화,10,613.9,320.3
중화,11,560.1,345.0
중화,12,559.5,422.5
중화,13,516.9,430.2
중화,14,458.0,443.5
중화,15,483.4,592.0
중화,16,548.4,697.6
중화,17,566.4,859.3
중화,18,624.2,1340.5
중화,19,357.5,1162.5
중화,20,277.9,710.5
중화,21,225.2,629.0
중화,22,154.1,589.5
중화,23,71.9,327.6
증미,0,6.8,47.5
증미,1,0.0,0.1
증미,5,95.4,15.9
증미,6,289.9,109.0
증미,7,855.2,381.4
증미,8,848.1,1666.3
증미,9,428.0,639.3
증미,10,323.4,245.1
증미,11,311.3,210.6
증미,12,326.2,219.6
증미,13,303.1,235.3
증미,14,276.9,266.8
증미,15,294.9,280.0
증미,16,338.5,325.8
증미,17,707.3,474.0
증미,18,1282.8,736.7
증미,19,350.8,531.9
증미,20,221.3,335.0
증미,21,163.1,275.4
증미,22,86.8,266.9
증미,23,34.6,150.3
증산,0,9.6,92.1
증산,4,1.6,0.1
증산,5,264.4,23.6
증산,6,494.9,107.1
증산,7,1171.6,166.2
증산,8,1448.1,355.1
증산,9,789.9,263.8
증산,10,545.0,223.6
증산,11,465.2,267.4
증산,12,478.2,300.3
증산,13,440.9,354.9
증산,14,366.8,385.2
증산,15,384.2,466.5
증산,16,415.9,596.7
증산,17,418.8,829.3
증산,18,392.5,1302.5
증산,19,232.6,933.7
증산,20,182.6,601.1
증산,21,127.5,605.8
증산,22,100.9,484.2
증산,23,45.6,294.1
지석,0,19.8,19.9
지석,1,24.6,19.0
지석,4,21.5,18.2
지석,5,257.2,169.8
지석,6,806.4,299.9
지석,7,1282.7,450.7
지석,8,973.2,286.5
지석,9,577.3,152.7
지석,10,383.5,149.6
지석,11,374.8,202.5
지석,12,327.4,236.9
지석,13,270.6,262.7
지석,14,224.9,337.3
지석,15,301.4,456.4
지석,16,371.3,583.9
지석,17,476.3,1040.4
지석,18,311.2,1049.0
지석,19,133.9,549.4
지석,20,120.8,464.0
지석,21,105.8,428.2
지석,22,34.6,204.0
지석,23,1.6,20.1
지식정보단지,0,38.5,81.5
지식정보단지,1,0.7,0.0
지식정보단지,3,0.9,0.7
지식정보단지,4,9.5,34.0
지식정보단지,5,260.2,298.5
지식정보단지,6,590.8,590.1
지식정보단지,7,956.7,1132.6
지식정보단지,8,760.9,760.7
지식정보단지,9,433.6,380.7
지식정보단지,10,387.8,366.4
지식정보단지,11,365.0,376.8
지식정보단지,12,405.9,433.6
지식정보단지,13,436.0,420.8
지식정보단지,14,445.4,411.6
지식정보단지,15,530.9,494.7
지식정보단지,16,653.9,636.5
지식정보단지,17,1042.5,925.4
지식정보단지,18,936.5,869.3
지식정보단지,19,389.3,420.2
지식정보단지,20,383.9,365.2
지식정보단지,21,284.9,307.1
지식정보단지,22,183.8,186.7
지식정보단지,23,34.8,39.6
지축,0,18.6,38.0
지축,4,0.6,0.1
지축,5,113.0,19.4
지축,6,387.9,138.3
지축,7,1033.0,216.5
지축,8,1031.1,413.9
지축,9,540.2,291.9
지축,10,371.7,252.3
지축,11,331.3,232.3
지축,12,348.5,262.0
지축,13,333.9,325.3
지축,14,316.0,290.4
지축,15,345.7,366.1
지축,16,365.9,509.5
지축,17,438.4,653.0
지축,18,396.5,1056.3
지축,19,252.8,786.0
지축,20,219.1,526.7
지축,21,184.1,451.0
지축,22,135.3,385.7
지축,23,67.7,210.7
지평,5,0.0,0.0
지평,6,0.9,0.0
지평,7,4.6,4.0
지평,8,0.9,0.0
지평,9,2.2,2.9
지평,10,10.9,9.7
지평,11,0.1,0.0
지평,13,2.5,1.6
지평,14,12.8,11.6
지평,16,8.3,5.8
지평,17,6.1,9.3
지평,18,0.7,0.0
지평,19,3.2,3.5
지평,20,2.5,5.0
지평,21,0.7,4.0
지평,22,0.0,0.2
지행,0,8.3,119.8
지행,1,0.0,0.0
지행,4,2.4,0.0
지행,5,175.5,35.2
지행,6,353.3,99.1
지행,7,704.7,181.6
지행,8,698.9,361.5
지행,9,455.2,211.5
지행,10,402.7,214.9
지행,11,353.6,233.9
지행,12,361.1,249.4
지행,13,331.0,280.5
지행,14,315.3,378.9
지행,15,312.4,410.0
지행,16,317.8,451.8
지행,17,359.3,554.0
지행,18,333.7,659.3
지행,19,225.7,578.6
지행,20,186.7,418.3
지행,21,169.8,343.5
지행,22,105.7,274.5
지행,23,67.5,199.5
진위,0,0.6,1.6
진위,4,2.1,0.0
진위,5,30.8,16.2
진위,6,53.9,86.4
진위,7,97.4,314.9
진위,8,81.9,232.1
진위,9,64.5,77.7
진위,10,56.7,63.7
진위,11,62.3,39.0
진위,12,60.0,32.5
진위,13,57.5,38.7
진위,14,56.7,43.0
진위,15,112.5,49.1
진위,16,123.6,52.0
진위,17,245.4,79.2
진위,18,240.1,88.0
진위,19,107.4,83.6
진위,20,61.7,52.9
진위,21,38.0,45.4
진위,22,21.4,38.9
진위,23,9.3,29.5
창동,0,45.6,251.0
창동,1,0.0,2.7
창동,4,79.1,2.4
창동,5,574.2,88.0
창동,6,1337.0,548.8
창동,7,2883.9,769.1
창동,8,2653.0,1743.5
창동,9,1714.4,1443.2
창동,10,1469.1,1229.5
창동,11,1445.7,1210.8
창동,12,1527.7,1431.4
창동,13,1470.5,1629.6
창동,14,1435.0,1647.9
창동,15,1603.1,1743.6
창동,16,1837.0,1954.7
창동,17,1855.5,2339.6
창동,18,1922.3,3165.8
창동,19,1086.3,2556.7
창동,20,861.5,1584.8
창동,21,764.8,1341.8
창동,22,557.4,1193.2
창동,23,235.3,714.4
창신,0,3.4,33.5
창신,4,0.2,0.0
창신,5,91.2,11.6
창신,6,179.3,67.2
창신,7,533.5,132.9
창신,8,569.7,181.7
창신,9,300.8,124.6
창신,10,183.0,82.9
창신,11,165.6,76.4
창신,12,156.6,102.8
창신,13,143.4,110.4
창신,14,132.3,106.4
창신,15,158.9,134.3
창신,16,168.8,161.8
창신,17,154.0,232.4
창신,18,145.9,334.4
창신,19,89.5,253.2
창신,20,89.6,179.4
창신,21,60.9,161.4
창신,22,36.7,162.4
창신,23,18.3,110.0
천마산,0,0.2,7.3
천마산,4,0.6,0.0
천마산,5,38.7,9.2
천마산,6,134.7,23.7
천마산,7,241.1,54.4
천마산,8,222.8,76.3
천마산,9,149.0,53.4
천마산,10,110.7,40.3
천마산,11,80.8,58.7
천마산,12,76.3,57.7
천마산,13,75.6,71.8
천마산,14,65.4,69.5
천마산,15,59.2,99.5
천마산,16,61.9,99.0
천마산,17,73.9,123.2
천마산,18,69.3,136.7
천마산,19,30.4,194.3
천마산,20,18.0,88.3
천마산,21,16.3,88.2
천마산,22,11.2,61.6
천마산,23,4.3,37.3
천왕,0,9.2,93.1
천왕,1,0.0,3.2
천왕,4,1.5,0.1
천왕,5,277.3,33.0
천왕,6,726.1,165.8
천왕,7,1866.9,327.4
천왕,8,1995.0,613.6
천왕,9,1065.5,364.1
천왕,10,665.0,269.0
천왕,11,566.5,324.3
천왕,12,565.5,402.1
천왕,13,495.6,449.4
천왕,14,451.9,462.6
천왕,15,449.4,599.2
천왕,16,524.1,724.9
천왕,17,531.0,1065.6
천왕,18,502.7,1625.5
천왕,19,251.0,1258.8
천왕,20,185.8,749.0
천왕,21,136.2,650.4
천왕,22,93.1,557.7
천왕,23,39.3,350.3
천호,0,126.4,272.0
천호,4,5.4,0.1
천호,5,631.5,133.1
천호,6,1089.6,758.4
천호,7,2793.9,1457.5
천호,8,3413.9,2666.4
천호,9,2032.7,2411.6
천호,10,1658.9,1953.0
천호,11,1822.6,2104.0
천호,12,2016.6,2167.9
천호,13,2082.4,2412.6
천호,14,2141.4,2275.1
천호,15,2499.2,2489.7
천호,16,2803.5,2694.2
천호,17,3311.4,3430.3
천호,18,3383.9,4667.8
천호,19,2275.1,3138.8
천호,20,1999.3,1870.8
천호,21,1450.9,1696.7
천호,22,1086.8,1357.8
천호,23,553.5,836.7
철산,0,45.0,190.4
철산,4,1.0,0.0
철산,5,405.8,134.1
철산,6,1200.8,365.6
철산,7,3097.3,609.3
철산,8,2998.8,1228.5
철산,9,1635.0,929.6
철산,10,1105.2,717.5
철산,11,1041.4,726.1
철산,12,1021.9,770.5
철산,13,945.3,872.6
철산,14,887.8,879.3
철산,15,959.4,1047.4
철산,16,1033.1,1346.1
철산,17,1158.7,2111.0
철산,18,1227.2,3287.1
철산,19,721.3,2474.2
철산,20,622.5,1358.9
철산,21,604.7,1179.5
철산,22,487.5,1047.4
철산,23,221.5,633.6
청계산입구,0,249.2,76.3
청계산입구,1,4.1,19.6
청계산입구,2,3.3,14.3
청계산입구,3,4.5,18.3
청계산입구,4,34.1,190.0
청계산입구,5,138.7,1132.0
청계산입구,6,487.5,3539.1
청계산입구,7,1112.0,5464.7
청계산입구,8,1238.4,3072.4
청계산입구,9,852.2,1330.7
청계산입구,10,835.9,872.0
청계산입구,11,715.3,939.3
청계산입구,12,920.2,816.1
청계산입구,13,1012.6,669.0
청계산입구,14,1068.4,738.7
청계산입구,15,1403.9,957.3
청계산입구,16,2477.5,932.7
청계산입구,17,4728.7,1221.6
청계산입구,18,4031.2,1259.1
청계산입구,19,1568.8,733.1
청계산입구,20,1114.0,540.2
청계산입구,21,824.7,407.7
청계산입구,22,465.7,308.0
청계산입구,23,74.7,113.3
청구,0,22.6,48.4
청구,4,0.7,0.0
청구,5,96.4,25.1
청구,6,183.4,156.6
청구,7,423.6,358.9
청구,8,601.7,1148.2
청구,9,374.2,608.2
청구,10,314.6,292.1
청구,11,308.4,267.6
청구,12,310.5,291.4
청구,13,328.5,300.6
청구,14,324.9,308.0
청구,15,359.1,324.1
청구,16,482.1,358.9
청구,17,559.5,437.3
청구,18,930.1,585.0
청구,19,508.2,375.6
청구,20,320.1,265.0
청구,21,271.4,249.2
청구,22,210.0,232.9
청구,23,109.0,152.6
청담,0,23.9,83.3
청담,1,0.0,0.0
청담,4,0.3,0.0
청담,5,87.1,123.5
청담,6,249.7,1007.5
청담,7,410.4,2037.3
청담,8,552.3,4490.9
청담,9,477.6,2991.3
청담,10,441.0,1151.0
청담,11,537.1,728.5
청담,12,644.2,744.7
청담,13,659.9,741.5
청담,14,818.0,660.5
청담,15,1073.3,606.0
청담,16,1387.7,627.4
청담,17,2366.6,675.4
청담,18,3412.8,693.5
청담,19,1611.3,492.9
청담,20,928.7,373.2
청담,21,855.9,326.2
청담,22,640.3,241.8
청담,23,174.3,127.4
청라국제도시,0,6.8,111.1
청라국제도시,1,0.0,0.0
청라국제도시,4,4.8,0.0
청라국제도시,5,268.7,12.5
청라국제도시,6,641.7,273.9
청라국제도시,7,1160.9,300.8
청라국제도시,8,782.3,676.8
청라국제도시,9,451.6,177.6
청라국제도시,10,377.3,122.9
청라국제도시,11,402.4,128.3
청라국제도시,12,382.4,162.0
청라국제도시,13,315.2,187.1
청라국제도시,14,292.3,243.6
청라국제도시,15,309.6,284.3
청라국제도시,16,427.5,381.0
청라국제도시,17,621.3,517.2
청라국제도시,18,661.1,951.4
청라국제도시,19,211.0,862.5
청라국제도시,20,141.5,572.8
청라국제도시,21,110.1,518.5
청라국제도시,22,81.1,510.9
청라국제도시,23,38.6,359.1
청량리,0,21.3,246.3
청량리,1,0.0,0.1
청량리,4,97.9,3.2
청량리,5,539.9,190.6
청량리,6,941.6,914.6
청량리,7,2730.2,1118.8
청량리,8,3389.7,2146.6
청량리,9,2295.7,2376.0
청량리,10,2265.1,2466.2
청량리,11,2227.5,2824.6
청량리,12,2974.2,2922.3
청량리,13,2657.7,2733.5
청량리,14,2720.3,2830.4
청량리,15,2771.2,2714.6
청량리,16,3070.9,2927.5
청량리,17,3185.3,3133.2
청량리,18,2698.3,3962.2
청량리,19,1855.5,2539.6
청량리,20,1855.9,1484.7
청량리,21,1140.4,1500.6
청량리,22,706.2,1141.8
청량리,23,361.8,662.1
청명,0,0.3,10.8
청명,4,1.5,0.0
청명,5,104.6,28.4
청명,6,304.8,91.4
청명,7,685.2,181.8
청명,8,659.8,303.6
청명,9,339.5,138.5
청명,10,225.5,128.4
청명,11,204.8,120.9
청명,12,194.5,145.7
청명,13,196.4,159.0
청명,14,167.1,171.2
청명,15,197.7,215.5
청명,16,222.6,257.3
청명,17,268.5,375.2
청명,18,322.5,582.9
청명,19,138.1,427.1
청명,20,92.3,294.5
청명,21,73.3,263.2
청명,22,66.8,242.4
청명,23,20.6,143.4
청산,0,0.0,1.9
청산,5,2.8,0.1
청산,6,5.7,8.5
청산,7,17.2,4.9
청산,8,16.6,11.3
청산,9,9.0,11.4
청산,10,9.6,8.8
청산,11,8.7,8.5
청산,12,9.6,8.9
청산,13,9.0,8.5
청산,14,11.2,6.8
청산,15,8.8,7.3
청산,16,11.5,9.8
청산,17,12.5,8.8
청산,18,9.5,10.0
청산,19,5.4,11.8
청산,20,3.2,4.7
청산,21,0.6,2.8
청산,22,0.4,3.6
청산,23,0.3,3.9
청평,0,0.1,8.7
청평,4,0.3,0.0
청평,5,29.9,7.4
청평,6,93.7,31.7
청평,7,135.7,75.1
청평,8,174.2,128.1
청평,9,137.7,136.9
청평,10,139.7,130.4
청평,11,187.7,87.5
청평,12,134.0,118.3
청평,13,118.5,120.6
청평,14,114.5,121.5
청평,15,120.6,120.7
청평,16,125.4,140.4
청평,17,135.6,126.6
청평,18,99.5,170.2
청평,19,51.9,113.3
청평,20,47.8,76.9
청평,21,31.5,61.4
청평,22,14.5,49.5
청평,23,3.9,40.0
초월,0,0.6,1.9
초월,5,77.7,6.2
초월,6,285.8,65.6
초월,7,621.5,142.2
초월,8,604.2,174.6
초월,9,326.7,72.7
초월,10,202.4,72.2
초월,11,172.5,71.5
초월,12,163.4,94.4
초월,13,146.4,100.3
초월,14,132.0,121.7
초월,15,124.4,143.3
초월,16,150.4,206.4
초월,17,189.6,272.9
초월,18,156.2,493.7
초월,19,82.2,391.2
초월,20,57.9,294.4
초월,21,42.6,242.5
초월,22,23.6,212.6
초월,23,8.5,151.7
초지,0,1.5,68.7
초지,4,13.0,0.1
초지,5,151.5,9.5
초지,6,395.7,164.0
초지,7,689.5,326.9
초지,8,485.9,329.1
초지,9,291.3,142.3
초지,10,218.1,106.3
초지,11,199.9,103.7
초지,12,247.8,125.1
초지,13,192.8,132.6
초지,14,164.1,150.6
초지,15,183.7,176.8
초지,16,209.6,214.0
초지,17,272.4,327.0
초지,18,317.7,523.2
초지,19,150.8,464.5
초지,20,118.5,296.8
초지,21,93.3,274.5
초지,22,50.2,221.5
초지,23,21.4,172.7
총신대입구,0,36.1,92.0
총신대입구,1,0.1,19.9
총신대입구,4,2.5,0.0
총신대입구,5,220.8,40.2
총신대입구,6,602.6,367.0
총신대입구,7,1630.1,675.8
총신대입구,8,1973.3,1383.1
총신대입구,9,1226.3,1106.9
총신대입구,10,966.7,865.4
총신대입구,11,928.3,861.7
총신대입구,12,1018.6,936.0
총신대입구,13,1025.6,1016.1
총신대입구,14,954.5,1074.4
총신대입구,15,1038.1,1246.2
총신대입구,16,1114.7,1440.6
총신대입구,17,1311.0,1867.9
총신대입구,18,1444.5,2574.3
총신대입구,19,877.1,1543.0
총신대입구,20,825.4,965.9
총신대입구,21,667.4,852.4
총신대입구,22,537.1,734.5
총신대입구,23,249.4,411.4
춘의,0,61.6,125.9
춘의,1,4.3,2.0
춘의,2,0.8,1.5
춘의,3,5.8,4.4
춘의,4,162.3,34.6
춘의,5,885.8,319.6
춘의,6,1998.4,744.4
춘의,7,3881.7,1771.6
춘의,8,2831.9,1615.5
춘의,9,1411.4,989.0
춘의,10,1044.3,868.3
춘의,11,1070.9,913.5
춘의,12,1038.1,951.9
춘의,13,986.2,1029.9
춘의,14,955.3,1081.9
춘의,15,1044.5,1368.1
춘의,16,1261.2,1824.7
춘의,17,1652.8,3071.4
춘의,18,1660.6,3216.5
춘의,19,846.4,1593.3
춘의,20,734.8,1259.2
춘의,21,586.9,1071.2
춘의,22,266.2,548.8
춘의,23,62.3,47.2
충무로,0,127.7,144.4
충무로,1,0.3,5.5
충무로,4,2.9,0.1
충무로,5,107.7,107.6
충무로,6,200.6,831.1
충무로,7,408.0,2161.7
충무로,8,711.7,6150.8
충무로,9,1000.3,3402.7
충무로,10,1177.4,1687.3
충무로,11,1341.2,1490.2
충무로,12,1245.4,1441.0
충무로,13,1391.4,1495.2
충무로,14,1439.8,1288.2
충무로,15,1615.3,1232.4
충무로,16,2020.9,1384.6
충무로,17,3577.1,1613.1
충무로,18,5406.5,1844.1
충무로,19,2251.1,1178.0
충무로,20,1830.1,915.3
충무로,21,1717.2,930.4
충무로,22,1365.3,880.4
충무로,23,691.5,532.2
충정로,0,23.5,86.2
충정로,1,0.0,5.7
충정로,4,0.7,0.1
충정로,5,144.5,44.3
충정로,6,320.9,396.1
충정로,7,769.4,1513.8
충정로,8,1119.1,3355.0
충정로,9,711.0,1398.5
충정로,10,556.9,570.5
충정로,11,605.2,490.1
충정로,12,636.7,521.4
충정로,13,613.7,617.5
충정로,14,640.0,532.2
충정로,15,709.6,560.4
충정로,16,870.9,624.6
충정로,17,1951.9,818.9
충정로,18,2527.8,1112.4
충정로,19,768.9,712.7
충정로,20,532.9,526.6
충정로,21,456.1,528.4
충정로,22,296.5,468.5
충정로,23,129.0,285.7
캠퍼스타운,0,45.0,91.7
캠퍼스타운,1,0.8,0.0
캠퍼스타운,3,0.9,1.5
캠퍼스타운,4,12.7,40.7
캠퍼스타운,5,299.2,339.5
캠퍼스타운,6,667.2,665.6
캠퍼스타운,7,1080.0,1268.6
캠퍼스타운,8,856.9,852.0
캠퍼스타운,9,492.8,429.8
캠퍼스타운,10,439.0,412.5
캠퍼스타운,11,415.0,423.3
캠퍼스타운,12,456.2,494.6
캠퍼스타운,13,493.2,476.1
캠퍼스타운,14,503.0,465.0
캠퍼스타운,15,598.5,560.0
캠퍼스타운,16,737.0,718.9
캠퍼스타운,17,1171.4,1042.7
캠퍼스타운,18,1052.4,979.4
캠퍼스타운,19,437.7,477.3
캠퍼스타운,20,431.6,412.6
캠퍼스타운,21,321.3,349.7
캠퍼스타운,22,205.8,210.5
캠퍼스타운,23,39.4,44.9
탄현,0,3.6,70.1
탄현,4,1.2,0.0
탄현,5,214.9,16.6
탄현,6,650.3,110.4
탄현,7,1168.6,186.0
탄현,8,833.2,305.9
탄현,9,531.6,192.2
탄현,10,400.3,166.3
탄현,11,394.8,171.9
탄현,12,375.7,222.6
탄현,13,345.7,234.1
탄현,14,311.3,319.2
탄현,15,330.7,327.8
탄현,16,357.0,446.4
탄현,17,362.9,593.1
탄현,18,355.6,1013.2
탄현,19,190.6,902.1
탄현,20,157.7,527.1
탄현,21,127.2,460.5
탄현,22,110.2,386.8
탄현,23,34.8,271.3
태릉입구,0,32.1,211.3
태릉입구,1,0.0,38.3
태릉입구,2,0.0,0.0
태릉입구,4,8.3,0.0
태릉입구,5,414.3,61.2
태릉입구,6,541.1,252.8
태릉입구,7,1287.0,405.9
태릉입구,8,1564.2,855.1
태릉입구,9,928.6,575.3
태릉입구,10,728.6,491.0
태릉입구,11,681.0,532.5
태릉입구,12,725.7,571.2
태릉입구,13,724.9,638.1
태릉입구,14,697.5,626.9
태릉입구,15,793.8,710.0
태릉입구,16,799.3,874.5
태릉입구,17,889.2,1090.1
태릉입구,18,925.8,1594.6
태릉입구,19,587.4,1271.5
태릉입구,20,450.3,795.3
태릉입구,21,399.8,740.5
태릉입구,22,310.2,691.7
태릉입구,23,161.0,480.1
태평,0,3.1,35.9
태평,4,12.6,0.3
태평,5,512.6,52.7
태평,6,672.3,164.3
태평,7,1407.2,295.3
태평,8,1866.6,607.9
태평,9,1344.4,395.3
태평,10,790.2,386.8
태평,11,654.4,449.4
태평,12,647.8,491.6
태평,13,626.1,507.3
태평,14,592.2,587.8
태평,15,577.0,799.9
태평,16,634.7,896.7
태평,17,668.2,1106.8
태평,18,609.9,1415.1
태평,19,346.4,1042.1
태평,20,261.2,780.7
태평,21,203.9,902.0
태평,22,131.2,728.4
태평,23,61.7,394.8
테크노파크,0,45.2,92.0
테크노파크,1,0.8,0.0
테크노파크,3,0.9,1.5
테크노파크,4,12.7,41.5
테크노파크,5,300.5,341.0
테크노파크,6,670.2,668.6
테크노파크,7,1087.1,1274.0
테크노파크,8,860.7,855.8
테크노파크,9,494.9,431.7
테크노파크,10,441.6,414.3
테크노파크,11,416.6,425.2
테크노파크,12,458.1,496.8
테크노파크,13,495.3,478.1
테크노파크,14,505.7,467.0
테크노파크,15,601.1,562.6
테크노파크,16,740.8,722.7
테크노파크,17,1176.3,1048.8
테크노파크,18,1056.9,983.7
테크노파크,19,439.6,479.4
테크노파크,20,433.4,414.4
테크노파크,21,322.8,351.9
테크노파크,22,206.7,211.4
테크노파크,23,39.6,45.2
퇴계원,0,0.7,24.0
퇴계원,4,1.0,0.0
퇴계원,5,109.9,19.8
퇴계원,6,198.9,57.4
퇴계원,7,530.1,113.3
퇴계원,8,409.0,155.7
퇴계원,9,289.8,92.5
퇴계원,10,208.5,116.8
퇴계원,11,169.5,99.0
퇴계원,12,201.4,90.6
퇴계원,13,159.1,124.2
퇴계원,14,119.9,122.2
퇴계원,15,118.6,176.7
퇴계원,16,133.9,179.4
퇴계원,17,147.8,287.2
퇴계원,18,180.2,404.3
퇴계원,19,75.5,330.5
퇴계원,20,57.5,174.9
퇴계원,21,40.2,136.7
퇴계원,22,27.3,136.5
퇴계원,23,16.1,75.8
파주,0,0.1,12.9
파주,4,3.9,0.0
파주,5,25.7,0.3
파주,6,45.5,44.7
파주,7,99.9,93.6
파주,8,88.3,150.6
파주,9,64.0,34.6
파주,10,72.6,35.2
파주,11,62.2,35.8
파주,12,54.8,30.7
파주,13,49.8,33.5
파주,14,55.4,30.9
파주,15,56.3,48.8
파주,16,81.3,44.0
파주,17,132.1,54.1
파주,18,135.6,57.4
파주,19,43.0,65.3
파주,20,32.1,49.5
파주,21,23.7,40.6
파주,22,7.4,36.9
파주,23,1.0,25.0
판교,0,0.1,8.1
판교,1,0.0,0.0
판교,4,0.5,0.2
판교,5,26.9,1.1
판교,6,93.2,316.7
판교,7,206.6,693.5
판교,8,118.5,1228.4
판교,9,79.0,887.6
판교,10,93.3,429.5
판교,11,173.1,349.3
판교,12,187.1,265.9
판교,13,189.8,193.6
판교,14,248.0,199.1
판교,15,364.3,185.1
판교,16,516.0,238.6
판교,17,748.3,236.1
판교,18,900.1,220.8
판교,19,647.2,126.8
판교,20,648.8,101.4
판교,21,373.2,71.2
판교,22,239.9,40.2
판교,23,72.8,26.2
팔당,0,0.0,0.1
팔당,5,6.8,4.2
팔당,6,14.8,24.2
팔당,7,36.8,60.1
팔당,8,40.2,97.2
팔당,9,34.7,79.7
팔당,10,34.6,81.9
팔당,11,30.6,65.5
팔당,12,32.0,64.8
팔당,13,45.2,58.8
팔당,14,45.2,39.4
팔당,15,57.0,53.1
팔당,16,75.4,38.9
팔당,17,80.5,52.7
팔당,18,73.9,41.0
팔당,19,60.9,35.9
팔당,20,62.3,15.7
팔당,21,44.5,18.4
팔당,22,29.8,10.4
팔당,23,6.9,4.7
평내호평,0,1.4,69.3
평내호평,4,21.8,0.1
평내호평,5,208.2,32.3
평내호평,6,478.5,78.3
평내호평,7,882.2,161.3
평내호평,8,741.4,355.1
평내호평,9,393.2,258.6
평내호평,10,325.5,178.2
평내호평,11,313.5,210.6
평내호평,12,294.7,270.2
평내호평,13,286.7,239.9
평내호평,14,246.2,293.7
평내호평,15,263.1,288.6
평내호평,16,269.5,330.6
평내호평,17,307.2,572.4
평내호평,18,314.0,818.3
평내호평,19,185.6,652.0
평내호평,20,148.1,304.6
평내호평,21,138.8,312.6
평내호평,22,130.0,238.2
평내호평,23,53.7,165.8
평촌,0,18.2,107.0
평촌,4,0.6,0.1
평촌,5,166.8,94.0
평촌,6,862.1,371.7
평촌,7,2116.6,1227.8
평촌,8,1667.2,2788.7
평촌,9,868.0,992.3
평촌,10,695.4,545.3
평촌,11,656.7,454.2
평촌,12,674.5,486.3
평촌,13,628.0,628.6
평촌,14,640.2,527.4
평촌,15,776.8,607.8
평촌,16,883.6,789.8
평촌,17,1581.4,1105.6
평촌,18,1995.9,1709.3
평촌,19,764.3,1429.9
평촌,20,571.3,772.3
평촌,21,542.7,655.5
평촌,22,368.6,585.4
평촌,23,146.0,305.3
평택,0,2.9,73.4
평택,4,7.9,0.1
평택,5,304.0,119.0
평택,6,478.2,351.6
평택,7,798.7,565.1
평택,8,821.4,767.2
평택,9,763.5,678.8
평택,10,744.5,572.4
평택,11,702.0,696.3
평택,12,678.5,704.3
평택,13,728.5,717.2
평택,14,717.6,715.5
평택,15,773.2,805.8
평택,16,900.6,997.4
평택,17,990.8,1079.6
평택,18,904.2,1207.3
평택,19,713.1,751.0
평택,20,722.9,730.7
평택,21,501.5,525.6
평택,22,432.7,416.5
평택,23,229.6,246.5
평택지제,0,1.5,10.1
평택지제,4,1.7,0.0
평택지제,5,114.7,289.3
평택지제,6,203.2,455.2
평택지제,7,385.3,417.0
평택지제,8,325.9,249.5
평택지제,9,228.8,184.1
평택지제,10,198.9,139.7
평택지제,11,217.7,146.9
평택지제,12,217.4,159.4
평택지제,13,163.6,130.9
평택지제,14,222.4,172.4
평택지제,15,261.7,203.7
평택지제,16,295.0,263.0
평택지제,17,589.4,306.4
평택지제,18,359.3,353.7
평택지제,19,377.2,323.9
평택지제,20,211.8,232.8
평택지제,21,189.3,196.6
평택지제,22,183.7,185.1
평택지제,23,98.7,123.9
풍산,0,3.3,30.9
풍산,4,16.4,0.0
풍산,5,169.0,12.5
풍산,6,403.5,86.4
풍산,7,866.0,165.8
풍산,8,707.9,269.1
풍산,9,456.2,221.5
풍산,10,351.5,191.8
풍산,11,335.2,266.9
풍산,12,332.3,251.2
풍산,13,317.8,259.1
풍산,14,322.3,243.1
풍산,15,320.5,305.6
풍산,16,329.1,343.3
풍산,17,351.2,534.2
풍산,18,297.4,723.0
풍산,19,175.2,582.0
풍산,20,167.4,453.7
풍산,21,160.2,370.8
풍산,22,98.9,320.9
풍산,23,35.3,254.5
하계,0,15.7,144.5
하계,4,1.6,0.0
하계,5,299.9,55.5
하계,6,905.9,235.7
하계,7,2215.2,570.2
하계,8,2210.8,884.9
하계,9,1237.6,698.5
하계,10,938.2,533.3
하계,11,913.3,558.2
하계,12,928.3,723.4
하계,13,841.6,841.4
하계,14,833.5,765.6
하계,15,979.8,858.3
하계,16,1057.8,984.6
하계,17,1017.2,1241.0
하계,18,806.8,1945.9
하계,19,476.5,1698.6
하계,20,426.3,993.7
하계,21,355.6,832.7
하계,22,238.1,796.4
하계,23,82.7,519.2
하남검단산,0,4.1,82.8
하남검단산,1,0.0,0.0
하남검단산,4,0.5,0.1
하남검단산,5,150.8,0.9
하남검단산,6,365.2,114.7
하남검단산,7,847.0,166.2
하남검단산,8,715.9,336.3
하남검단산,9,459.9,301.0
하남검단산,10,379.8,306.9
하남검단산,11,320.8,311.3
하남검단산,12,352.2,374.0
하남검단산,13,364.2,323.4
하남검단산,14,337.1,357.9
하남검단산,15,358.2,444.2
하남검단산,16,382.6,382.8
하남검단산,17,416.5,516.4
하남검단산,18,386.6,614.1
하남검단산,19,255.6,564.5
하남검단산,20,240.5,353.5
하남검단산,21,203.5,328.4
하남검단산,22,153.5,284.0
하남검단산,23,41.4,179.6
하남시청,0,11.6,110.5
하남시청,4,0.4,0.0
하남시청,5,226.4,6.6
하남시청,6,489.3,123.7
하남시청,7,1027.0,228.4
하남시청,8,955.1,526.7
하남시청,9,668.1,298.8
하남시청,10,506.7,355.9
하남시청,11,473.5,313.1
하남시청,12,497.7,313.8
하남시청,13,447.1,425.0
하남시청,14,418.6,359.8
하남시청,15,442.6,546.8
하남시청,16,497.9,559.5
하남시청,17,493.5,584.7
하남시청,18,491.9,886.8
하남시청,19,279.5,798.1
하남시청,20,215.7,448.4
하남시청,21,179.3,459.5
하남시청,22,104.8,415.6
하남시청,23,41.1,230.7
하남풍산,0,4.0,37.3
하남풍산,4,0.2,0.0
하남풍산,5,69.1,12.9
하남풍산,6,194.8,93.1
하남풍산,7,346.5,268.4
하남풍산,8,392.5,613.5
하남풍산,9,260.2,347.5
하남풍산,10,235.8,236.8
하남풍산,11,250.3,210.2
하남풍산,12,251.5,175.0
하남풍산,13,268.9,219.8
하남풍산,14,245.7,206.2
하남풍산,15,270.6,220.4
하남풍산,16,313.2,262.4
하남풍산,17,426.6,253.3
하남풍산,18,478.1,382.1
하남풍산,19,183.5,345.0
하남풍산,20,140.9,191.9
하남풍산,21,133.3,176.3
하남풍산,22,90.0,175.5
하남풍산,23,23.1,101.9
학동,0,46.7,40.4
학동,4,0.6,0.0
학동,5,67.8,50.3
학동,6,153.0,814.3
학동,7,272.6,1924.3
학동,8,420.5,5784.6
학동,9,412.3,4243.0
학동,10,383.3,1631.1
학동,11,498.0,907.4
학동,12,624.9,788.5
학동,13,717.8,869.6
학동,14,881.6,686.2
학동,15,1135.1,603.9
학동,16,1506.1,575.9
학동,17,2923.4,635.6
학동,18,5151.3,644.9
학동,19,2389.7,415.4
학동,20,1245.0,288.7
학동,21,1019.2,266.8
학동,22,770.3,185.0
학동,23,287.0,110.1
학여울,0,2.5,11.8
학여울,4,0.1,0.0
학여울,5,23.1,6.7
학여울,6,77.4,73.2
학여울,7,149.9,119.7
학여울,8,156.8,249.5
학여울,9,113.9,191.1
학여울,10,92.3,130.0
학여울,11,98.4,85.1
학여울,12,111.5,115.5
학여울,13,111.6,134.9
학여울,14,112.3,128.5
학여울,15,126.6,112.6
학여울,16,195.2,125.4
학여울,17,244.9,147.2
학여울,18,252.6,158.2
학여울,19,90.5,121.7
학여울,20,67.9,84.3
학여울,21,53.7,73.2
학여울,22,59.4,66.5
학여울,23,11.0,35.4
한강진,0,15.4,62.7
한강진,1,0.0,5.7
한강진,4,0.4,0.0
한강진,5,27.5,36.4
한강진,6,50.8,373.8
한강진,7,131.7,785.5
한강진,8,186.5,1405.0
한강진,9,144.7,1017.3
한강진,10,128.7,810.3
한강진,11,175.5,750.8
한강진,12,241.4,718.7
한강진,13,301.9,864.1
한강진,14,414.8,655.5
한강진,15,597.2,716.1
한강진,16,838.0,741.2
한강진,17,1308.9,788.6
한강진,18,1417.2,856.4
한강진,19,944.8,420.2
한강진,20,851.8,167.5
한강진,21,580.2,131.3
한강진,22,827.9,110.1
한강진,23,159.6,79.2
한국항공대,0,2.1,14.4
한국항공대,4,0.1,0.0
한국항공대,5,28.7,18.2
한국항공대,6,55.7,49.8
한국항공대,7,135.0,83.9
한국항공대,8,131.6,231.7
한국항공대,9,97.2,179.5
한국항공대,10,75.2,108.8
한국항공대,11,81.4,80.1
한국항공대,12,90.0,101.6
한국항공대,13,86.3,84.4
한국항공대,14,115.0,70.6
한국항공대,15,126.3,78.1
한국항공대,16,159.5,80.8
한국항공대,17,204.0,91.5
한국항공대,18,157.7,125.0
한국항공대,19,78.9,81.5
한국항공대,20,60.4,66.8
한국항공대,21,52.3,59.7
한국항공대,22,42.6,57.4
한국항공대,23,25.5,51.6
한남,0,3.5,9.9
한남,4,5.4,0.1
한남,5,28.7,27.2
한남,6,51.6,169.4
한남,7,91.0,359.7
한남,8,89.2,481.0
한남,9,97.1,397.1
한남,10,119.2,208.5
한남,11,130.4,147.1
한남,12,134.2,144.2
한남,13,125.3,164.6
한남,14,173.7,136.5
한남,15,222.7,134.7
한남,16,269.6,147.5
한남,17,457.9,172.9
한남,18,411.7,191.3
한남,19,238.9,124.5
한남,20,179.6,74.9
한남,21,181.9,74.0
한남,22,148.1,41.5
한남,23,52.9,26.5
한대앞,0,6.9,89.0
한대앞,4,8.2,0.1
한대앞,5,310.0,43.5
한대앞,6,595.5,159.2
한대앞,7,1039.5,281.1
한대앞,8,841.0,572.5
한대앞,9,607.3,421.6
한대앞,10,453.5,309.9
한대앞,11,445.5,300.9
한대앞,12,452.6,334.2
한대앞,13,444.6,356.3
한대앞,14,423.4,374.9
한대앞,15,418.3,416.5
한대앞,16,475.6,552.8
한대앞,17,552.3,737.5
한대앞,18,534.9,1041.7
한대앞,19,311.9,809.6
한대앞,20,251.2,566.2
한대앞,21,231.5,508.0
한대앞,22,161.1,429.5
한대앞,23,57.5,296.6
한성대입구,0,21.8,183.3
한성대입구,1,0.0,55.9
한성대입구,4,1.8,0.0
한성대입구,5,213.9,61.2
한성대입구,6,452.8,390.5
한성대입구,7,991.9,562.6
한성대입구,8,1305.4,978.8
한성대입구,9,916.0,843.0
한성대입구,10,705.2,577.3
한성대입구,11,684.7,560.1
한성대입구,12,763.4,601.9
한성대입구,13,796.4,618.4
한성대입구,14,726.8,635.2
한성대입구,15,818.3,695.6
한성대입구,16,1052.4,802.8
한성대입구,17,1098.1,972.0
한성대입구,18,951.9,1213.2
한성대입구,19,562.3,959.8
한성대입구,20,503.3,666.9
한성대입구,21,457.6,639.3
한성대입구,22,310.3,590.0
한성대입구,23,138.8,376.5
한성백제,0,6.5,30.9
한성백제,1,0.0,0.0
한성백제,4,0.0,0.0
한성백제,5,49.5,11.8
한성백제,6,149.7,45.2
한성백제,7,334.0,102.4
한성백제,8,450.5,317.8
한성백제,9,248.3,187.6
한성백제,10,161.3,121.3
한성백제,11,143.1,113.9
한성백제,12,159.1,119.8
한성백제,13,162.4,141.2
한성백제,14,158.7,128.5
한성백제,15,168.9,141.3
한성백제,16,192.6,176.5
한성백제,17,239.6,239.5
한성백제,18,320.0,367.1
한성백제,19,143.7,297.3
한성백제,20,126.3,172.8
한성백제,21,115.5,176.8
한성백제,22,84.8,139.0
한성백제,23,27.3,87.6
한양대,0,37.5,47.1
한양대,1,0.0,0.2
한양대,4,0.2,0.1
한양대,5,36.6,24.9
한양대,6,98.0,265.5
한양대,7,206.2,451.7
한양대,8,329.2,1433.9
한양대,9,243.4,1721.8
한양대,10,259.7,688.5
한양대,11,421.6,430.3
한양대,12,420.8,628.0
한양대,13,570.3,654.2
한양대,14,482.9,454.5
한양대,15,625.3,359.9
한양대,16,857.8,354.1
한양대,17,1375.3,377.3
한양대,18,1232.8,428.5
한양대,19,547.1,299.6
한양대,20,385.4,224.1
한양대,21,344.1,218.4
한양대,22,290.8,224.2
한양대,23,163.2,155.4
한티,0,7.3,13.8
한티,4,0.6,0.0
한티,5,83.6,65.4
한티,6,316.5,404.7
한티,7,781.5,1156.8
한티,8,884.2,1778.7
한티,9,609.1,1527.2
한티,10,516.6,977.2
한티,11,553.5,755.4
한티,12,747.7,975.6
한티,13,848.0,1154.0
한티,14,783.6,835.7
한티,15,926.7,838.2
한티,16,1119.3,988.4
한티,17,1744.4,1397.5
한티,18,1585.1,1282.4
한티,19,1020.8,855.7
한티,20,1030.2,539.5
한티,21,931.2,484.5
한티,22,1370.9,397.5
한티,23,160.1,191.1
합정,0,284.2,385.0
합정,1,0.1,4.1
합정,4,3.2,0.2
합정,5,486.0,152.5
합정,6,764.6,678.9
합정,7,1766.7,1642.5
합정,8,2371.7,4455.2
합정,9,1606.1,3783.7
합정,10,1307.4,2418.0
합정,11,1465.4,2305.5
합정,12,1802.6,2394.5
합정,13,1990.6,2686.9
합정,14,2126.2,2393.7
합정,15,2343.3,2524.3
합정,16,2763.6,3020.6
합정,17,3705.9,3799.7
합정,18,5221.5,5077.2
합정,19,3488.9,3366.4
합정,20,3058.9,1982.1
합정,21,3392.3,1656.0
합정,22,3079.5,1452.1
합정,23,1627.0,1035.8
행당,0,8.9,54.4
행당,4,0.4,0.0
행당,5,132.6,22.4
행당,6,406.5,91.7
행당,7,1072.4,160.2
행당,8,1354.1,320.3
행당,9,682.0,226.5
행당,10,463.6,179.8
행당,11,404.6,216.7
행당,12,404.3,261.0
행당,13,366.7,284.6
행당,14,313.1,336.5
행당,15,333.3,400.3
행당,16,331.8,489.2
행당,17,352.7,652.3
행당,18,326.3,1032.8
행당,19,211.5,671.0
행당,20,162.7,441.6
행당,21,139.4,415.1
행당,22,95.7,349.6
행당,23,35.8,193.5
행신,0,2.9,73.3
행신,4,0.2,0.0
행신,5,146.6,46.7
행신,6,475.7,142.3
행신,7,1178.4,193.7
행신,8,966.4,344.7
행신,9,492.9,210.4
행신,10,360.7,194.4
행신,11,341.0,224.3
행신,12,329.5,249.7
행신,13,294.1,276.9
행신,14,264.8,259.8
행신,15,262.5,336.9
행신,16,359.5,464.7
행신,17,369.6,612.5
행신,18,333.5,1179.2
행신,19,196.1,849.1
행신,20,211.8,464.8
행신,21,195.6,429.5
행신,22,158.7,340.6
행신,23,82.1,206.2
혜화,0,127.6,121.1
혜화,1,0.1,15.0
혜화,4,1.1,0.1
혜화,5,112.3,89.2
혜화,6,262.6,869.1
혜화,7,612.1,1820.1
혜화,8,790.5,3905.7
혜화,9,915.4,3084.4
혜화,10,1181.0,2242.1
혜화,11,1424.7,2144.7
혜화,12,1547.2,2662.4
혜화,13,1551.5,3318.6
혜화,14,1954.0,2758.8
혜화,15,2608.1,2176.5
혜화,16,3290.4,2171.6
혜화,17,3948.1,2565.0
혜화,18,3939.3,2857.4
혜화,19,2376.3,2095.4
혜화,20,2581.5,765.5
혜화,21,3672.1,740.0
혜화,22,3134.3,637.6
혜화,23,975.9,404.6
호구포,0,0.0,12.0
호구포,4,0.6,0.0
호구포,5,66.2,41.5
호구포,6,120.3,265.0
호구포,7,267.2,684.3
호구포,8,267.1,739.0
호구포,9,167.0,156.4
호구포,10,142.1,108.0
호구포,11,146.2,121.1
호구포,12,163.6,122.4
호구포,13,155.7,131.0
호구포,14,155.9,121.8
호구포,15,162.5,130.5
호구포,16,220.2,172.3
호구포,17,593.7,216.7
호구포,18,553.1,261.6
호구포,19,191.1,197.9
호구포,20,196.1,148.9
호구포,21,137.3,137.3
호구포,22,72.4,106.9
호구포,23,38.9,75.4
홍대입구,0,478.0,720.1
홍대입구,1,0.4,65.7
홍대입구,4,33.4,1.9
홍대입구,5,977.3,136.7
홍대입구,6,1255.2,779.1
홍대입구,7,2485.6,1805.0
홍대입구,8,3251.4,4763.7
홍대입구,9,2611.3,5845.8
홍대입구,10,2599.5,5181.8
홍대입구,11,3015.9,6145.2
홍대입구,12,3523.4,7232.3
홍대입구,13,4126.4,7639.4
홍대입구,14,4694.0,7188.8
홍대입구,15,5655.4,6974.7
홍대입구,16,6932.8,7310.6
홍대입구,17,8006.8,8123.5
홍대입구,18,9013.2,9294.2
홍대입구,19,7650.9,6758.2
홍대입구,20,7878.3,4471.4
홍대입구,21,8444.5,3757.0
홍대입구,22,7951.5,3022.5
홍대입구,23,3700.4,2073.8
홍제,0,13.4,119.1
홍제,4,2.5,0.5
홍제,5,348.5,41.2
홍제,6,861.9,208.2
홍제,7,2196.5,366.5
홍제,8,2400.3,796.2
홍제,9,1517.0,679.6
홍제,10,1096.6,574.5
홍제,11,985.5,594.8
홍제,12,1044.0,646.3
홍제,13,932.3,733.7
홍제,14,854.5,803.2
홍제,15,855.8,990.6
홍제,16,910.6,1170.0
홍제,17,944.2,1499.0
홍제,18,886.9,2178.0
홍제,19,535.2,1686.9
홍제,20,437.0,1081.0
홍제,21,316.1,942.0
홍제,22,207.8,797.8
홍제,23,82.7,472.5
화계,0,4.4,26.8
화계,4,0.2,0.1
화계,5,80.0,16.4
화계,6,150.3,55.3
화계,7,416.6,87.3
화계,8,483.2,223.9
화계,9,306.8,208.0
화계,10,256.8,174.4
화계,11,242.8,173.0
화계,12,285.8,177.9
화계,13,214.7,183.5
화계,14,197.0,166.5
화계,15,206.4,204.5
화계,16,200.3,225.8
화계,17,160.3,238.0
화계,18,158.2,333.1
화계,19,113.0,315.1
화계,20,69.1,205.5
화계,21,47.7,166.3
화계,22,34.6,140.8
화계,23,15.7,85.3
화곡,0,23.8,262.5
화곡,4,21.0,0.3
화곡,5,779.2,57.4
화곡,6,1457.6,337.4
화곡,7,3931.8,532.5
화곡,8,4861.5,1132.5
화곡,9,2452.3,865.6
화곡,10,1550.9,663.4
화곡,11,1363.7,703.2
화곡,12,1434.6,829.0
화곡,13,1316.7,926.0
화곡,14,1127.3,1073.1
화곡,15,1064.5,1302.3
화곡,16,1169.2,1732.2
화곡,17,1336.2,2321.4
화곡,18,1322.3,4196.3
화곡,19,790.1,2840.2
화곡,20,624.4,1807.8
화곡,21,503.6,1730.9
화곡,22,380.9,1463.7
화곡,23,151.7,903.8
화랑대,0,5.3,118.7
화랑대,1,0.0,0.9
화랑대,4,0.4,0.0
화랑대,5,243.7,36.8
화랑대,6,740.0,131.0
화랑대,7,1817.7,260.1
화랑대,8,1654.1,394.5
화랑대,9,815.5,271.9
화랑대,10,533.5,234.8
화랑대,11,479.1,237.5
화랑대,12,512.5,264.7
화랑대,13,510.6,322.1
화랑대,14,407.4,308.8
화랑대,15,434.3,402.4
화랑대,16,496.8,509.6
화랑대,17,484.5,773.7
화랑대,18,391.2,1234.3
화랑대,19,211.5,1018.7
화랑대,20,164.6,598.8
화랑대,21,142.0,519.2
화랑대,22,97.2,478.9
화랑대,23,36.7,327.0
화서,0,3.0,44.9
화서,4,12.6,0.7
화서,5,333.4,44.7
화서,6,848.0,148.7
화서,7,1530.5,216.4
화서,8,1092.9,446.6
화서,9,499.3,347.8
화서,10,391.3,394.1
화서,11,356.2,568.2
화서,12,392.4,614.1
화서,13,399.1,697.4
화서,14,458.1,616.7
화서,15,569.7,648.1
화서,16,726.2,694.6
화서,17,750.2,946.7
화서,18,737.2,1535.3
화서,19,557.3,1105.5
화서,20,487.7,616.4
화서,21,460.5,468.9
화서,22,357.6,414.6
화서,23,70.4,258.7
화정,0,21.0,94.0
화정,1,0.0,0.0
화정,4,5.6,0.1
화정,5,422.7,52.2
화정,6,812.5,243.5
화정,7,1746.3,442.6
화정,8,1718.8,1155.3
화정,9,1062.6,794.0
화정,10,951.2,728.8
화정,11,907.7,756.7
화정,12,932.6,819.1
화정,13,927.8,865.8
화정,14,885.8,886.9
화정,15,979.0,1060.9
화정,16,1016.9,1161.3
화정,17,1022.8,1446.2
화정,18,969.5,1920.2
화정,19,576.0,1541.3
화정,20,541.1,992.0
화정,21,510.7,873.3
화정,22,403.0,811.4
화정,23,153.8,439.2
회기,0,21.5,206.1
회기,4,37.4,1.2
회기,5,398.8,135.9
회기,6,811.6,454.1
회기,7,2038.6,1018.9
회기,8,2619.7,1628.1
회기,9,1706.4,1085.5
회기,10,1338.3,923.0
회기,11,1317.6,802.3
회기,12,1373.3,1010.2
회기,13,1390.1,1115.5
회기,14,1328.1,1003.4
회기,15,1545.7,1101.2
회기,16,1678.3,1326.6
회기,17,1906.6,1661.1
회기,18,1543.9,2458.5
회기,19,894.0,1918.2
회기,20,759.8,1302.3
회기,21,723.8,1404.9
회기,22,683.1,1458.2
회기,23,309.2,972.7
회룡,0,11.0,156.8
회룡,4,69.5,0.6
회룡,5,516.5,69.6
회룡,6,1031.9,205.1
회룡,7,1883.2,341.7
회룡,8,1640.0,444.5
회룡,9,1022.7,423.4
회룡,10,875.3,405.4
회룡,11,795.8,467.6
회룡,12,751.5,534.5
회룡,13,643.2,587.8
회룡,14,551.8,630.4
회룡,15,553.7,778.9
회룡,16,523.7,945.8
회룡,17,519.7,1144.5
회룡,18,440.4,1531.6
회룡,19,276.2,1374.3
회룡,20,227.0,831.1
회룡,21,183.0,676.1
회룡,22,109.8,562.0
회룡,23,59.7,334.2
회현,0,21.1,39.8
회현,1,0.1,1.3
회현,4,0.7,0.1
회현,5,49.7,28.5
회현,6,105.8,742.7
회현,7,182.1,2009.8
회현,8,308.2,5215.3
회현,9,466.7,3494.7
회현,10,734.6,2965.9
회현,11,1127.2,2745.5
회현,12,1435.4,2211.0
회현,13,1762.6,1955.4
회현,14,2156.5,1778.8
회현,15,2543.9,1481.5
회현,16,3127.4,1174.5
회현,17,4028.8,947.9
회현,18,4192.1,773.0
회현,19,2035.5,453.8
회현,20,1840.8,270.6
회현,21,778.1,258.9
회현,22,418.6,228.6
회현,23,150.9,131.3
효창공원앞,0,15.6,75.5
효창공원앞,4,0.3,0.1
효창공원앞,5,108.3,37.6
효창공원앞,6,261.0,225.2
효창공원앞,7,806.7,398.8
효창공원앞,8,1243.3,1368.0
효창공원앞,9,729.1,716.9
효창공원앞,10,496.5,401.2
효창공원앞,11,464.1,373.9
효창공원앞,12,498.5,400.4
효창공원앞,13,509.5,446.0
효창공원앞,14,450.4,427.7
효창공원앞,15,513.6,457.7
효창공원앞,16,612.4,555.0
효창공원앞,17,833.8,688.4
효창공원앞,18,1233.5,1023.6
효창공원앞,19,504.7,702.1
효창공원앞,20,341.7,498.5
효창공원앞,21,279.1,423.3
효창공원앞,22,217.7,389.7
효창공원앞,23,106.0,263.3
흑석,0,21.4,71.1
흑석,1,0.0,1.5
흑석,4,0.0,0.0
흑석,5,118.6,51.4
흑석,6,248.6,267.1
흑석,7,644.1,433.6
흑석,8,793.3,682.2
흑석,9,520.8,505.4
흑석,10,430.5,398.7
흑석,11,432.5,377.0
흑석,12,462.4,436.5
흑석,13,501.3,421.0
흑석,14,482.0,402.0
흑석,15,554.7,430.4
흑석,16,648.6,481.9
흑석,17,856.0,709.6
흑석,18,535.1,938.0
흑석,19,346.4,622.5
흑석,20,304.9,431.8
흑석,21,260.3,367.8
흑석,22,189.8,340.7
흑석,23,84.4,187.0
흥선,5,27.6,3.3
흥선,6,131.6,2.9
흥선,7,161.3,3.5
흥선,8,75.6,5.1
흥선,9,35.1,5.6
흥선,10,17.2,3.5
흥선,11,17.5,5.8
흥선,12,22.2,16.6
흥선,13,10.0,13.0
흥선,14,10.9,22.9
흥선,15,4.7,36.8
흥선,16,11.7,62.7
흥선,17,4.5,118.0
흥선,18,1.5,130.9
흥선,19,0.0,46.9
흥선,20,1.7,25.9
흥선,21,0.0,26.6
흥선,22,0.0,3.0
